output_label,output_name,output_path,origin,augmentation,source_path,source_sha256
extension_superficial,ISIC_SSM_0001.jpg,c:\Users\elpro\Documents\Github\melanoma\imagenes\dataset_balanceado_1200_estructura_original\Extensión Superficial\ISIC_SSM_0001.jpg,source,original,c:\Users\elpro\Documents\Github\melanoma\imagenes\IMAGENES DEMARTOLOGICAS\Extensión Superficial\mel.jpg,b67afeadff8bff64cb20f4b3ebab31c5fe8888a581f8ca3d86aa61f7273bdf68
extension_superficial,ISIC_SSM_0002.jpg,c:\Users\elpro\Documents\Github\melanoma\imagenes\dataset_balanceado_1200_estructura_original\Extensión Superficial\ISIC_SSM_0002.jpg,source,original,c:\Users\elpro\Documents\Github\melanoma\imagenes\IMAGENES DEMARTOLOGICAS\Extensión Superficial\mel_sup33.jpg,84a69f42f3604b9b0fd28ec5b9754409bcdcc7d970a27dfb049690a16882fe72
extension_superficial,ISIC_SSM_0003.jpg,c:\Users\elpro\Documents\Github\melanoma\imagenes\dataset_balanceado_1200_estructura_original\Extensión Superficial\ISIC_SSM_0003.jpg,source,original,c:\Users\elpro\Documents\Github\melanoma\imagenes\IMAGENES DEMARTOLOGICAS\Extensión Superficial\mel_sup1.jpg,eb04407be111800e3786aa5bdecbab1c781c341f79f93989cce6805644191ca8
extension_superficial,ISIC_SSM_0004.jpg,c:\Users\elpro\Documents\Github\melanoma\imagenes\dataset_balanceado_1200_estructura_original\Extensión Superficial\ISIC_SSM_0004.jpg,source,original,c:\Users\elpro\Documents\Github\melanoma\imagenes\IMAGENES DEMARTOLOGICAS\Extensión Superficial\mel_sup15.jpg,4a1496a6aa8b9a8f4fdd38aafa0b9c95585bdc042f39a25165390a3edaa581df
extension_superficial,ISIC_SSM_0005.jpg,c:\Users\elpro\Documents\Github\melanoma\imagenes\dataset_balanceado_1200_estructura_original\Extensión Superficial\ISIC_SSM_0005.jpg,source,original,c:\Users\elpro\Documents\Github\melanoma\imagenes\IMAGENES DEMARTOLOGICAS\Extensión Superficial\mel_sup16.jpg,6b280e8b114fe80f6410fd92eaeb1c44e23a207edf9b8d9f5d38eb53d6733e5d
extension_superficial,ISIC_SSM_0006.jpg,c:\Users\elpro\Documents\Github\melanoma\imagenes\dataset_balanceado_1200_estructura_original\Extensión Superficial\ISIC_SSM_0006.jpg,source,original,c:\Users\elpro\Documents\Github\melanoma\imagenes\IMAGENES DEMARTOLOGICAS\Extensión Superficial\mel_sup32.jpg,7a2b9c2883c2dbd05cd48d5a112224a27d8910011608b8c43ae7f428a0e13a06
extension_superficial,ISIC_SSM_0007.jpg,c:\Users\elpro\Documents\Github\melanoma\imagenes\dataset_balanceado_1200_estructura_original\Extensión Superficial\ISIC_SSM_0007.jpg,source,original,c:\Users\elpro\Documents\Github\melanoma\imagenes\IMAGENES DEMARTOLOGICAS\Extensión Superficial\extension.jpg,ed2bf1e2b5bcf832e827bf6feb64180d3a3eb558f8974334a9329a5fbad0ea45
extension_superficial,ISIC_SSM_0008.jpg,c:\Users\elpro\Documents\Github\melanoma\imagenes\dataset_balanceado_1200_estructura_original\Extensión Superficial\ISIC_SSM_0008.jpg,source,original,c:\Users\elpro\Documents\Github\melanoma\imagenes\IMAGENES DEMARTOLOGICAS\Extensión Superficial\ssm11__ProtectWyJQcm90ZWN0Il0_FocusFillWzI5NCwyMjIsIngiLDFd.jpg,f9084c542e43ea57db9407eccda3716f91025dab9825280d3487f4ece7570562
extension_superficial,ISIC_SSM_0009.jpg,c:\Users\elpro\Documents\Github\melanoma\imagenes\dataset_balanceado_1200_estructura_original\Extensión Superficial\ISIC_SSM_0009.jpg,source,original,c:\Users\elpro\Documents\Github\melanoma\imagenes\IMAGENES DEMARTOLOGICAS\Extensión Superficial\ssm23__ProtectWyJQcm90ZWN0Il0_FocusFillWzI5NCwyMjIsIngiLDFd.jpg,a6e2bed990dcd085ff3c0eeddc5a70e1881b3caae6e233d39eeabcd95dd81215
extension_superficial,ISIC_SSM_0010.jpg,c:\Users\elpro\Documents\Github\melanoma\imagenes\dataset_balanceado_1200_estructura_original\Extensión Superficial\ISIC_SSM_0010.jpg,source,original,c:\Users\elpro\Documents\Github\melanoma\imagenes\IMAGENES DEMARTOLOGICAS\Extensión Superficial\big-melanoma__ProtectWyJQcm90ZWN0Il0_FocusFillWzI5NCwyMjIsIngiLDE5XQ.jpg,72c950354d2ee365fa315ecb7b73dc7cf88aaac04b98a4f9a48052bd30fccf92
extension_superficial,ISIC_SSM_0011.jpg,c:\Users\elpro\Documents\Github\melanoma\imagenes\dataset_balanceado_1200_estructura_original\Extensión Superficial\ISIC_SSM_0011.jpg,source,original,c:\Users\elpro\Documents\Github\melanoma\imagenes\IMAGENES DEMARTOLOGICAS\Extensión Superficial\mel_sup9.jpg,3a3bff026ca2409a67836479c8ed3d2170e70352835617f080f986abb7ff6257
extension_superficial,ISIC_SSM_0012.jpg,c:\Users\elpro\Documents\Github\melanoma\imagenes\dataset_balanceado_1200_estructura_original\Extensión Superficial\ISIC_SSM_0012.jpg,source,original,c:\Users\elpro\Documents\Github\melanoma\imagenes\IMAGENES DEMARTOLOGICAS\Extensión Superficial\mel_sup25.jpg,b26733673b3beeae5f52f23451d3053896fd967c0b00ee52171ad031dc471680
extension_superficial,ISIC_SSM_0013.jpg,c:\Users\elpro\Documents\Github\melanoma\imagenes\dataset_balanceado_1200_estructura_original\Extensión Superficial\ISIC_SSM_0013.jpg,source,original,c:\Users\elpro\Documents\Github\melanoma\imagenes\IMAGENES DEMARTOLOGICAS\Extensión Superficial\mel_sup10.jpg,a38c282cb12a02c21936df6739a80783d81a9e61e9096833eae2cb09841e4994
extension_superficial,ISIC_SSM_0014.jpg,c:\Users\elpro\Documents\Github\melanoma\imagenes\dataset_balanceado_1200_estructura_original\Extensión Superficial\ISIC_SSM_0014.jpg,source,original,c:\Users\elpro\Documents\Github\melanoma\imagenes\IMAGENES DEMARTOLOGICAS\Extensión Superficial\superficial-spreading-melanoma-0006__WatermarkedWyJXYXRlcm1hcmtlZCJd-150x150.jpg,d27e6d819e32b118cfa225b5ea19bec12626d1ce4a3419f809e975e6573c869e
extension_superficial,ISIC_SSM_0015.jpg,c:\Users\elpro\Documents\Github\melanoma\imagenes\dataset_balanceado_1200_estructura_original\Extensión Superficial\ISIC_SSM_0015.jpg,source,original,c:\Users\elpro\Documents\Github\melanoma\imagenes\IMAGENES DEMARTOLOGICAS\Extensión Superficial\mel_sup7.jpg,a33f0b712004add2b3344e466adabaf688b01258e3da6efa51b51e79ae13095e
extension_superficial,ISIC_SSM_0016.jpg,c:\Users\elpro\Documents\Github\melanoma\imagenes\dataset_balanceado_1200_estructura_original\Extensión Superficial\ISIC_SSM_0016.jpg,source,original,c:\Users\elpro\Documents\Github\melanoma\imagenes\IMAGENES DEMARTOLOGICAS\Extensión Superficial\mel_sup5.jpg,de7705e2652b4f1f4589aa5cfacbc1b872acef056ab32b0a09960ac394bd3aa0
extension_superficial,ISIC_SSM_0017.jpg,c:\Users\elpro\Documents\Github\melanoma\imagenes\dataset_balanceado_1200_estructura_original\Extensión Superficial\ISIC_SSM_0017.jpg,source,original,c:\Users\elpro\Documents\Github\melanoma\imagenes\IMAGENES DEMARTOLOGICAS\Extensión Superficial\ext_se.jpg,080109ceec5af30a3b20be2c5551cec0379586e08ffde433ffc41a969c976d83
extension_superficial,ISIC_SSM_0018.jpg,c:\Users\elpro\Documents\Github\melanoma\imagenes\dataset_balanceado_1200_estructura_original\Extensión Superficial\ISIC_SSM_0018.jpg,source,original,c:\Users\elpro\Documents\Github\melanoma\imagenes\IMAGENES DEMARTOLOGICAS\Extensión Superficial\mel_sup12.jpg,7b1ad86f834386574b4422d0ee0080cf23bafa63e927814c4d11a4f8521465ff
extension_superficial,ISIC_SSM_0019.jpg,c:\Users\elpro\Documents\Github\melanoma\imagenes\dataset_balanceado_1200_estructura_original\Extensión Superficial\ISIC_SSM_0019.jpg,source,original,c:\Users\elpro\Documents\Github\melanoma\imagenes\IMAGENES DEMARTOLOGICAS\Extensión Superficial\mel_sup8.jpg,e0c047b18963f51c28a90c7e6ab39f96638e30a258541bab99aca3f0eb77b9ce
extension_superficial,ISIC_SSM_0020.jpg,c:\Users\elpro\Documents\Github\melanoma\imagenes\dataset_balanceado_1200_estructura_original\Extensión Superficial\ISIC_SSM_0020.jpg,source,original,c:\Users\elpro\Documents\Github\melanoma\imagenes\IMAGENES DEMARTOLOGICAS\Extensión Superficial\ssm15__ProtectWyJQcm90ZWN0Il0_FocusFillWzI5NCwyMjIsIngiLDFd.jpg,136cf6f50d0717351a5e04b3f1f0fb8fafc187e19d7182cba8733a92a0ae39bd
extension_superficial,ISIC_SSM_0021.jpg,c:\Users\elpro\Documents\Github\melanoma\imagenes\dataset_balanceado_1200_estructura_original\Extensión Superficial\ISIC_SSM_0021.jpg,source,original,c:\Users\elpro\Documents\Github\melanoma\imagenes\IMAGENES DEMARTOLOGICAS\Extensión Superficial\istockphoto-1198139374-612x612.jpg,a26c1a9d76aa72347943cc0c83d86eed81df1dc299779b0fdae7985685f614d9
extension_superficial,ISIC_SSM_0022.jpg,c:\Users\elpro\Documents\Github\melanoma\imagenes\dataset_balanceado_1200_estructura_original\Extensión Superficial\ISIC_SSM_0022.jpg,source,original,c:\Users\elpro\Documents\Github\melanoma\imagenes\IMAGENES DEMARTOLOGICAS\Extensión Superficial\istockphoto-842191076-612x612.jpg,3a583184a5c91c3de94cbe99b479eb8ba421d8ac7d01c0e3aa520cce4639f9df
extension_superficial,ISIC_SSM_0023.jpg,c:\Users\elpro\Documents\Github\melanoma\imagenes\dataset_balanceado_1200_estructura_original\Extensión Superficial\ISIC_SSM_0023.jpg,source,original,c:\Users\elpro\Documents\Github\melanoma\imagenes\IMAGENES DEMARTOLOGICAS\Extensión Superficial\ssm19__ProtectWyJQcm90ZWN0Il0_FocusFillWzI5NCwyMjIsIngiLDFd.jpg,ff8edab7bc7b3c173941be06d60265f7d9068e392a53fac4673ad6bf1604e10d
extension_superficial,ISIC_SSM_0024.jpg,c:\Users\elpro\Documents\Github\melanoma\imagenes\dataset_balanceado_1200_estructura_original\Extensión Superficial\ISIC_SSM_0024.jpg,source,original,c:\Users\elpro\Documents\Github\melanoma\imagenes\IMAGENES DEMARTOLOGICAS\Extensión Superficial\ssm16__ProtectWyJQcm90ZWN0Il0_FocusFillWzI5NCwyMjIsIngiLDI4XQ.jpg,7ec833fc5e831426bff15daf932f4f0a472da5270e0b3e501748f8de49a1f41f
extension_superficial,ISIC_SSM_0025.jpg,c:\Users\elpro\Documents\Github\melanoma\imagenes\dataset_balanceado_1200_estructura_original\Extensión Superficial\ISIC_SSM_0025.jpg,source,original,c:\Users\elpro\Documents\Github\melanoma\imagenes\IMAGENES DEMARTOLOGICAS\Extensión Superficial\superficial-spreading-melanoma-0003__WatermarkedWyJXYXRlcm1hcmtlZCJd-150x150.jpg,cb9421bd775cbacbce910b7131bad9a43a99a02bf67f18d06ad5ee68226787e7
extension_superficial,ISIC_SSM_0026.jpg,c:\Users\elpro\Documents\Github\melanoma\imagenes\dataset_balanceado_1200_estructura_original\Extensión Superficial\ISIC_SSM_0026.jpg,source,original,c:\Users\elpro\Documents\Github\melanoma\imagenes\IMAGENES DEMARTOLOGICAS\Extensión Superficial\mel_sup11.jpg,8743ccbcfba4626e71fea496bbffe69cd102ddef868de620b71d4e8fb880c8ac
extension_superficial,ISIC_SSM_0027.jpg,c:\Users\elpro\Documents\Github\melanoma\imagenes\dataset_balanceado_1200_estructura_original\Extensión Superficial\ISIC_SSM_0027.jpg,source,original,c:\Users\elpro\Documents\Github\melanoma\imagenes\IMAGENES DEMARTOLOGICAS\Extensión Superficial\mel_sup14.jpg,0141d9613149a1f2612a8f86814b479eeabb7ca6abb14e493bfc8fa9232e117b
extension_superficial,ISIC_SSM_0028.jpg,c:\Users\elpro\Documents\Github\melanoma\imagenes\dataset_balanceado_1200_estructura_original\Extensión Superficial\ISIC_SSM_0028.jpg,source,original,c:\Users\elpro\Documents\Github\melanoma\imagenes\IMAGENES DEMARTOLOGICAS\Extensión Superficial\istockphoto-175397219-612x612.jpg,d1a2ecfc65c855672df54076ad17f883d921bf01acef7df86e336d6fc56dbf14
extension_superficial,ISIC_SSM_0029.jpg,c:\Users\elpro\Documents\Github\melanoma\imagenes\dataset_balanceado_1200_estructura_original\Extensión Superficial\ISIC_SSM_0029.jpg,source,original,c:\Users\elpro\Documents\Github\melanoma\imagenes\IMAGENES DEMARTOLOGICAS\Extensión Superficial\ssm20__ProtectWyJQcm90ZWN0Il0_FocusFillWzI5NCwyMjIsIngiLDFd.jpg,8ccd95ddfe9df0665aea8bad49317bde8ebc92a486fd8ff62483a359340dba92
extension_superficial,ISIC_SSM_0030.jpg,c:\Users\elpro\Documents\Github\melanoma\imagenes\dataset_balanceado_1200_estructura_original\Extensión Superficial\ISIC_SSM_0030.jpg,source,original,c:\Users\elpro\Documents\Github\melanoma\imagenes\IMAGENES DEMARTOLOGICAS\Extensión Superficial\ssm1__ProtectWyJQcm90ZWN0Il0_FocusFillWzI5NCwyMjIsIngiLDFd.jpg,e50932d69e86e0a2500841eea960a1dba46a2fe3a8ac75829e72be542b753606
extension_superficial,ISIC_SSM_0031.jpg,c:\Users\elpro\Documents\Github\melanoma\imagenes\dataset_balanceado_1200_estructura_original\Extensión Superficial\ISIC_SSM_0031.jpg,source,original,c:\Users\elpro\Documents\Github\melanoma\imagenes\IMAGENES DEMARTOLOGICAS\Extensión Superficial\mel_sup6.jpg,701c9c4f3e947430d562fd601f56a00451146c777f3d2104155c29363b1ef65a
extension_superficial,ISIC_SSM_0032.jpg,c:\Users\elpro\Documents\Github\melanoma\imagenes\dataset_balanceado_1200_estructura_original\Extensión Superficial\ISIC_SSM_0032.jpg,source,original,c:\Users\elpro\Documents\Github\melanoma\imagenes\IMAGENES DEMARTOLOGICAS\Extensión Superficial\mel_sup2.jpg,a0c3c15d4005aa3f0d1fb4a228852a47fd61ddede555ae33d829f2e640b38836
extension_superficial,ISIC_SSM_0033.jpg,c:\Users\elpro\Documents\Github\melanoma\imagenes\dataset_balanceado_1200_estructura_original\Extensión Superficial\ISIC_SSM_0033.jpg,source,original,c:\Users\elpro\Documents\Github\melanoma\imagenes\IMAGENES DEMARTOLOGICAS\Extensión Superficial\ssm14__ProtectWyJQcm90ZWN0Il0_FocusFillWzI5NCwyMjIsIngiLDFd.jpg,b822ba72b2e84eca045e564430f6148a67103cc96e5e3352f8317770e2c64cef
extension_superficial,ISIC_SSM_0034.jpg,c:\Users\elpro\Documents\Github\melanoma\imagenes\dataset_balanceado_1200_estructura_original\Extensión Superficial\ISIC_SSM_0034.jpg,source,original,c:\Users\elpro\Documents\Github\melanoma\imagenes\IMAGENES DEMARTOLOGICAS\Extensión Superficial\mel_sup19.jpg,96fa85a35c637f046e77f4d765926890f05199b8e7c6d763323036310bf3234a
extension_superficial,ISIC_SSM_0035.jpg,c:\Users\elpro\Documents\Github\melanoma\imagenes\dataset_balanceado_1200_estructura_original\Extensión Superficial\ISIC_SSM_0035.jpg,source,original,c:\Users\elpro\Documents\Github\melanoma\imagenes\IMAGENES DEMARTOLOGICAS\Extensión Superficial\mel_sup4.jpg,dd678ad042929f36b7eb6102726ee1f856d4760dbb594e1490e15226e4eddc12
extension_superficial,ISIC_SSM_0036.jpg,c:\Users\elpro\Documents\Github\melanoma\imagenes\dataset_balanceado_1200_estructura_original\Extensión Superficial\ISIC_SSM_0036.jpg,source,original,c:\Users\elpro\Documents\Github\melanoma\imagenes\IMAGENES DEMARTOLOGICAS\Extensión Superficial\mel_sup3.jpg,4a6ecb4d25299f71796582d4eadd9613c64ea84ade6a4a05d51dbde00c756fe8
extension_superficial,ISIC_SSM_0037.jpg,c:\Users\elpro\Documents\Github\melanoma\imagenes\dataset_balanceado_1200_estructura_original\Extensión Superficial\ISIC_SSM_0037.jpg,source,original,c:\Users\elpro\Documents\Github\melanoma\imagenes\IMAGENES DEMARTOLOGICAS\Extensión Superficial\mel_sup23.jpg,b0afb17adf5dfcb8c819791dde79c3ae72e20584324dc857e53f6cb10d6bf326
extension_superficial,ISIC_SSM_0038.jpg,c:\Users\elpro\Documents\Github\melanoma\imagenes\dataset_balanceado_1200_estructura_original\Extensión Superficial\ISIC_SSM_0038.jpg,source,original,c:\Users\elpro\Documents\Github\melanoma\imagenes\IMAGENES DEMARTOLOGICAS\Extensión Superficial\ssm10__ProtectWyJQcm90ZWN0Il0_FocusFillWzI5NCwyMjIsIngiLDFd.jpg,ccc7b86563a0406d5dfd1c256cfec86af1184192b616bf77fab74db03b756a6d
extension_superficial,ISIC_SSM_0039.jpg,c:\Users\elpro\Documents\Github\melanoma\imagenes\dataset_balanceado_1200_estructura_original\Extensión Superficial\ISIC_SSM_0039.jpg,source,original,c:\Users\elpro\Documents\Github\melanoma\imagenes\IMAGENES DEMARTOLOGICAS\Extensión Superficial\ssm3__ProtectWyJQcm90ZWN0Il0_FocusFillWzI5NCwyMjIsIngiLDFd.jpg,a6623033ac67d3c6cfc29596fc99279a47526c55fee38381c450f85fb4872522
extension_superficial,ISIC_SSM_0040.jpg,c:\Users\elpro\Documents\Github\melanoma\imagenes\dataset_balanceado_1200_estructura_original\Extensión Superficial\ISIC_SSM_0040.jpg,source,original,c:\Users\elpro\Documents\Github\melanoma\imagenes\IMAGENES DEMARTOLOGICAS\Extensión Superficial\mel_sup34.jpg,e9df38193fec05f6d7ce3274fa7e1bb83d6e6940829f2a01bf5f65221c50db98
extension_superficial,ISIC_SSM_0041.jpg,c:\Users\elpro\Documents\Github\melanoma\imagenes\dataset_balanceado_1200_estructura_original\Extensión Superficial\ISIC_SSM_0041.jpg,source,original,c:\Users\elpro\Documents\Github\melanoma\imagenes\IMAGENES DEMARTOLOGICAS\Extensión Superficial\mel_sup31.jpg,4ed2e5f4a0c40ff949025a90692b1831abe675d96c8578400a1f3c1cf1184585
extension_superficial,ISIC_SSM_0042.jpg,c:\Users\elpro\Documents\Github\melanoma\imagenes\dataset_balanceado_1200_estructura_original\Extensión Superficial\ISIC_SSM_0042.jpg,source,original,c:\Users\elpro\Documents\Github\melanoma\imagenes\IMAGENES DEMARTOLOGICAS\Extensión Superficial\ssm36__ProtectWyJQcm90ZWN0Il0_FocusFillWzI5NCwyMjIsIngiLDFd.jpg,d7e3ded06860ef7b43665736f7b9d184f6ac74fecdf62a9db56fc6008a792af8
extension_superficial,ISIC_SSM_0043.jpg,c:\Users\elpro\Documents\Github\melanoma\imagenes\dataset_balanceado_1200_estructura_original\Extensión Superficial\ISIC_SSM_0043.jpg,source,original,c:\Users\elpro\Documents\Github\melanoma\imagenes\IMAGENES DEMARTOLOGICAS\Extensión Superficial\mel_sup22.jpg,f8bb79331a03dc13826efb30f84d9e323fe344ad69aa096b3fa0d4686d42539b
extension_superficial,ISIC_SSM_0044.jpg,c:\Users\elpro\Documents\Github\melanoma\imagenes\dataset_balanceado_1200_estructura_original\Extensión Superficial\ISIC_SSM_0044.jpg,source,original,c:\Users\elpro\Documents\Github\melanoma\imagenes\IMAGENES DEMARTOLOGICAS\Extensión Superficial\mel_sup29.jpg,07d80b9512309546df019990439a80df0afc5c13d66f41787fc2d8fcd2ffe010
extension_superficial,ISIC_SSM_0045.jpg,c:\Users\elpro\Documents\Github\melanoma\imagenes\dataset_balanceado_1200_estructura_original\Extensión Superficial\ISIC_SSM_0045.jpg,source,original,c:\Users\elpro\Documents\Github\melanoma\imagenes\IMAGENES DEMARTOLOGICAS\Extensión Superficial\mel_sup20.jpg,9d66420a1cf67ef13c58165b9d6778a566f5df216172cae23f2004b4c952d111
extension_superficial,ISIC_SSM_0046.jpg,c:\Users\elpro\Documents\Github\melanoma\imagenes\dataset_balanceado_1200_estructura_original\Extensión Superficial\ISIC_SSM_0046.jpg,source,original,c:\Users\elpro\Documents\Github\melanoma\imagenes\IMAGENES DEMARTOLOGICAS\Extensión Superficial\Copia de ssm39__ProtectWyJQcm90ZWN0Il0_FocusFillWzI5NCwyMjIsIngiLDFd.jpg,b5c05a6b0fd4bc8cea35b8b9e95dddedede0a8371e60aab066e8db7c5fdb670b
extension_superficial,ISIC_SSM_0047.jpg,c:\Users\elpro\Documents\Github\melanoma\imagenes\dataset_balanceado_1200_estructura_original\Extensión Superficial\ISIC_SSM_0047.jpg,source,original,c:\Users\elpro\Documents\Github\melanoma\imagenes\IMAGENES DEMARTOLOGICAS\Extensión Superficial\mel_sup21.jpg,1aaafe7d670d8d1f76052350ca3e25bbf8e22869be32700da2bc09fdb912771e
extension_superficial,ISIC_SSM_0048.jpg,c:\Users\elpro\Documents\Github\melanoma\imagenes\dataset_balanceado_1200_estructura_original\Extensión Superficial\ISIC_SSM_0048.jpg,source,original,c:\Users\elpro\Documents\Github\melanoma\imagenes\IMAGENES DEMARTOLOGICAS\Extensión Superficial\mel_sup26.jpg,ad78db0919efe3fa01aa14680150eef9b0fe7e97091b14b7c2a3f3a0bbda74ba
extension_superficial,ISIC_SSM_0049.jpg,c:\Users\elpro\Documents\Github\melanoma\imagenes\dataset_balanceado_1200_estructura_original\Extensión Superficial\ISIC_SSM_0049.jpg,source,original,c:\Users\elpro\Documents\Github\melanoma\imagenes\IMAGENES DEMARTOLOGICAS\Extensión Superficial\mel_sup24.jpg,e3e3a162eac5900787cf84cc9bee6902f40de8c0d8829cca71211a2542888443
extension_superficial,ISIC_SSM_0050.jpg,c:\Users\elpro\Documents\Github\melanoma\imagenes\dataset_balanceado_1200_estructura_original\Extensión Superficial\ISIC_SSM_0050.jpg,source,original,c:\Users\elpro\Documents\Github\melanoma\imagenes\IMAGENES DEMARTOLOGICAS\Extensión Superficial\mel_sup18.jpg,ce77ce7e8949ea74fc639c0da212babbfbc48dc37bedd02483e8ec7b923cd8fa
extension_superficial,ISIC_SSM_0051.jpg,c:\Users\elpro\Documents\Github\melanoma\imagenes\dataset_balanceado_1200_estructura_original\Extensión Superficial\ISIC_SSM_0051.jpg,source,original,c:\Users\elpro\Documents\Github\melanoma\imagenes\IMAGENES DEMARTOLOGICAS\Extensión Superficial\ssm18__ProtectWyJQcm90ZWN0Il0_FocusFillWzI5NCwyMjIsInkiLDM2XQ.jpg,29eb1451ed99e08c7ec9beab011ba95c2ae2af22c286239ae643ce0f8e0188f5
extension_superficial,ISIC_SSM_0052.jpg,c:\Users\elpro\Documents\Github\melanoma\imagenes\dataset_balanceado_1200_estructura_original\Extensión Superficial\ISIC_SSM_0052.jpg,source,original,c:\Users\elpro\Documents\Github\melanoma\imagenes\IMAGENES DEMARTOLOGICAS\Extensión Superficial\mel_sup30.jpg,f3744c6e1037f6ec07b31d60a980afd52264a24c0355a5187b3fc243f3d3a04f
extension_superficial,ISIC_SSM_0053.jpg,c:\Users\elpro\Documents\Github\melanoma\imagenes\dataset_balanceado_1200_estructura_original\Extensión Superficial\ISIC_SSM_0053.jpg,source,original,c:\Users\elpro\Documents\Github\melanoma\imagenes\IMAGENES DEMARTOLOGICAS\Extensión Superficial\ssm25__ProtectWyJQcm90ZWN0Il0_FocusFillWzI5NCwyMjIsIngiLDE1XQ.jpg,350b9995deb7e387f9f428c27bab891da10041aeb32a53f54ae41a792e09e62f
extension_superficial,ISIC_SSM_0054.jpg,c:\Users\elpro\Documents\Github\melanoma\imagenes\dataset_balanceado_1200_estructura_original\Extensión Superficial\ISIC_SSM_0054.jpg,source,original,c:\Users\elpro\Documents\Github\melanoma\imagenes\IMAGENES DEMARTOLOGICAS\Extensión Superficial\mel_sup17.jpg,5c4856172673d88b56b09e9865035c7aac9901a5879e2cf4e36896aa4eb15e1a
extension_superficial,ISIC_SSM_0055.jpg,c:\Users\elpro\Documents\Github\melanoma\imagenes\dataset_balanceado_1200_estructura_original\Extensión Superficial\ISIC_SSM_0055.jpg,source,original,c:\Users\elpro\Documents\Github\melanoma\imagenes\IMAGENES DEMARTOLOGICAS\Extensión Superficial\superficial-spreading-melanoma-0008__WatermarkedWyJXYXRlcm1hcmtlZCJd-150x150.jpg,6157456bffed7ff8ea4a60b364590c12b71551c4827aa8878aa91f8e03937726
extension_superficial,ISIC_SSM_0056.jpg,c:\Users\elpro\Documents\Github\melanoma\imagenes\dataset_balanceado_1200_estructura_original\Extensión Superficial\ISIC_SSM_0056.jpg,source,original,c:\Users\elpro\Documents\Github\melanoma\imagenes\IMAGENES DEMARTOLOGICAS\Extensión Superficial\mel_sup27.jpg,6cd4aaef07d43d33489027710b7461272a92d047a572a6896b7127e5db79ee32
extension_superficial,ISIC_SSM_0057.jpg,c:\Users\elpro\Documents\Github\melanoma\imagenes\dataset_balanceado_1200_estructura_original\Extensión Superficial\ISIC_SSM_0057.jpg,source,original,c:\Users\elpro\Documents\Github\melanoma\imagenes\IMAGENES DEMARTOLOGICAS\Extensión Superficial\mel_sup13.jpg,d825ab63a1f003f41840f774f4bbc1a41d988413a407783e47b283f18f1790c0
extension_superficial,ISIC_SSM_0058.jpg,c:\Users\elpro\Documents\Github\melanoma\imagenes\dataset_balanceado_1200_estructura_original\Extensión Superficial\ISIC_SSM_0058.jpg,source,original,c:\Users\elpro\Documents\Github\melanoma\imagenes\IMAGENES DEMARTOLOGICAS\Extensión Superficial\ssm2__ProtectWyJQcm90ZWN0Il0_FocusFillWzI5NCwyMjIsIngiLDFd.jpg,06023b105cafbe7548a0e7ad830a386756e66a92361ffefcbc1d8fa69e06ff12
extension_superficial,ISIC_SSM_0059.jpg,c:\Users\elpro\Documents\Github\melanoma\imagenes\dataset_balanceado_1200_estructura_original\Extensión Superficial\ISIC_SSM_0059.jpg,source,original,c:\Users\elpro\Documents\Github\melanoma\imagenes\IMAGENES DEMARTOLOGICAS\Extensión Superficial\ssm17__ProtectWyJQcm90ZWN0Il0_FocusFillWzI5NCwyMjIsIngiLDFd.jpg,33dc4f46a0270a0a283f3009736efc707e218589cda53c76dc545ea3e7ab7d8d
extension_superficial,ISIC_SSM_0060.jpg,c:\Users\elpro\Documents\Github\melanoma\imagenes\dataset_balanceado_1200_estructura_original\Extensión Superficial\ISIC_SSM_0060.jpg,source,original,c:\Users\elpro\Documents\Github\melanoma\imagenes\IMAGENES DEMARTOLOGICAS\Extensión Superficial\mel_sup28.jpg,caed733e5422435f488c068f40bba602fd3e82bf24dcde0408206b8eaf876937
extension_superficial,ISIC_SSM_0061.jpg,c:\Users\elpro\Documents\Github\melanoma\imagenes\dataset_balanceado_1200_estructura_original\Extensión Superficial\ISIC_SSM_0061.jpg,augmented_from_source,rot_-8+bright_1.019+contrast_1.049+color_0.927+sharp_0.996+crop_0.923,c:\Users\elpro\Documents\Github\melanoma\imagenes\IMAGENES DEMARTOLOGICAS\Extensión Superficial\mel.jpg,b67afeadff8bff64cb20f4b3ebab31c5fe8888a581f8ca3d86aa61f7273bdf68
extension_superficial,ISIC_SSM_0062.jpg,c:\Users\elpro\Documents\Github\melanoma\imagenes\dataset_balanceado_1200_estructura_original\Extensión Superficial\ISIC_SSM_0062.jpg,augmented_from_source,flip_h+rot_-8+bright_0.919+contrast_0.965+color_1.027+sharp_1.090+crop_0.955,c:\Users\elpro\Documents\Github\melanoma\imagenes\IMAGENES DEMARTOLOGICAS\Extensión Superficial\mel_sup33.jpg,84a69f42f3604b9b0fd28ec5b9754409bcdcc7d970a27dfb049690a16882fe72
extension_superficial,ISIC_SSM_0063.jpg,c:\Users\elpro\Documents\Github\melanoma\imagenes\dataset_balanceado_1200_estructura_original\Extensión Superficial\ISIC_SSM_0063.jpg,augmented_from_source,flip_v+rot_5+bright_0.971+contrast_1.117+color_1.022+sharp_1.061+crop_0.955,c:\Users\elpro\Documents\Github\melanoma\imagenes\IMAGENES DEMARTOLOGICAS\Extensión Superficial\mel_sup1.jpg,eb04407be111800e3786aa5bdecbab1c781c341f79f93989cce6805644191ca8
extension_superficial,ISIC_SSM_0064.jpg,c:\Users\elpro\Documents\Github\melanoma\imagenes\dataset_balanceado_1200_estructura_original\Extensión Superficial\ISIC_SSM_0064.jpg,augmented_from_source,flip_h+rot_-12+bright_0.896+contrast_1.099+color_1.011+sharp_1.094+crop_0.917,c:\Users\elpro\Documents\Github\melanoma\imagenes\IMAGENES DEMARTOLOGICAS\Extensión Superficial\mel_sup15.jpg,4a1496a6aa8b9a8f4fdd38aafa0b9c95585bdc042f39a25165390a3edaa581df
extension_superficial,ISIC_SSM_0065.jpg,c:\Users\elpro\Documents\Github\melanoma\imagenes\dataset_balanceado_1200_estructura_original\Extensión Superficial\ISIC_SSM_0065.jpg,augmented_from_source,flip_v+rot_180+bright_0.939+contrast_1.015+color_0.962+sharp_1.067+crop_0.972,c:\Users\elpro\Documents\Github\melanoma\imagenes\IMAGENES DEMARTOLOGICAS\Extensión Superficial\mel_sup16.jpg,6b280e8b114fe80f6410fd92eaeb1c44e23a207edf9b8d9f5d38eb53d6733e5d
extension_superficial,ISIC_SSM_0066.jpg,c:\Users\elpro\Documents\Github\melanoma\imagenes\dataset_balanceado_1200_estructura_original\Extensión Superficial\ISIC_SSM_0066.jpg,augmented_from_source,rot_90+bright_1.061+contrast_1.087+color_0.944+sharp_0.982+crop_0.954,c:\Users\elpro\Documents\Github\melanoma\imagenes\IMAGENES DEMARTOLOGICAS\Extensión Superficial\mel_sup32.jpg,7a2b9c2883c2dbd05cd48d5a112224a27d8910011608b8c43ae7f428a0e13a06
extension_superficial,ISIC_SSM_0067.jpg,c:\Users\elpro\Documents\Github\melanoma\imagenes\dataset_balanceado_1200_estructura_original\Extensión Superficial\ISIC_SSM_0067.jpg,augmented_from_source,rot_-12+bright_1.113+contrast_1.087+color_0.922+sharp_1.094+crop_0.955,c:\Users\elpro\Documents\Github\melanoma\imagenes\IMAGENES DEMARTOLOGICAS\Extensión Superficial\extension.jpg,ed2bf1e2b5bcf832e827bf6feb64180d3a3eb558f8974334a9329a5fbad0ea45
extension_superficial,ISIC_SSM_0068.jpg,c:\Users\elpro\Documents\Github\melanoma\imagenes\dataset_balanceado_1200_estructura_original\Extensión Superficial\ISIC_SSM_0068.jpg,augmented_from_source,flip_h+rot_180+bright_0.989+contrast_1.109+color_1.060+sharp_1.003+crop_0.940,c:\Users\elpro\Documents\Github\melanoma\imagenes\IMAGENES DEMARTOLOGICAS\Extensión Superficial\ssm11__ProtectWyJQcm90ZWN0Il0_FocusFillWzI5NCwyMjIsIngiLDFd.jpg,f9084c542e43ea57db9407eccda3716f91025dab9825280d3487f4ece7570562
extension_superficial,ISIC_SSM_0069.jpg,c:\Users\elpro\Documents\Github\melanoma\imagenes\dataset_balanceado_1200_estructura_original\Extensión Superficial\ISIC_SSM_0069.jpg,augmented_from_source,rot_8+bright_1.026+contrast_0.917+color_1.042+sharp_1.058+crop_0.962,c:\Users\elpro\Documents\Github\melanoma\imagenes\IMAGENES DEMARTOLOGICAS\Extensión Superficial\ssm23__ProtectWyJQcm90ZWN0Il0_FocusFillWzI5NCwyMjIsIngiLDFd.jpg,a6e2bed990dcd085ff3c0eeddc5a70e1881b3caae6e233d39eeabcd95dd81215
extension_superficial,ISIC_SSM_0070.jpg,c:\Users\elpro\Documents\Github\melanoma\imagenes\dataset_balanceado_1200_estructura_original\Extensión Superficial\ISIC_SSM_0070.jpg,augmented_from_source,flip_h+flip_v+rot_-8+bright_1.091+contrast_1.080+color_0.969+sharp_0.962+crop_0.970,c:\Users\elpro\Documents\Github\melanoma\imagenes\IMAGENES DEMARTOLOGICAS\Extensión Superficial\big-melanoma__ProtectWyJQcm90ZWN0Il0_FocusFillWzI5NCwyMjIsIngiLDE5XQ.jpg,72c950354d2ee365fa315ecb7b73dc7cf88aaac04b98a4f9a48052bd30fccf92
extension_superficial,ISIC_SSM_0071.jpg,c:\Users\elpro\Documents\Github\melanoma\imagenes\dataset_balanceado_1200_estructura_original\Extensión Superficial\ISIC_SSM_0071.jpg,augmented_from_source,rot_8+bright_1.064+contrast_0.911+color_0.996+sharp_1.060+crop_0.921,c:\Users\elpro\Documents\Github\melanoma\imagenes\IMAGENES DEMARTOLOGICAS\Extensión Superficial\mel_sup9.jpg,3a3bff026ca2409a67836479c8ed3d2170e70352835617f080f986abb7ff6257
extension_superficial,ISIC_SSM_0072.jpg,c:\Users\elpro\Documents\Github\melanoma\imagenes\dataset_balanceado_1200_estructura_original\Extensión Superficial\ISIC_SSM_0072.jpg,augmented_from_source,rot_-12+bright_0.976+contrast_1.041+color_0.980+sharp_1.130+crop_0.936+blur_0.5,c:\Users\elpro\Documents\Github\melanoma\imagenes\IMAGENES DEMARTOLOGICAS\Extensión Superficial\mel_sup25.jpg,b26733673b3beeae5f52f23451d3053896fd967c0b00ee52171ad031dc471680
extension_superficial,ISIC_SSM_0073.jpg,c:\Users\elpro\Documents\Github\melanoma\imagenes\dataset_balanceado_1200_estructura_original\Extensión Superficial\ISIC_SSM_0073.jpg,augmented_from_source,flip_h+rot_12+bright_0.933+contrast_0.897+color_1.021+sharp_0.996+crop_0.972,c:\Users\elpro\Documents\Github\melanoma\imagenes\IMAGENES DEMARTOLOGICAS\Extensión Superficial\mel_sup10.jpg,a38c282cb12a02c21936df6739a80783d81a9e61e9096833eae2cb09841e4994
extension_superficial,ISIC_SSM_0074.jpg,c:\Users\elpro\Documents\Github\melanoma\imagenes\dataset_balanceado_1200_estructura_original\Extensión Superficial\ISIC_SSM_0074.jpg,augmented_from_source,flip_h+rot_8+bright_0.912+contrast_1.105+color_1.011+sharp_1.045+crop_0.963,c:\Users\elpro\Documents\Github\melanoma\imagenes\IMAGENES DEMARTOLOGICAS\Extensión Superficial\superficial-spreading-melanoma-0006__WatermarkedWyJXYXRlcm1hcmtlZCJd-150x150.jpg,d27e6d819e32b118cfa225b5ea19bec12626d1ce4a3419f809e975e6573c869e
extension_superficial,ISIC_SSM_0075.jpg,c:\Users\elpro\Documents\Github\melanoma\imagenes\dataset_balanceado_1200_estructura_original\Extensión Superficial\ISIC_SSM_0075.jpg,augmented_from_source,flip_h+rot_-5+bright_0.979+contrast_1.087+color_0.929+sharp_1.081+crop_0.952,c:\Users\elpro\Documents\Github\melanoma\imagenes\IMAGENES DEMARTOLOGICAS\Extensión Superficial\mel_sup7.jpg,a33f0b712004add2b3344e466adabaf688b01258e3da6efa51b51e79ae13095e
extension_superficial,ISIC_SSM_0076.jpg,c:\Users\elpro\Documents\Github\melanoma\imagenes\dataset_balanceado_1200_estructura_original\Extensión Superficial\ISIC_SSM_0076.jpg,augmented_from_source,flip_v+rot_270+bright_0.926+contrast_0.988+color_0.988+sharp_1.006+crop_0.920,c:\Users\elpro\Documents\Github\melanoma\imagenes\IMAGENES DEMARTOLOGICAS\Extensión Superficial\mel_sup5.jpg,de7705e2652b4f1f4589aa5cfacbc1b872acef056ab32b0a09960ac394bd3aa0
extension_superficial,ISIC_SSM_0077.jpg,c:\Users\elpro\Documents\Github\melanoma\imagenes\dataset_balanceado_1200_estructura_original\Extensión Superficial\ISIC_SSM_0077.jpg,augmented_from_source,bright_1.037+contrast_1.010+color_0.922+sharp_0.969+crop_0.960,c:\Users\elpro\Documents\Github\melanoma\imagenes\IMAGENES DEMARTOLOGICAS\Extensión Superficial\ext_se.jpg,080109ceec5af30a3b20be2c5551cec0379586e08ffde433ffc41a969c976d83
extension_superficial,ISIC_SSM_0078.jpg,c:\Users\elpro\Documents\Github\melanoma\imagenes\dataset_balanceado_1200_estructura_original\Extensión Superficial\ISIC_SSM_0078.jpg,augmented_from_source,flip_h+bright_0.920+contrast_0.881+color_0.982+sharp_1.135+crop_0.963,c:\Users\elpro\Documents\Github\melanoma\imagenes\IMAGENES DEMARTOLOGICAS\Extensión Superficial\mel_sup12.jpg,7b1ad86f834386574b4422d0ee0080cf23bafa63e927814c4d11a4f8521465ff
extension_superficial,ISIC_SSM_0079.jpg,c:\Users\elpro\Documents\Github\melanoma\imagenes\dataset_balanceado_1200_estructura_original\Extensión Superficial\ISIC_SSM_0079.jpg,augmented_from_source,rot_5+bright_0.917+contrast_0.951+color_1.075+sharp_1.066+crop_0.943+blur_0.5,c:\Users\elpro\Documents\Github\melanoma\imagenes\IMAGENES DEMARTOLOGICAS\Extensión Superficial\mel_sup8.jpg,e0c047b18963f51c28a90c7e6ab39f96638e30a258541bab99aca3f0eb77b9ce
extension_superficial,ISIC_SSM_0080.jpg,c:\Users\elpro\Documents\Github\melanoma\imagenes\dataset_balanceado_1200_estructura_original\Extensión Superficial\ISIC_SSM_0080.jpg,augmented_from_source,flip_h+rot_8+bright_0.918+contrast_1.111+color_0.933+sharp_0.987+crop_0.948+blur_0.5,c:\Users\elpro\Documents\Github\melanoma\imagenes\IMAGENES DEMARTOLOGICAS\Extensión Superficial\ssm15__ProtectWyJQcm90ZWN0Il0_FocusFillWzI5NCwyMjIsIngiLDFd.jpg,136cf6f50d0717351a5e04b3f1f0fb8fafc187e19d7182cba8733a92a0ae39bd
extension_superficial,ISIC_SSM_0081.jpg,c:\Users\elpro\Documents\Github\melanoma\imagenes\dataset_balanceado_1200_estructura_original\Extensión Superficial\ISIC_SSM_0081.jpg,augmented_from_source,flip_v+rot_12+bright_0.890+contrast_0.900+color_1.025+sharp_1.063+crop_0.925,c:\Users\elpro\Documents\Github\melanoma\imagenes\IMAGENES DEMARTOLOGICAS\Extensión Superficial\istockphoto-1198139374-612x612.jpg,a26c1a9d76aa72347943cc0c83d86eed81df1dc299779b0fdae7985685f614d9
extension_superficial,ISIC_SSM_0082.jpg,c:\Users\elpro\Documents\Github\melanoma\imagenes\dataset_balanceado_1200_estructura_original\Extensión Superficial\ISIC_SSM_0082.jpg,augmented_from_source,flip_h+rot_180+bright_1.041+contrast_0.952+color_0.971+sharp_1.100+crop_0.906,c:\Users\elpro\Documents\Github\melanoma\imagenes\IMAGENES DEMARTOLOGICAS\Extensión Superficial\istockphoto-842191076-612x612.jpg,3a583184a5c91c3de94cbe99b479eb8ba421d8ac7d01c0e3aa520cce4639f9df
extension_superficial,ISIC_SSM_0083.jpg,c:\Users\elpro\Documents\Github\melanoma\imagenes\dataset_balanceado_1200_estructura_original\Extensión Superficial\ISIC_SSM_0083.jpg,augmented_from_source,flip_v+rot_270+bright_1.001+contrast_0.912+color_0.976+sharp_0.964+crop_0.920,c:\Users\elpro\Documents\Github\melanoma\imagenes\IMAGENES DEMARTOLOGICAS\Extensión Superficial\ssm19__ProtectWyJQcm90ZWN0Il0_FocusFillWzI5NCwyMjIsIngiLDFd.jpg,ff8edab7bc7b3c173941be06d60265f7d9068e392a53fac4673ad6bf1604e10d
extension_superficial,ISIC_SSM_0084.jpg,c:\Users\elpro\Documents\Github\melanoma\imagenes\dataset_balanceado_1200_estructura_original\Extensión Superficial\ISIC_SSM_0084.jpg,augmented_from_source,rot_8+bright_0.882+contrast_1.076+color_0.968+sharp_1.083+crop_0.975+blur_0.5,c:\Users\elpro\Documents\Github\melanoma\imagenes\IMAGENES DEMARTOLOGICAS\Extensión Superficial\ssm16__ProtectWyJQcm90ZWN0Il0_FocusFillWzI5NCwyMjIsIngiLDI4XQ.jpg,7ec833fc5e831426bff15daf932f4f0a472da5270e0b3e501748f8de49a1f41f
extension_superficial,ISIC_SSM_0085.jpg,c:\Users\elpro\Documents\Github\melanoma\imagenes\dataset_balanceado_1200_estructura_original\Extensión Superficial\ISIC_SSM_0085.jpg,augmented_from_source,flip_h+rot_-12+bright_0.948+contrast_0.931+color_0.975+sharp_1.087+crop_0.968,c:\Users\elpro\Documents\Github\melanoma\imagenes\IMAGENES DEMARTOLOGICAS\Extensión Superficial\superficial-spreading-melanoma-0003__WatermarkedWyJXYXRlcm1hcmtlZCJd-150x150.jpg,cb9421bd775cbacbce910b7131bad9a43a99a02bf67f18d06ad5ee68226787e7
extension_superficial,ISIC_SSM_0086.jpg,c:\Users\elpro\Documents\Github\melanoma\imagenes\dataset_balanceado_1200_estructura_original\Extensión Superficial\ISIC_SSM_0086.jpg,augmented_from_source,flip_v+rot_-5+bright_1.079+contrast_0.891+color_0.973+sharp_0.976+crop_0.978,c:\Users\elpro\Documents\Github\melanoma\imagenes\IMAGENES DEMARTOLOGICAS\Extensión Superficial\mel_sup11.jpg,8743ccbcfba4626e71fea496bbffe69cd102ddef868de620b71d4e8fb880c8ac
extension_superficial,ISIC_SSM_0087.jpg,c:\Users\elpro\Documents\Github\melanoma\imagenes\dataset_balanceado_1200_estructura_original\Extensión Superficial\ISIC_SSM_0087.jpg,augmented_from_source,rot_90+bright_0.898+contrast_1.092+color_1.065+sharp_1.059+crop_0.967,c:\Users\elpro\Documents\Github\melanoma\imagenes\IMAGENES DEMARTOLOGICAS\Extensión Superficial\mel_sup14.jpg,0141d9613149a1f2612a8f86814b479eeabb7ca6abb14e493bfc8fa9232e117b
extension_superficial,ISIC_SSM_0088.jpg,c:\Users\elpro\Documents\Github\melanoma\imagenes\dataset_balanceado_1200_estructura_original\Extensión Superficial\ISIC_SSM_0088.jpg,augmented_from_source,flip_h+bright_1.096+contrast_0.930+color_0.960+sharp_0.971+crop_0.962,c:\Users\elpro\Documents\Github\melanoma\imagenes\IMAGENES DEMARTOLOGICAS\Extensión Superficial\istockphoto-175397219-612x612.jpg,d1a2ecfc65c855672df54076ad17f883d921bf01acef7df86e336d6fc56dbf14
extension_superficial,ISIC_SSM_0089.jpg,c:\Users\elpro\Documents\Github\melanoma\imagenes\dataset_balanceado_1200_estructura_original\Extensión Superficial\ISIC_SSM_0089.jpg,augmented_from_source,flip_h+flip_v+rot_180+bright_1.092+contrast_0.886+color_1.038+sharp_1.016+crop_0.974,c:\Users\elpro\Documents\Github\melanoma\imagenes\IMAGENES DEMARTOLOGICAS\Extensión Superficial\ssm20__ProtectWyJQcm90ZWN0Il0_FocusFillWzI5NCwyMjIsIngiLDFd.jpg,8ccd95ddfe9df0665aea8bad49317bde8ebc92a486fd8ff62483a359340dba92
extension_superficial,ISIC_SSM_0090.jpg,c:\Users\elpro\Documents\Github\melanoma\imagenes\dataset_balanceado_1200_estructura_original\Extensión Superficial\ISIC_SSM_0090.jpg,augmented_from_source,bright_1.086+contrast_0.933+color_1.051+sharp_1.042+crop_0.924+blur_0.5,c:\Users\elpro\Documents\Github\melanoma\imagenes\IMAGENES DEMARTOLOGICAS\Extensión Superficial\ssm1__ProtectWyJQcm90ZWN0Il0_FocusFillWzI5NCwyMjIsIngiLDFd.jpg,e50932d69e86e0a2500841eea960a1dba46a2fe3a8ac75829e72be542b753606
extension_superficial,ISIC_SSM_0091.jpg,c:\Users\elpro\Documents\Github\melanoma\imagenes\dataset_balanceado_1200_estructura_original\Extensión Superficial\ISIC_SSM_0091.jpg,augmented_from_source,flip_h+rot_90+bright_1.112+contrast_0.947+color_1.023+sharp_1.030+crop_0.978,c:\Users\elpro\Documents\Github\melanoma\imagenes\IMAGENES DEMARTOLOGICAS\Extensión Superficial\mel_sup6.jpg,701c9c4f3e947430d562fd601f56a00451146c777f3d2104155c29363b1ef65a
extension_superficial,ISIC_SSM_0092.jpg,c:\Users\elpro\Documents\Github\melanoma\imagenes\dataset_balanceado_1200_estructura_original\Extensión Superficial\ISIC_SSM_0092.jpg,augmented_from_source,flip_h+rot_180+bright_1.019+contrast_1.116+color_0.926+sharp_1.069+crop_0.928,c:\Users\elpro\Documents\Github\melanoma\imagenes\IMAGENES DEMARTOLOGICAS\Extensión Superficial\mel_sup2.jpg,a0c3c15d4005aa3f0d1fb4a228852a47fd61ddede555ae33d829f2e640b38836
extension_superficial,ISIC_SSM_0093.jpg,c:\Users\elpro\Documents\Github\melanoma\imagenes\dataset_balanceado_1200_estructura_original\Extensión Superficial\ISIC_SSM_0093.jpg,augmented_from_source,rot_12+bright_0.926+contrast_0.891+color_0.990+sharp_1.054+crop_0.965,c:\Users\elpro\Documents\Github\melanoma\imagenes\IMAGENES DEMARTOLOGICAS\Extensión Superficial\ssm14__ProtectWyJQcm90ZWN0Il0_FocusFillWzI5NCwyMjIsIngiLDFd.jpg,b822ba72b2e84eca045e564430f6148a67103cc96e5e3352f8317770e2c64cef
extension_superficial,ISIC_SSM_0094.jpg,c:\Users\elpro\Documents\Github\melanoma\imagenes\dataset_balanceado_1200_estructura_original\Extensión Superficial\ISIC_SSM_0094.jpg,augmented_from_source,flip_h+rot_-8+bright_1.030+contrast_1.039+color_0.940+sharp_1.130+crop_0.941,c:\Users\elpro\Documents\Github\melanoma\imagenes\IMAGENES DEMARTOLOGICAS\Extensión Superficial\mel_sup19.jpg,96fa85a35c637f046e77f4d765926890f05199b8e7c6d763323036310bf3234a
extension_superficial,ISIC_SSM_0095.jpg,c:\Users\elpro\Documents\Github\melanoma\imagenes\dataset_balanceado_1200_estructura_original\Extensión Superficial\ISIC_SSM_0095.jpg,augmented_from_source,flip_h+flip_v+rot_-5+bright_1.040+contrast_0.971+color_1.040+sharp_0.985+crop_0.946,c:\Users\elpro\Documents\Github\melanoma\imagenes\IMAGENES DEMARTOLOGICAS\Extensión Superficial\mel_sup4.jpg,dd678ad042929f36b7eb6102726ee1f856d4760dbb594e1490e15226e4eddc12
extension_superficial,ISIC_SSM_0096.jpg,c:\Users\elpro\Documents\Github\melanoma\imagenes\dataset_balanceado_1200_estructura_original\Extensión Superficial\ISIC_SSM_0096.jpg,augmented_from_source,flip_h+flip_v+rot_12+bright_1.026+contrast_0.957+color_0.991+sharp_1.085+crop_0.941+blur_0.5,c:\Users\elpro\Documents\Github\melanoma\imagenes\IMAGENES DEMARTOLOGICAS\Extensión Superficial\mel_sup3.jpg,4a6ecb4d25299f71796582d4eadd9613c64ea84ade6a4a05d51dbde00c756fe8
extension_superficial,ISIC_SSM_0097.jpg,c:\Users\elpro\Documents\Github\melanoma\imagenes\dataset_balanceado_1200_estructura_original\Extensión Superficial\ISIC_SSM_0097.jpg,augmented_from_source,rot_-8+bright_0.902+contrast_1.108+color_0.958+sharp_1.012+crop_0.965+blur_0.5,c:\Users\elpro\Documents\Github\melanoma\imagenes\IMAGENES DEMARTOLOGICAS\Extensión Superficial\mel_sup23.jpg,b0afb17adf5dfcb8c819791dde79c3ae72e20584324dc857e53f6cb10d6bf326
extension_superficial,ISIC_SSM_0098.jpg,c:\Users\elpro\Documents\Github\melanoma\imagenes\dataset_balanceado_1200_estructura_original\Extensión Superficial\ISIC_SSM_0098.jpg,augmented_from_source,rot_90+bright_0.989+contrast_1.093+color_1.012+sharp_1.094+crop_0.931+blur_0.5,c:\Users\elpro\Documents\Github\melanoma\imagenes\IMAGENES DEMARTOLOGICAS\Extensión Superficial\ssm10__ProtectWyJQcm90ZWN0Il0_FocusFillWzI5NCwyMjIsIngiLDFd.jpg,ccc7b86563a0406d5dfd1c256cfec86af1184192b616bf77fab74db03b756a6d
extension_superficial,ISIC_SSM_0099.jpg,c:\Users\elpro\Documents\Github\melanoma\imagenes\dataset_balanceado_1200_estructura_original\Extensión Superficial\ISIC_SSM_0099.jpg,augmented_from_source,rot_90+bright_1.067+contrast_0.933+color_1.049+sharp_1.089+crop_0.937,c:\Users\elpro\Documents\Github\melanoma\imagenes\IMAGENES DEMARTOLOGICAS\Extensión Superficial\ssm3__ProtectWyJQcm90ZWN0Il0_FocusFillWzI5NCwyMjIsIngiLDFd.jpg,a6623033ac67d3c6cfc29596fc99279a47526c55fee38381c450f85fb4872522
extension_superficial,ISIC_SSM_0100.jpg,c:\Users\elpro\Documents\Github\melanoma\imagenes\dataset_balanceado_1200_estructura_original\Extensión Superficial\ISIC_SSM_0100.jpg,augmented_from_source,flip_h+flip_v+rot_5+bright_1.040+contrast_1.117+color_1.015+sharp_1.140+crop_0.971,c:\Users\elpro\Documents\Github\melanoma\imagenes\IMAGENES DEMARTOLOGICAS\Extensión Superficial\mel_sup34.jpg,e9df38193fec05f6d7ce3274fa7e1bb83d6e6940829f2a01bf5f65221c50db98
lentiginoso_acral,ISIC_ALM_0001.jpg,c:\Users\elpro\Documents\Github\melanoma\imagenes\dataset_balanceado_1200_estructura_original\Lentiginoso Acral\ISIC_ALM_0001.jpg,source,original,c:\Users\elpro\Documents\Github\melanoma\imagenes\IMAGENES DEMARTOLOGICAS\Lentiginoso Acral\melanoma_0439_acraltipo_006.jpg,53153a9d19158ac6290296eecd15ff481cd58b9fc30a20ec2ebfe24f49d14481
lentiginoso_acral,ISIC_ALM_0002.jpg,c:\Users\elpro\Documents\Github\melanoma\imagenes\dataset_balanceado_1200_estructura_original\Lentiginoso Acral\ISIC_ALM_0002.jpg,source,original,c:\Users\elpro\Documents\Github\melanoma\imagenes\IMAGENES DEMARTOLOGICAS\Lentiginoso Acral\acral-lentiginous-melanoma-0003.jpg,85a8ae44beb6be22e9f678ecac1eec1ef2b97987b960f1794d96db74c1217225
lentiginoso_acral,ISIC_ALM_0003.jpg,c:\Users\elpro\Documents\Github\melanoma\imagenes\dataset_balanceado_1200_estructura_original\Lentiginoso Acral\ISIC_ALM_0003.jpg,source,original,c:\Users\elpro\Documents\Github\melanoma\imagenes\IMAGENES DEMARTOLOGICAS\Lentiginoso Acral\melanoma_0439_acraltipo_022.jpg,7057bdf6454561f35ce58551c4f9d021ec7d753f97b47651f55e62a8f6c4d6fe
lentiginoso_acral,ISIC_ALM_0004.jpg,c:\Users\elpro\Documents\Github\melanoma\imagenes\dataset_balanceado_1200_estructura_original\Lentiginoso Acral\ISIC_ALM_0004.jpg,source,original,c:\Users\elpro\Documents\Github\melanoma\imagenes\IMAGENES DEMARTOLOGICAS\Lentiginoso Acral\melanoma_0439_acraltipo_032.jpg,a6fa22108cac759cb0e24ccbe79dd157edf7eb390f73c5046b5864f579efd493
lentiginoso_acral,ISIC_ALM_0005.jpg,c:\Users\elpro\Documents\Github\melanoma\imagenes\dataset_balanceado_1200_estructura_original\Lentiginoso Acral\ISIC_ALM_0005.jpg,source,original,c:\Users\elpro\Documents\Github\melanoma\imagenes\IMAGENES DEMARTOLOGICAS\Lentiginoso Acral\melanoma_0439_acraltipo_013.jpg,6a0d45beefe2154597046138fa666a2a1b997fbd1c8952e9c21b06a150ef7490
lentiginoso_acral,ISIC_ALM_0006.jpg,c:\Users\elpro\Documents\Github\melanoma\imagenes\dataset_balanceado_1200_estructura_original\Lentiginoso Acral\ISIC_ALM_0006.jpg,source,original,c:\Users\elpro\Documents\Github\melanoma\imagenes\IMAGENES DEMARTOLOGICAS\Lentiginoso Acral\acral-lentiginous-melanoma-0005.jpg,95c170579843715382c52c163b75d582c606f904c28d78fb769d267b11d97633
lentiginoso_acral,ISIC_ALM_0007.jpg,c:\Users\elpro\Documents\Github\melanoma\imagenes\dataset_balanceado_1200_estructura_original\Lentiginoso Acral\ISIC_ALM_0007.jpg,source,original,c:\Users\elpro\Documents\Github\melanoma\imagenes\IMAGENES DEMARTOLOGICAS\Lentiginoso Acral\melanoma_0439_acraltipo_019.jpg,7beea89c25979d0dda5830088788d8d6c6c97b101179a996b8a7827741cdafec
lentiginoso_acral,ISIC_ALM_0008.jpg,c:\Users\elpro\Documents\Github\melanoma\imagenes\dataset_balanceado_1200_estructura_original\Lentiginoso Acral\ISIC_ALM_0008.jpg,source,original,c:\Users\elpro\Documents\Github\melanoma\imagenes\IMAGENES DEMARTOLOGICAS\Lentiginoso Acral\acral-lentiginous-melanoma-3.jpg,d0e9e5f2beb128e838892303097bbdc53e6f6ccf489bd519421f38dfa83df7af
lentiginoso_acral,ISIC_ALM_0009.jpg,c:\Users\elpro\Documents\Github\melanoma\imagenes\dataset_balanceado_1200_estructura_original\Lentiginoso Acral\ISIC_ALM_0009.jpg,source,original,c:\Users\elpro\Documents\Github\melanoma\imagenes\IMAGENES DEMARTOLOGICAS\Lentiginoso Acral\melanoma_0439_acraltipo_024.jpg,1114a0d056938ad0f179813d700ab8d4c88473289a490895c0b9198e744bb53d
lentiginoso_acral,ISIC_ALM_0010.jpg,c:\Users\elpro\Documents\Github\melanoma\imagenes\dataset_balanceado_1200_estructura_original\Lentiginoso Acral\ISIC_ALM_0010.jpg,source,original,c:\Users\elpro\Documents\Github\melanoma\imagenes\IMAGENES DEMARTOLOGICAS\Lentiginoso Acral\melanoma_0439_acraltipo_005.jpg,3e70a2bac4a06c53b64f2a48f9b07507441b5aad8dec2c7810543267f27bce73
lentiginoso_acral,ISIC_ALM_0011.jpg,c:\Users\elpro\Documents\Github\melanoma\imagenes\dataset_balanceado_1200_estructura_original\Lentiginoso Acral\ISIC_ALM_0011.jpg,source,original,c:\Users\elpro\Documents\Github\melanoma\imagenes\IMAGENES DEMARTOLOGICAS\Lentiginoso Acral\melanoma_0439_acraltipo_027.jpg,deb73623227f901f1bf9d2309758f0b728e83893dcc670eb71689ceb7d3f3a37
lentiginoso_acral,ISIC_ALM_0012.jpg,c:\Users\elpro\Documents\Github\melanoma\imagenes\dataset_balanceado_1200_estructura_original\Lentiginoso Acral\ISIC_ALM_0012.jpg,source,original,c:\Users\elpro\Documents\Github\melanoma\imagenes\IMAGENES DEMARTOLOGICAS\Lentiginoso Acral\melanoma_0439_acraltipo_026.jpg,2c62a0ef17238db4646c9645200c0b6f45bece6ac696953a497e72cb87f2d9bb
lentiginoso_acral,ISIC_ALM_0013.jpg,c:\Users\elpro\Documents\Github\melanoma\imagenes\dataset_balanceado_1200_estructura_original\Lentiginoso Acral\ISIC_ALM_0013.jpg,source,original,c:\Users\elpro\Documents\Github\melanoma\imagenes\IMAGENES DEMARTOLOGICAS\Lentiginoso Acral\13433-melanonychia-striata-hutchinson-sign-cdc-phil-arrows-sized_es.jpg,b85056943facdc16ad6f72f236506d9eae111eb42593672c7876ae1c7db79d06
lentiginoso_acral,ISIC_ALM_0014.jpg,c:\Users\elpro\Documents\Github\melanoma\imagenes\dataset_balanceado_1200_estructura_original\Lentiginoso Acral\ISIC_ALM_0014.jpg,source,original,c:\Users\elpro\Documents\Github\melanoma\imagenes\IMAGENES DEMARTOLOGICAS\Lentiginoso Acral\melanoma_0439_acraltipo_008.jpg,2765311eecdbe21ac66a34737cac56cbfafa58a0f03bf220ad1d89fcec5c7ced
lentiginoso_acral,ISIC_ALM_0015.jpg,c:\Users\elpro\Documents\Github\melanoma\imagenes\dataset_balanceado_1200_estructura_original\Lentiginoso Acral\ISIC_ALM_0015.jpg,source,original,c:\Users\elpro\Documents\Github\melanoma\imagenes\IMAGENES DEMARTOLOGICAS\Lentiginoso Acral\acral-lentiginous-melanoma-0010.jpg,8ae9476d4328f128f97761ffd5429a97462a507156e025cf7d0a662e6fb66a6b
lentiginoso_acral,ISIC_ALM_0016.jpg,c:\Users\elpro\Documents\Github\melanoma\imagenes\dataset_balanceado_1200_estructura_original\Lentiginoso Acral\ISIC_ALM_0016.jpg,source,original,c:\Users\elpro\Documents\Github\melanoma\imagenes\IMAGENES DEMARTOLOGICAS\Lentiginoso Acral\acral-lentiginous-melanoma-2-v3.jpg,8e78fe62659289b5857a6929114adb6b61229d5f4d3942bf69928d3ec8baed5f
lentiginoso_acral,ISIC_ALM_0017.jpg,c:\Users\elpro\Documents\Github\melanoma\imagenes\dataset_balanceado_1200_estructura_original\Lentiginoso Acral\ISIC_ALM_0017.jpg,source,original,c:\Users\elpro\Documents\Github\melanoma\imagenes\IMAGENES DEMARTOLOGICAS\Lentiginoso Acral\acral-lentiginous-melanoma-0007.jpg,8b8c5b73ea96c1dd98646deef66b374ea6c476729d07100ffe92daeeaa52544f
lentiginoso_acral,ISIC_ALM_0018.jpg,c:\Users\elpro\Documents\Github\melanoma\imagenes\dataset_balanceado_1200_estructura_original\Lentiginoso Acral\ISIC_ALM_0018.jpg,source,original,c:\Users\elpro\Documents\Github\melanoma\imagenes\IMAGENES DEMARTOLOGICAS\Lentiginoso Acral\Screenshot-2025-10-13-at-2.21.28-PM.jpg,b379596181a638306589307bdb666edb04815447ef8d8176811ca896e89b4bd2
lentiginoso_acral,ISIC_ALM_0019.jpg,c:\Users\elpro\Documents\Github\melanoma\imagenes\dataset_balanceado_1200_estructura_original\Lentiginoso Acral\ISIC_ALM_0019.jpg,source,original,c:\Users\elpro\Documents\Github\melanoma\imagenes\IMAGENES DEMARTOLOGICAS\Lentiginoso Acral\acral-lentiginous-melanoma-0014.jpg,bb6f677a09a67e77d03f9cc6cf3b5723da9c9a25f54e4408a63d40bb8c93a525
lentiginoso_acral,ISIC_ALM_0020.jpg,c:\Users\elpro\Documents\Github\melanoma\imagenes\dataset_balanceado_1200_estructura_original\Lentiginoso Acral\ISIC_ALM_0020.jpg,source,original,c:\Users\elpro\Documents\Github\melanoma\imagenes\IMAGENES DEMARTOLOGICAS\Lentiginoso Acral\acral-lentiginous-melanoma-0006.jpg,e1753770fb3713e34fe06197e3ca69be24a98b427e1e28f71d535a0a11112548
lentiginoso_acral,ISIC_ALM_0021.jpg,c:\Users\elpro\Documents\Github\melanoma\imagenes\dataset_balanceado_1200_estructura_original\Lentiginoso Acral\ISIC_ALM_0021.jpg,source,original,c:\Users\elpro\Documents\Github\melanoma\imagenes\IMAGENES DEMARTOLOGICAS\Lentiginoso Acral\6953779970_a3e40cfb61-300x212.jpg,28783419bfdc0990d0a191c9360cf2df12bec5c49fdf49fdf0e5ef014e68b771
lentiginoso_acral,ISIC_ALM_0022.jpg,c:\Users\elpro\Documents\Github\melanoma\imagenes\dataset_balanceado_1200_estructura_original\Lentiginoso Acral\ISIC_ALM_0022.jpg,source,original,c:\Users\elpro\Documents\Github\melanoma\imagenes\IMAGENES DEMARTOLOGICAS\Lentiginoso Acral\melanoma_0439_acraltipo_015.jpg,43f966257063ac3e377005ddc0fcf76a23b189813e5ae9b16e008639ac19f643
lentiginoso_acral,ISIC_ALM_0023.jpg,c:\Users\elpro\Documents\Github\melanoma\imagenes\dataset_balanceado_1200_estructura_original\Lentiginoso Acral\ISIC_ALM_0023.jpg,source,original,c:\Users\elpro\Documents\Github\melanoma\imagenes\IMAGENES DEMARTOLOGICAS\Lentiginoso Acral\melanoma_0439_acraltipo_003.jpg,5a80955511fe23869b1221085f85e57bda2576b6b98a3febd33710ce84a98d84
lentiginoso_acral,ISIC_ALM_0024.jpg,c:\Users\elpro\Documents\Github\melanoma\imagenes\dataset_balanceado_1200_estructura_original\Lentiginoso Acral\ISIC_ALM_0024.jpg,source,original,c:\Users\elpro\Documents\Github\melanoma\imagenes\IMAGENES DEMARTOLOGICAS\Lentiginoso Acral\acral-lentiginous-melanoma-on-side-of-person-s-heel-300x200.jpg,bfd36804e103a8c509715939350f536e5e4e1b46ee191344dfa282b04e3ae819
lentiginoso_acral,ISIC_ALM_0025.jpg,c:\Users\elpro\Documents\Github\melanoma\imagenes\dataset_balanceado_1200_estructura_original\Lentiginoso Acral\ISIC_ALM_0025.jpg,source,original,c:\Users\elpro\Documents\Github\melanoma\imagenes\IMAGENES DEMARTOLOGICAS\Lentiginoso Acral\acral-lentiginous-melanoma-0008.jpg,e5bf84b53d9983f6963dd4fa9a519847ccf1a04c81729b8440c0b13d689ca035
lentiginoso_acral,ISIC_ALM_0026.jpg,c:\Users\elpro\Documents\Github\melanoma\imagenes\dataset_balanceado_1200_estructura_original\Lentiginoso Acral\ISIC_ALM_0026.jpg,source,original,c:\Users\elpro\Documents\Github\melanoma\imagenes\IMAGENES DEMARTOLOGICAS\Lentiginoso Acral\acral-lentiginous-melanoma-0004.jpg,32fd222f9095151494b628fae8af9ff1ccc1f2dad8f23e5fa40b3af5dbc895ac
lentiginoso_acral,ISIC_ALM_0027.jpg,c:\Users\elpro\Documents\Github\melanoma\imagenes\dataset_balanceado_1200_estructura_original\Lentiginoso Acral\ISIC_ALM_0027.jpg,source,original,c:\Users\elpro\Documents\Github\melanoma\imagenes\IMAGENES DEMARTOLOGICAS\Lentiginoso Acral\melanoma_0439_acraltipo_002.jpg,ebc24e1fae695b91cb84857a327550c5cf888aa46e6f855958d0bc7591decb94
lentiginoso_acral,ISIC_ALM_0028.jpg,c:\Users\elpro\Documents\Github\melanoma\imagenes\dataset_balanceado_1200_estructura_original\Lentiginoso Acral\ISIC_ALM_0028.jpg,source,original,c:\Users\elpro\Documents\Github\melanoma\imagenes\IMAGENES DEMARTOLOGICAS\Lentiginoso Acral\melanoma_0439_acraltipo_012.jpg,9b8ce8ba6bf320cc9f77486a95cae67baccef2b05861f16787b4f6feeafbfc93
lentiginoso_acral,ISIC_ALM_0029.jpg,c:\Users\elpro\Documents\Github\melanoma\imagenes\dataset_balanceado_1200_estructura_original\Lentiginoso Acral\ISIC_ALM_0029.jpg,source,original,c:\Users\elpro\Documents\Github\melanoma\imagenes\IMAGENES DEMARTOLOGICAS\Lentiginoso Acral\alm6.jpg,31b8522cde35acfbc5be271a00f2b03d2175d6fe51ede3cfe3ec1351a9dcc313
lentiginoso_acral,ISIC_ALM_0030.jpg,c:\Users\elpro\Documents\Github\melanoma\imagenes\dataset_balanceado_1200_estructura_original\Lentiginoso Acral\ISIC_ALM_0030.jpg,source,original,c:\Users\elpro\Documents\Github\melanoma\imagenes\IMAGENES DEMARTOLOGICAS\Lentiginoso Acral\melanoma_0439_acraltipo_018.jpg,07e96949327ce2ba9a5f9ca01def6d74b8a5d72af86d61149d94c14a293878eb
lentiginoso_acral,ISIC_ALM_0031.jpg,c:\Users\elpro\Documents\Github\melanoma\imagenes\dataset_balanceado_1200_estructura_original\Lentiginoso Acral\ISIC_ALM_0031.jpg,source,original,c:\Users\elpro\Documents\Github\melanoma\imagenes\IMAGENES DEMARTOLOGICAS\Lentiginoso Acral\skintumormelanocyticacrallentiginousTHUMBncbi003.jpg,f13aa30d69902956e96f918662e2c54a3d21bfbc8460146beec8b39c1789b615
lentiginoso_acral,ISIC_ALM_0032.jpg,c:\Users\elpro\Documents\Github\melanoma\imagenes\dataset_balanceado_1200_estructura_original\Lentiginoso Acral\ISIC_ALM_0032.jpg,source,original,c:\Users\elpro\Documents\Github\melanoma\imagenes\IMAGENES DEMARTOLOGICAS\Lentiginoso Acral\melanoma_0439_acraltipo_025.jpg,ec8c0d1d21db695531dd369c10fed4dd2e2371412e5b743e38de41baa20b0d4e
lentiginoso_acral,ISIC_ALM_0033.jpg,c:\Users\elpro\Documents\Github\melanoma\imagenes\dataset_balanceado_1200_estructura_original\Lentiginoso Acral\ISIC_ALM_0033.jpg,source,original,c:\Users\elpro\Documents\Github\melanoma\imagenes\IMAGENES DEMARTOLOGICAS\Lentiginoso Acral\melanoma_0439_acraltipo_034.jpg,0a350fbebcb2c95d42b7137e817244bc21a5d2ee683572d806e74eabbf29d421
lentiginoso_acral,ISIC_ALM_0034.jpg,c:\Users\elpro\Documents\Github\melanoma\imagenes\dataset_balanceado_1200_estructura_original\Lentiginoso Acral\ISIC_ALM_0034.jpg,source,original,c:\Users\elpro\Documents\Github\melanoma\imagenes\IMAGENES DEMARTOLOGICAS\Lentiginoso Acral\melanoma-143.jpg,a4145b6f494347edecd35f2c441b7cb82c2c8137f928c26516434112bb6bfa93
lentiginoso_acral,ISIC_ALM_0035.jpg,c:\Users\elpro\Documents\Github\melanoma\imagenes\dataset_balanceado_1200_estructura_original\Lentiginoso Acral\ISIC_ALM_0035.jpg,source,original,c:\Users\elpro\Documents\Github\melanoma\imagenes\IMAGENES DEMARTOLOGICAS\Lentiginoso Acral\melanoma_0439_acraltipo_007.jpg,8a4da15c8490732f165f2fae24d5e928dc87802dc174c7cecc7f0a3f6ae1919b
lentiginoso_acral,ISIC_ALM_0036.jpg,c:\Users\elpro\Documents\Github\melanoma\imagenes\dataset_balanceado_1200_estructura_original\Lentiginoso Acral\ISIC_ALM_0036.jpg,source,original,c:\Users\elpro\Documents\Github\melanoma\imagenes\IMAGENES DEMARTOLOGICAS\Lentiginoso Acral\acral20160516-165502.jpg,a0c616d44eb642ce3b40c218b3121ebbc8a0494a1da186a5a67089ea8c4fd430
lentiginoso_acral,ISIC_ALM_0037.jpg,c:\Users\elpro\Documents\Github\melanoma\imagenes\dataset_balanceado_1200_estructura_original\Lentiginoso Acral\ISIC_ALM_0037.jpg,source,original,c:\Users\elpro\Documents\Github\melanoma\imagenes\IMAGENES DEMARTOLOGICAS\Lentiginoso Acral\acralalm3.jpg,11524624a28d76e6fd2f48095ef3b8edf931f60d28dcae0366848adfbbb222b7
lentiginoso_acral,ISIC_ALM_0038.jpg,c:\Users\elpro\Documents\Github\melanoma\imagenes\dataset_balanceado_1200_estructura_original\Lentiginoso Acral\ISIC_ALM_0038.jpg,source,original,c:\Users\elpro\Documents\Github\melanoma\imagenes\IMAGENES DEMARTOLOGICAS\Lentiginoso Acral\acral-lentiginous-melanoma-0002.jpg,9253b7d72727ac2087a1022e596750fabea248b49bbc08c4a6dd00d734e66273
lentiginoso_acral,ISIC_ALM_0039.jpg,c:\Users\elpro\Documents\Github\melanoma\imagenes\dataset_balanceado_1200_estructura_original\Lentiginoso Acral\ISIC_ALM_0039.jpg,source,original,c:\Users\elpro\Documents\Github\melanoma\imagenes\IMAGENES DEMARTOLOGICAS\Lentiginoso Acral\alm5.jpg,7257076ee6216a78961afb0db8e549dc3f57950edaf75bfb0fa0de4d07aa2a7c
lentiginoso_acral,ISIC_ALM_0040.jpg,c:\Users\elpro\Documents\Github\melanoma\imagenes\dataset_balanceado_1200_estructura_original\Lentiginoso Acral\ISIC_ALM_0040.jpg,source,original,c:\Users\elpro\Documents\Github\melanoma\imagenes\IMAGENES DEMARTOLOGICAS\Lentiginoso Acral\Acral-lentiginous-melanoma-3-v2.jpg,b8f2e7f7937b77a60a876a04036e82103f87be3d6a46e4ad64b3e446816459ae
lentiginoso_acral,ISIC_ALM_0041.jpg,c:\Users\elpro\Documents\Github\melanoma\imagenes\dataset_balanceado_1200_estructura_original\Lentiginoso Acral\ISIC_ALM_0041.jpg,source,original,c:\Users\elpro\Documents\Github\melanoma\imagenes\IMAGENES DEMARTOLOGICAS\Lentiginoso Acral\melanoma_0439_acraltipo_033.jpg,bba6853d546fe4b8409b512522b4fd234ce749772f6d6e18c114d4e9177f72f0
lentiginoso_acral,ISIC_ALM_0042.jpg,c:\Users\elpro\Documents\Github\melanoma\imagenes\dataset_balanceado_1200_estructura_original\Lentiginoso Acral\ISIC_ALM_0042.jpg,source,original,c:\Users\elpro\Documents\Github\melanoma\imagenes\IMAGENES DEMARTOLOGICAS\Lentiginoso Acral\melanoma_0439_acraltipo_009.jpg,93294f2af22411f40e49f867b947021ee1a2935372518624aaea7a773f1ca84f
lentiginoso_acral,ISIC_ALM_0043.jpg,c:\Users\elpro\Documents\Github\melanoma\imagenes\dataset_balanceado_1200_estructura_original\Lentiginoso Acral\ISIC_ALM_0043.jpg,source,original,c:\Users\elpro\Documents\Github\melanoma\imagenes\IMAGENES DEMARTOLOGICAS\Lentiginoso Acral\acralalm4.jpg,6d975dcb13d1c3c9b73de1dfdce9090d0092777b4fdf42b082b074b3dd1b693d
lentiginoso_acral,ISIC_ALM_0044.jpg,c:\Users\elpro\Documents\Github\melanoma\imagenes\dataset_balanceado_1200_estructura_original\Lentiginoso Acral\ISIC_ALM_0044.jpg,source,original,c:\Users\elpro\Documents\Github\melanoma\imagenes\IMAGENES DEMARTOLOGICAS\Lentiginoso Acral\melanoma_0439_acraltipo_028.jpg,f347e8e9df655a8f3eb27d8eb200303060c6a383f5cb22db3dfbe3a320a79eef
lentiginoso_acral,ISIC_ALM_0045.jpg,c:\Users\elpro\Documents\Github\melanoma\imagenes\dataset_balanceado_1200_estructura_original\Lentiginoso Acral\ISIC_ALM_0045.jpg,source,original,c:\Users\elpro\Documents\Github\melanoma\imagenes\IMAGENES DEMARTOLOGICAS\Lentiginoso Acral\melanoma_0439_acraltipo_016.jpg,38b7d64b52082ba0d03da2bdcd976374f1b97d06936e7872cbc2716374a72d7d
lentiginoso_acral,ISIC_ALM_0046.jpg,c:\Users\elpro\Documents\Github\melanoma\imagenes\dataset_balanceado_1200_estructura_original\Lentiginoso Acral\ISIC_ALM_0046.jpg,source,original,c:\Users\elpro\Documents\Github\melanoma\imagenes\IMAGENES DEMARTOLOGICAS\Lentiginoso Acral\ISIC_0106322.jpg,dda6998883aad8c7bf9beb4b58f75548592cdf001a3bf52a246d63a69ea260c8
lentiginoso_acral,ISIC_ALM_0047.jpg,c:\Users\elpro\Documents\Github\melanoma\imagenes\dataset_balanceado_1200_estructura_original\Lentiginoso Acral\ISIC_ALM_0047.jpg,source,original,c:\Users\elpro\Documents\Github\melanoma\imagenes\IMAGENES DEMARTOLOGICAS\Lentiginoso Acral\alm7.jpg,abd66d863f0ee0c450cc7b4abd2c740419cacb63a0a041890fefcef9a7c3fd59
lentiginoso_acral,ISIC_ALM_0048.jpg,c:\Users\elpro\Documents\Github\melanoma\imagenes\dataset_balanceado_1200_estructura_original\Lentiginoso Acral\ISIC_ALM_0048.jpg,source,original,c:\Users\elpro\Documents\Github\melanoma\imagenes\IMAGENES DEMARTOLOGICAS\Lentiginoso Acral\acral-lentiginous-melanoma-0009.jpg,9917eb974f3920dcbd7538ef592a51c4bc043405fae55202a16fc7766d209ec2
lentiginoso_acral,ISIC_ALM_0049.jpg,c:\Users\elpro\Documents\Github\melanoma\imagenes\dataset_balanceado_1200_estructura_original\Lentiginoso Acral\ISIC_ALM_0049.jpg,source,original,c:\Users\elpro\Documents\Github\melanoma\imagenes\IMAGENES DEMARTOLOGICAS\Lentiginoso Acral\melanoma_0439_acraltipo_029.jpg,62d386cde59034433bab20cd749611d05ffc866fc64a7f9fc48b5674f333d1a3
lentiginoso_acral,ISIC_ALM_0050.jpg,c:\Users\elpro\Documents\Github\melanoma\imagenes\dataset_balanceado_1200_estructura_original\Lentiginoso Acral\ISIC_ALM_0050.jpg,source,original,c:\Users\elpro\Documents\Github\melanoma\imagenes\IMAGENES DEMARTOLOGICAS\Lentiginoso Acral\melanoma_0439_acraltipo_0010.jpg,3b1ada0125c8a1ed1701f03d60b1e8084ef7f2ce738b825b9113c45cc4723f17
lentiginoso_acral,ISIC_ALM_0051.jpg,c:\Users\elpro\Documents\Github\melanoma\imagenes\dataset_balanceado_1200_estructura_original\Lentiginoso Acral\ISIC_ALM_0051.jpg,source,original,c:\Users\elpro\Documents\Github\melanoma\imagenes\IMAGENES DEMARTOLOGICAS\Lentiginoso Acral\acral-lentiginous-melanoma-0001.jpg,2a81fd935fcabfc736cb499d7086e53da77beddc55ac4d32428a2681c9bb80bd
lentiginoso_acral,ISIC_ALM_0052.jpg,c:\Users\elpro\Documents\Github\melanoma\imagenes\dataset_balanceado_1200_estructura_original\Lentiginoso Acral\ISIC_ALM_0052.jpg,source,original,c:\Users\elpro\Documents\Github\melanoma\imagenes\IMAGENES DEMARTOLOGICAS\Lentiginoso Acral\melanoma_0439_acraltipo_037.jpg,2959189a16e880c91f622e3a935981b19b1b4f8dd3641e87ac632322e7f7a827
lentiginoso_acral,ISIC_ALM_0053.jpg,c:\Users\elpro\Documents\Github\melanoma\imagenes\dataset_balanceado_1200_estructura_original\Lentiginoso Acral\ISIC_ALM_0053.jpg,source,original,c:\Users\elpro\Documents\Github\melanoma\imagenes\IMAGENES DEMARTOLOGICAS\Lentiginoso Acral\skintumormelanocyticacrallentiginousTHUMBncbi004.jpg,1d041983539872cafb27bf17bad4f9bbb2e440c8874a9efaf19369eb2ca114a2
lentiginoso_acral,ISIC_ALM_0054.jpg,c:\Users\elpro\Documents\Github\melanoma\imagenes\dataset_balanceado_1200_estructura_original\Lentiginoso Acral\ISIC_ALM_0054.jpg,source,original,c:\Users\elpro\Documents\Github\melanoma\imagenes\IMAGENES DEMARTOLOGICAS\Lentiginoso Acral\melanoma_0439_acraltipo_011.jpg,84ac25fb41136be845af464b4bacfa6ad444eff034e93a06bf27b8b12c3cf83c
lentiginoso_acral,ISIC_ALM_0055.jpg,c:\Users\elpro\Documents\Github\melanoma\imagenes\dataset_balanceado_1200_estructura_original\Lentiginoso Acral\ISIC_ALM_0055.jpg,source,original,c:\Users\elpro\Documents\Github\melanoma\imagenes\IMAGENES DEMARTOLOGICAS\Lentiginoso Acral\alm2.jpg,f6993bdcb72d221c946ad47d952d69a57ec8de8ec4e2c4c3ea0938b932be3e67
lentiginoso_acral,ISIC_ALM_0056.jpg,c:\Users\elpro\Documents\Github\melanoma\imagenes\dataset_balanceado_1200_estructura_original\Lentiginoso Acral\ISIC_ALM_0056.jpg,source,original,c:\Users\elpro\Documents\Github\melanoma\imagenes\IMAGENES DEMARTOLOGICAS\Lentiginoso Acral\hgjahkdhijijk_acral.jpg,46751bd9c2e6300503a19f1bfee16f81e758f183866b1850d7c7a17210c2f7ad
lentiginoso_acral,ISIC_ALM_0057.jpg,c:\Users\elpro\Documents\Github\melanoma\imagenes\dataset_balanceado_1200_estructura_original\Lentiginoso Acral\ISIC_ALM_0057.jpg,source,original,c:\Users\elpro\Documents\Github\melanoma\imagenes\IMAGENES DEMARTOLOGICAS\Lentiginoso Acral\ALM-macro.jpg,e33654fc8bd3fc4b3e94e49d209775cb74cdd633d912a82b572495a6c40981c7
lentiginoso_acral,ISIC_ALM_0058.jpg,c:\Users\elpro\Documents\Github\melanoma\imagenes\dataset_balanceado_1200_estructura_original\Lentiginoso Acral\ISIC_ALM_0058.jpg,source,original,c:\Users\elpro\Documents\Github\melanoma\imagenes\IMAGENES DEMARTOLOGICAS\Lentiginoso Acral\melanoma_0439_acraltipo_040.jpg,3b7ab386cb4c86a929b9a572bd6aabbf4259ec7ab6b41ecacfef7fe7e1095374
lentiginoso_acral,ISIC_ALM_0059.jpg,c:\Users\elpro\Documents\Github\melanoma\imagenes\dataset_balanceado_1200_estructura_original\Lentiginoso Acral\ISIC_ALM_0059.jpg,source,original,c:\Users\elpro\Documents\Github\melanoma\imagenes\IMAGENES DEMARTOLOGICAS\Lentiginoso Acral\skintumormelanocyticacrallentiginousTHUMBncbi01.jpg,4036282c94e0d5e9f93bdcfc6d69f03d2860c07c236cce2e3e4ca6ca39c8468a
lentiginoso_acral,ISIC_ALM_0060.jpg,c:\Users\elpro\Documents\Github\melanoma\imagenes\dataset_balanceado_1200_estructura_original\Lentiginoso Acral\ISIC_ALM_0060.jpg,source,original,c:\Users\elpro\Documents\Github\melanoma\imagenes\IMAGENES DEMARTOLOGICAS\Lentiginoso Acral\melanoma_0439_acraltipo_039.jpg,991aa2543094ca3ce00bfea44f5d6f77dd72683b233f9c2df33d6cbeb37c9342
lentiginoso_acral,ISIC_ALM_0061.jpg,c:\Users\elpro\Documents\Github\melanoma\imagenes\dataset_balanceado_1200_estructura_original\Lentiginoso Acral\ISIC_ALM_0061.jpg,source,original,c:\Users\elpro\Documents\Github\melanoma\imagenes\IMAGENES DEMARTOLOGICAS\Lentiginoso Acral\mel_aclral_odfvfdknbmkjnc.kvmlfk.vcn003254.jpg,154dd651c010e4872af2ccda58039efb163bbc5e12b4392df60cb7eb820b285c
lentiginoso_acral,ISIC_ALM_0062.jpg,c:\Users\elpro\Documents\Github\melanoma\imagenes\dataset_balanceado_1200_estructura_original\Lentiginoso Acral\ISIC_ALM_0062.jpg,source,original,c:\Users\elpro\Documents\Github\melanoma\imagenes\IMAGENES DEMARTOLOGICAS\Lentiginoso Acral\skintumormelanocyticacrallentiginousTHUMBescholarhips02.jpg,710f04b03d1eb4f4376606c24959ce5d76e29f318ab4cab5c7f5e77cacaffe1a
lentiginoso_acral,ISIC_ALM_0063.jpg,c:\Users\elpro\Documents\Github\melanoma\imagenes\dataset_balanceado_1200_estructura_original\Lentiginoso Acral\ISIC_ALM_0063.jpg,source,original,c:\Users\elpro\Documents\Github\melanoma\imagenes\IMAGENES DEMARTOLOGICAS\Lentiginoso Acral\melanoma_0439_acraltipo_017.jpg,3e7670a5fe442feadff4c13826081fd40632259a488ec1cf7836f5253c675d30
lentiginoso_acral,ISIC_ALM_0064.jpg,c:\Users\elpro\Documents\Github\melanoma\imagenes\dataset_balanceado_1200_estructura_original\Lentiginoso Acral\ISIC_ALM_0064.jpg,source,original,c:\Users\elpro\Documents\Github\melanoma\imagenes\IMAGENES DEMARTOLOGICAS\Lentiginoso Acral\melanoma_0439_acraltipo_004.jpg,74d7ae0e8b20f455908111d2db651f02114e6c0b09dfe6a3b8010cc8cb4381c1
lentiginoso_acral,ISIC_ALM_0065.jpg,c:\Users\elpro\Documents\Github\melanoma\imagenes\dataset_balanceado_1200_estructura_original\Lentiginoso Acral\ISIC_ALM_0065.jpg,source,original,c:\Users\elpro\Documents\Github\melanoma\imagenes\IMAGENES DEMARTOLOGICAS\Lentiginoso Acral\acral-lentiginous-melanoma-0013.jpg,e1248426eae5325d1a982d31d5dce3f40f3cce2c6eebacac4baf0d1a11449eb9
lentiginoso_acral,ISIC_ALM_0066.jpg,c:\Users\elpro\Documents\Github\melanoma\imagenes\dataset_balanceado_1200_estructura_original\Lentiginoso Acral\ISIC_ALM_0066.jpg,source,original,c:\Users\elpro\Documents\Github\melanoma\imagenes\IMAGENES DEMARTOLOGICAS\Lentiginoso Acral\melanoma_0439_acraltipo_038.jpg,8543029fdd947cad421e4961aa20b07fb92f3138efa5688c70f07f0935b39272
lentiginoso_acral,ISIC_ALM_0067.jpg,c:\Users\elpro\Documents\Github\melanoma\imagenes\dataset_balanceado_1200_estructura_original\Lentiginoso Acral\ISIC_ALM_0067.jpg,source,original,c:\Users\elpro\Documents\Github\melanoma\imagenes\IMAGENES DEMARTOLOGICAS\Lentiginoso Acral\acral-lentiginous-melanoma-0012.jpg,753208d235c7abc0478ab7b2f4dd4b3b71c1b975619a9f21dd7e1ed05a7c2590
lentiginoso_acral,ISIC_ALM_0068.jpg,c:\Users\elpro\Documents\Github\melanoma\imagenes\dataset_balanceado_1200_estructura_original\Lentiginoso Acral\ISIC_ALM_0068.jpg,source,original,c:\Users\elpro\Documents\Github\melanoma\imagenes\IMAGENES DEMARTOLOGICAS\Lentiginoso Acral\melanoma_0439_acraltipo_023.jpg,80ca591fb841f57ad44a4609510260a3ba4de34e346eb41cb1fe3da542aaf24d
lentiginoso_acral,ISIC_ALM_0069.jpg,c:\Users\elpro\Documents\Github\melanoma\imagenes\dataset_balanceado_1200_estructura_original\Lentiginoso Acral\ISIC_ALM_0069.jpg,source,original,c:\Users\elpro\Documents\Github\melanoma\imagenes\IMAGENES DEMARTOLOGICAS\Lentiginoso Acral\alm9.jpg,f671ac99209ee85b94412944a67a58077713438d00ae623e7fb205324295788d
lentiginoso_acral,ISIC_ALM_0070.jpg,c:\Users\elpro\Documents\Github\melanoma\imagenes\dataset_balanceado_1200_estructura_original\Lentiginoso Acral\ISIC_ALM_0070.jpg,source,original,c:\Users\elpro\Documents\Github\melanoma\imagenes\IMAGENES DEMARTOLOGICAS\Lentiginoso Acral\melanoma_0439_acraltipo_014.jpg,ddfd13719fccaaa786ee569a20ada38617c2090ef818187f8d319f237d78710f
lentiginoso_acral,ISIC_ALM_0071.jpg,c:\Users\elpro\Documents\Github\melanoma\imagenes\dataset_balanceado_1200_estructura_original\Lentiginoso Acral\ISIC_ALM_0071.jpg,source,original,c:\Users\elpro\Documents\Github\melanoma\imagenes\IMAGENES DEMARTOLOGICAS\Lentiginoso Acral\melanoma_0439_acraltipo_021.jpg,45c4709fa5ba8170e1c50575ab458bc8d833c3cbc419dab26cd08fa7565a2848
lentiginoso_acral,ISIC_ALM_0072.jpg,c:\Users\elpro\Documents\Github\melanoma\imagenes\dataset_balanceado_1200_estructura_original\Lentiginoso Acral\ISIC_ALM_0072.jpg,source,original,c:\Users\elpro\Documents\Github\melanoma\imagenes\IMAGENES DEMARTOLOGICAS\Lentiginoso Acral\melanoma_0439_acraltipo_030.jpg,c5663929f2e7b0e79ae3f15f795c494c6e0d7bf32f38f692cb961fdfcef67f7e
lentiginoso_acral,ISIC_ALM_0073.jpg,c:\Users\elpro\Documents\Github\melanoma\imagenes\dataset_balanceado_1200_estructura_original\Lentiginoso Acral\ISIC_ALM_0073.jpg,source,original,c:\Users\elpro\Documents\Github\melanoma\imagenes\IMAGENES DEMARTOLOGICAS\Lentiginoso Acral\acral-lentiginous-melanoma-2-v2.jpg,f4b406914f2aca8b3ed0be15ca8a42d64cae5e9a86df1e3f18178ed26464876d
lentiginoso_acral,ISIC_ALM_0074.jpg,c:\Users\elpro\Documents\Github\melanoma\imagenes\dataset_balanceado_1200_estructura_original\Lentiginoso Acral\ISIC_ALM_0074.jpg,augmented_from_source,flip_h+rot_5+bright_0.924+contrast_0.942+color_0.972+sharp_1.041+crop_0.927,c:\Users\elpro\Documents\Github\melanoma\imagenes\IMAGENES DEMARTOLOGICAS\Lentiginoso Acral\melanoma_0439_acraltipo_006.jpg,53153a9d19158ac6290296eecd15ff481cd58b9fc30a20ec2ebfe24f49d14481
lentiginoso_acral,ISIC_ALM_0075.jpg,c:\Users\elpro\Documents\Github\melanoma\imagenes\dataset_balanceado_1200_estructura_original\Lentiginoso Acral\ISIC_ALM_0075.jpg,augmented_from_source,rot_90+bright_0.993+contrast_1.060+color_0.928+sharp_1.140+crop_0.918,c:\Users\elpro\Documents\Github\melanoma\imagenes\IMAGENES DEMARTOLOGICAS\Lentiginoso Acral\acral-lentiginous-melanoma-0003.jpg,85a8ae44beb6be22e9f678ecac1eec1ef2b97987b960f1794d96db74c1217225
lentiginoso_acral,ISIC_ALM_0076.jpg,c:\Users\elpro\Documents\Github\melanoma\imagenes\dataset_balanceado_1200_estructura_original\Lentiginoso Acral\ISIC_ALM_0076.jpg,augmented_from_source,flip_v+bright_1.029+contrast_0.937+color_0.996+sharp_0.973+crop_0.976,c:\Users\elpro\Documents\Github\melanoma\imagenes\IMAGENES DEMARTOLOGICAS\Lentiginoso Acral\melanoma_0439_acraltipo_022.jpg,7057bdf6454561f35ce58551c4f9d021ec7d753f97b47651f55e62a8f6c4d6fe
lentiginoso_acral,ISIC_ALM_0077.jpg,c:\Users\elpro\Documents\Github\melanoma\imagenes\dataset_balanceado_1200_estructura_original\Lentiginoso Acral\ISIC_ALM_0077.jpg,augmented_from_source,flip_h+rot_90+bright_1.067+contrast_0.919+color_0.970+sharp_1.066+crop_0.974,c:\Users\elpro\Documents\Github\melanoma\imagenes\IMAGENES DEMARTOLOGICAS\Lentiginoso Acral\melanoma_0439_acraltipo_032.jpg,a6fa22108cac759cb0e24ccbe79dd157edf7eb390f73c5046b5864f579efd493
lentiginoso_acral,ISIC_ALM_0078.jpg,c:\Users\elpro\Documents\Github\melanoma\imagenes\dataset_balanceado_1200_estructura_original\Lentiginoso Acral\ISIC_ALM_0078.jpg,augmented_from_source,flip_v+rot_270+bright_0.904+contrast_1.065+color_1.056+sharp_1.070+crop_0.910,c:\Users\elpro\Documents\Github\melanoma\imagenes\IMAGENES DEMARTOLOGICAS\Lentiginoso Acral\melanoma_0439_acraltipo_013.jpg,6a0d45beefe2154597046138fa666a2a1b997fbd1c8952e9c21b06a150ef7490
lentiginoso_acral,ISIC_ALM_0079.jpg,c:\Users\elpro\Documents\Github\melanoma\imagenes\dataset_balanceado_1200_estructura_original\Lentiginoso Acral\ISIC_ALM_0079.jpg,augmented_from_source,flip_h+rot_8+bright_1.035+contrast_0.883+color_0.987+sharp_1.048+crop_0.935,c:\Users\elpro\Documents\Github\melanoma\imagenes\IMAGENES DEMARTOLOGICAS\Lentiginoso Acral\acral-lentiginous-melanoma-0005.jpg,95c170579843715382c52c163b75d582c606f904c28d78fb769d267b11d97633
lentiginoso_acral,ISIC_ALM_0080.jpg,c:\Users\elpro\Documents\Github\melanoma\imagenes\dataset_balanceado_1200_estructura_original\Lentiginoso Acral\ISIC_ALM_0080.jpg,augmented_from_source,flip_h+rot_-12+bright_1.028+contrast_1.101+color_1.044+sharp_1.043+crop_0.966,c:\Users\elpro\Documents\Github\melanoma\imagenes\IMAGENES DEMARTOLOGICAS\Lentiginoso Acral\melanoma_0439_acraltipo_019.jpg,7beea89c25979d0dda5830088788d8d6c6c97b101179a996b8a7827741cdafec
lentiginoso_acral,ISIC_ALM_0081.jpg,c:\Users\elpro\Documents\Github\melanoma\imagenes\dataset_balanceado_1200_estructura_original\Lentiginoso Acral\ISIC_ALM_0081.jpg,augmented_from_source,flip_h+rot_-12+bright_1.092+contrast_0.939+color_0.994+sharp_1.072+crop_0.930,c:\Users\elpro\Documents\Github\melanoma\imagenes\IMAGENES DEMARTOLOGICAS\Lentiginoso Acral\acral-lentiginous-melanoma-3.jpg,d0e9e5f2beb128e838892303097bbdc53e6f6ccf489bd519421f38dfa83df7af
lentiginoso_acral,ISIC_ALM_0082.jpg,c:\Users\elpro\Documents\Github\melanoma\imagenes\dataset_balanceado_1200_estructura_original\Lentiginoso Acral\ISIC_ALM_0082.jpg,augmented_from_source,flip_h+flip_v+rot_-12+bright_0.962+contrast_1.091+color_1.032+sharp_1.005+crop_0.901+blur_0.5,c:\Users\elpro\Documents\Github\melanoma\imagenes\IMAGENES DEMARTOLOGICAS\Lentiginoso Acral\melanoma_0439_acraltipo_024.jpg,1114a0d056938ad0f179813d700ab8d4c88473289a490895c0b9198e744bb53d
lentiginoso_acral,ISIC_ALM_0083.jpg,c:\Users\elpro\Documents\Github\melanoma\imagenes\dataset_balanceado_1200_estructura_original\Lentiginoso Acral\ISIC_ALM_0083.jpg,augmented_from_source,rot_270+bright_1.046+contrast_1.035+color_0.999+sharp_1.109+crop_0.907,c:\Users\elpro\Documents\Github\melanoma\imagenes\IMAGENES DEMARTOLOGICAS\Lentiginoso Acral\melanoma_0439_acraltipo_005.jpg,3e70a2bac4a06c53b64f2a48f9b07507441b5aad8dec2c7810543267f27bce73
lentiginoso_acral,ISIC_ALM_0084.jpg,c:\Users\elpro\Documents\Github\melanoma\imagenes\dataset_balanceado_1200_estructura_original\Lentiginoso Acral\ISIC_ALM_0084.jpg,augmented_from_source,flip_h+rot_5+bright_1.013+contrast_0.963+color_1.079+sharp_1.060+crop_0.928,c:\Users\elpro\Documents\Github\melanoma\imagenes\IMAGENES DEMARTOLOGICAS\Lentiginoso Acral\melanoma_0439_acraltipo_027.jpg,deb73623227f901f1bf9d2309758f0b728e83893dcc670eb71689ceb7d3f3a37
lentiginoso_acral,ISIC_ALM_0085.jpg,c:\Users\elpro\Documents\Github\melanoma\imagenes\dataset_balanceado_1200_estructura_original\Lentiginoso Acral\ISIC_ALM_0085.jpg,augmented_from_source,flip_h+rot_-8+bright_0.909+contrast_1.009+color_1.042+sharp_0.987+crop_0.917,c:\Users\elpro\Documents\Github\melanoma\imagenes\IMAGENES DEMARTOLOGICAS\Lentiginoso Acral\melanoma_0439_acraltipo_026.jpg,2c62a0ef17238db4646c9645200c0b6f45bece6ac696953a497e72cb87f2d9bb
lentiginoso_acral,ISIC_ALM_0086.jpg,c:\Users\elpro\Documents\Github\melanoma\imagenes\dataset_balanceado_1200_estructura_original\Lentiginoso Acral\ISIC_ALM_0086.jpg,augmented_from_source,rot_-12+bright_1.115+contrast_1.080+color_0.967+sharp_1.022+crop_0.924,c:\Users\elpro\Documents\Github\melanoma\imagenes\IMAGENES DEMARTOLOGICAS\Lentiginoso Acral\13433-melanonychia-striata-hutchinson-sign-cdc-phil-arrows-sized_es.jpg,b85056943facdc16ad6f72f236506d9eae111eb42593672c7876ae1c7db79d06
lentiginoso_acral,ISIC_ALM_0087.jpg,c:\Users\elpro\Documents\Github\melanoma\imagenes\dataset_balanceado_1200_estructura_original\Lentiginoso Acral\ISIC_ALM_0087.jpg,augmented_from_source,rot_180+bright_1.033+contrast_1.061+color_0.936+sharp_0.952+crop_0.923,c:\Users\elpro\Documents\Github\melanoma\imagenes\IMAGENES DEMARTOLOGICAS\Lentiginoso Acral\melanoma_0439_acraltipo_008.jpg,2765311eecdbe21ac66a34737cac56cbfafa58a0f03bf220ad1d89fcec5c7ced
lentiginoso_acral,ISIC_ALM_0088.jpg,c:\Users\elpro\Documents\Github\melanoma\imagenes\dataset_balanceado_1200_estructura_original\Lentiginoso Acral\ISIC_ALM_0088.jpg,augmented_from_source,rot_5+bright_0.907+contrast_0.896+color_0.999+sharp_1.065+crop_0.955,c:\Users\elpro\Documents\Github\melanoma\imagenes\IMAGENES DEMARTOLOGICAS\Lentiginoso Acral\acral-lentiginous-melanoma-0010.jpg,8ae9476d4328f128f97761ffd5429a97462a507156e025cf7d0a662e6fb66a6b
lentiginoso_acral,ISIC_ALM_0089.jpg,c:\Users\elpro\Documents\Github\melanoma\imagenes\dataset_balanceado_1200_estructura_original\Lentiginoso Acral\ISIC_ALM_0089.jpg,augmented_from_source,flip_v+rot_270+bright_0.908+contrast_1.063+color_1.017+sharp_1.108+crop_0.918,c:\Users\elpro\Documents\Github\melanoma\imagenes\IMAGENES DEMARTOLOGICAS\Lentiginoso Acral\acral-lentiginous-melanoma-2-v3.jpg,8e78fe62659289b5857a6929114adb6b61229d5f4d3942bf69928d3ec8baed5f
lentiginoso_acral,ISIC_ALM_0090.jpg,c:\Users\elpro\Documents\Github\melanoma\imagenes\dataset_balanceado_1200_estructura_original\Lentiginoso Acral\ISIC_ALM_0090.jpg,augmented_from_source,flip_h+rot_-5+bright_0.953+contrast_1.029+color_1.018+sharp_1.098+crop_0.976,c:\Users\elpro\Documents\Github\melanoma\imagenes\IMAGENES DEMARTOLOGICAS\Lentiginoso Acral\acral-lentiginous-melanoma-0007.jpg,8b8c5b73ea96c1dd98646deef66b374ea6c476729d07100ffe92daeeaa52544f
lentiginoso_acral,ISIC_ALM_0091.jpg,c:\Users\elpro\Documents\Github\melanoma\imagenes\dataset_balanceado_1200_estructura_original\Lentiginoso Acral\ISIC_ALM_0091.jpg,augmented_from_source,flip_v+rot_180+bright_1.012+contrast_0.918+color_0.985+sharp_1.088+crop_0.938,c:\Users\elpro\Documents\Github\melanoma\imagenes\IMAGENES DEMARTOLOGICAS\Lentiginoso Acral\Screenshot-2025-10-13-at-2.21.28-PM.jpg,b379596181a638306589307bdb666edb04815447ef8d8176811ca896e89b4bd2
lentiginoso_acral,ISIC_ALM_0092.jpg,c:\Users\elpro\Documents\Github\melanoma\imagenes\dataset_balanceado_1200_estructura_original\Lentiginoso Acral\ISIC_ALM_0092.jpg,augmented_from_source,flip_h+rot_90+bright_1.045+contrast_1.102+color_1.046+sharp_1.075+crop_0.953+blur_0.5,c:\Users\elpro\Documents\Github\melanoma\imagenes\IMAGENES DEMARTOLOGICAS\Lentiginoso Acral\acral-lentiginous-melanoma-0014.jpg,bb6f677a09a67e77d03f9cc6cf3b5723da9c9a25f54e4408a63d40bb8c93a525
lentiginoso_acral,ISIC_ALM_0093.jpg,c:\Users\elpro\Documents\Github\melanoma\imagenes\dataset_balanceado_1200_estructura_original\Lentiginoso Acral\ISIC_ALM_0093.jpg,augmented_from_source,flip_h+flip_v+rot_-12+bright_1.078+contrast_0.897+color_0.947+sharp_1.012+crop_0.960,c:\Users\elpro\Documents\Github\melanoma\imagenes\IMAGENES DEMARTOLOGICAS\Lentiginoso Acral\acral-lentiginous-melanoma-0006.jpg,e1753770fb3713e34fe06197e3ca69be24a98b427e1e28f71d535a0a11112548
lentiginoso_acral,ISIC_ALM_0094.jpg,c:\Users\elpro\Documents\Github\melanoma\imagenes\dataset_balanceado_1200_estructura_original\Lentiginoso Acral\ISIC_ALM_0094.jpg,augmented_from_source,flip_h+rot_-5+bright_1.106+contrast_1.000+color_0.999+sharp_0.966+crop_0.903,c:\Users\elpro\Documents\Github\melanoma\imagenes\IMAGENES DEMARTOLOGICAS\Lentiginoso Acral\6953779970_a3e40cfb61-300x212.jpg,28783419bfdc0990d0a191c9360cf2df12bec5c49fdf49fdf0e5ef014e68b771
lentiginoso_acral,ISIC_ALM_0095.jpg,c:\Users\elpro\Documents\Github\melanoma\imagenes\dataset_balanceado_1200_estructura_original\Lentiginoso Acral\ISIC_ALM_0095.jpg,augmented_from_source,flip_h+flip_v+rot_12+bright_1.021+contrast_0.885+color_1.042+sharp_1.114+crop_0.946,c:\Users\elpro\Documents\Github\melanoma\imagenes\IMAGENES DEMARTOLOGICAS\Lentiginoso Acral\melanoma_0439_acraltipo_015.jpg,43f966257063ac3e377005ddc0fcf76a23b189813e5ae9b16e008639ac19f643
lentiginoso_acral,ISIC_ALM_0096.jpg,c:\Users\elpro\Documents\Github\melanoma\imagenes\dataset_balanceado_1200_estructura_original\Lentiginoso Acral\ISIC_ALM_0096.jpg,augmented_from_source,flip_h+rot_12+bright_0.985+contrast_1.075+color_1.075+sharp_1.044+crop_0.933+blur_0.5,c:\Users\elpro\Documents\Github\melanoma\imagenes\IMAGENES DEMARTOLOGICAS\Lentiginoso Acral\melanoma_0439_acraltipo_003.jpg,5a80955511fe23869b1221085f85e57bda2576b6b98a3febd33710ce84a98d84
lentiginoso_acral,ISIC_ALM_0097.jpg,c:\Users\elpro\Documents\Github\melanoma\imagenes\dataset_balanceado_1200_estructura_original\Lentiginoso Acral\ISIC_ALM_0097.jpg,augmented_from_source,flip_h+rot_5+bright_0.949+contrast_1.107+color_1.050+sharp_1.060+crop_0.936,c:\Users\elpro\Documents\Github\melanoma\imagenes\IMAGENES DEMARTOLOGICAS\Lentiginoso Acral\acral-lentiginous-melanoma-on-side-of-person-s-heel-300x200.jpg,bfd36804e103a8c509715939350f536e5e4e1b46ee191344dfa282b04e3ae819
lentiginoso_acral,ISIC_ALM_0098.jpg,c:\Users\elpro\Documents\Github\melanoma\imagenes\dataset_balanceado_1200_estructura_original\Lentiginoso Acral\ISIC_ALM_0098.jpg,augmented_from_source,rot_8+bright_1.078+contrast_0.880+color_1.059+sharp_1.042+crop_0.904,c:\Users\elpro\Documents\Github\melanoma\imagenes\IMAGENES DEMARTOLOGICAS\Lentiginoso Acral\acral-lentiginous-melanoma-0008.jpg,e5bf84b53d9983f6963dd4fa9a519847ccf1a04c81729b8440c0b13d689ca035
lentiginoso_acral,ISIC_ALM_0099.jpg,c:\Users\elpro\Documents\Github\melanoma\imagenes\dataset_balanceado_1200_estructura_original\Lentiginoso Acral\ISIC_ALM_0099.jpg,augmented_from_source,flip_h+bright_0.929+contrast_1.012+color_1.068+sharp_1.038+crop_0.956,c:\Users\elpro\Documents\Github\melanoma\imagenes\IMAGENES DEMARTOLOGICAS\Lentiginoso Acral\acral-lentiginous-melanoma-0004.jpg,32fd222f9095151494b628fae8af9ff1ccc1f2dad8f23e5fa40b3af5dbc895ac
lentiginoso_acral,ISIC_ALM_0100.jpg,c:\Users\elpro\Documents\Github\melanoma\imagenes\dataset_balanceado_1200_estructura_original\Lentiginoso Acral\ISIC_ALM_0100.jpg,augmented_from_source,flip_v+rot_180+bright_0.955+contrast_0.883+color_0.985+sharp_0.995+crop_0.967,c:\Users\elpro\Documents\Github\melanoma\imagenes\IMAGENES DEMARTOLOGICAS\Lentiginoso Acral\melanoma_0439_acraltipo_002.jpg,ebc24e1fae695b91cb84857a327550c5cf888aa46e6f855958d0bc7591decb94
lentigo_maligno,ISIC_LMM_0001.jpg,c:\Users\elpro\Documents\Github\melanoma\imagenes\dataset_balanceado_1200_estructura_original\Lentigo Maligno\ISIC_LMM_0001.jpg,source,original,c:\Users\elpro\Documents\Github\melanoma\imagenes\IMAGENES DEMARTOLOGICAS\Lentigo Maligno\mel_lent21.jpg,a32317006bebd30bedcdc1d055c1ffdef943c8fb8b7252ce3215710ea6843085
lentigo_maligno,ISIC_LMM_0002.jpg,c:\Users\elpro\Documents\Github\melanoma\imagenes\dataset_balanceado_1200_estructura_original\Lentigo Maligno\ISIC_LMM_0002.jpg,source,original,c:\Users\elpro\Documents\Github\melanoma\imagenes\IMAGENES DEMARTOLOGICAS\Lentigo Maligno\mel_lent13.jpg,bb99390fad6e42c258d6c667e5593ee170850cce666ff5d274544ef00c6d4645
lentigo_maligno,ISIC_LMM_0003.jpg,c:\Users\elpro\Documents\Github\melanoma\imagenes\dataset_balanceado_1200_estructura_original\Lentigo Maligno\ISIC_LMM_0003.jpg,source,original,c:\Users\elpro\Documents\Github\melanoma\imagenes\IMAGENES DEMARTOLOGICAS\Lentigo Maligno\lentigo-maligna-close-up-of-lentigo-maligna-on-the-cheek-of-an-82-year-old-male-patient-this-is-a-very-early-stage-of-a-malignant-cancerous-melano-2AD2TR7.jpg,33a05865f7774f6a1a04cbee046184aa943506dcf647e2b156d85b1d1a35eeea
lentigo_maligno,ISIC_LMM_0004.jpg,c:\Users\elpro\Documents\Github\melanoma\imagenes\dataset_balanceado_1200_estructura_original\Lentigo Maligno\ISIC_LMM_0004.jpg,source,original,c:\Users\elpro\Documents\Github\melanoma\imagenes\IMAGENES DEMARTOLOGICAS\Lentigo Maligno\lm5.jpg,11cbbcc8c6050511670c296d200251dc0d188421a3bdacb06482714a515377ec
lentigo_maligno,ISIC_LMM_0005.jpg,c:\Users\elpro\Documents\Github\melanoma\imagenes\dataset_balanceado_1200_estructura_original\Lentigo Maligno\ISIC_LMM_0005.jpg,source,original,c:\Users\elpro\Documents\Github\melanoma\imagenes\IMAGENES DEMARTOLOGICAS\Lentigo Maligno\mel_67554_lentigomaligno004.jpg,572d8580301f9a5efb60b907b007b00602b9ecd8d751b17875acf6a71aee6257
lentigo_maligno,ISIC_LMM_0006.jpg,c:\Users\elpro\Documents\Github\melanoma\imagenes\dataset_balanceado_1200_estructura_original\Lentigo Maligno\ISIC_LMM_0006.jpg,source,original,c:\Users\elpro\Documents\Github\melanoma\imagenes\IMAGENES DEMARTOLOGICAS\Lentigo Maligno\gettyimages-629413417-612x612.jpg,27a70f25e30219639ad9dd4d3245a5a3fc51041848df2b752f5be2f530781457
lentigo_maligno,ISIC_LMM_0007.jpg,c:\Users\elpro\Documents\Github\melanoma\imagenes\dataset_balanceado_1200_estructura_original\Lentigo Maligno\ISIC_LMM_0007.jpg,source,original,c:\Users\elpro\Documents\Github\melanoma\imagenes\IMAGENES DEMARTOLOGICAS\Lentigo Maligno\2473642-lentigo-maligna-melanoma.jpg,a2fb4b22772ea40bf58f46f45b6ec58561b8606042d7204baa997db838da2a9c
lentigo_maligno,ISIC_LMM_0008.jpg,c:\Users\elpro\Documents\Github\melanoma\imagenes\dataset_balanceado_1200_estructura_original\Lentigo Maligno\ISIC_LMM_0008.jpg,source,original,c:\Users\elpro\Documents\Github\melanoma\imagenes\IMAGENES DEMARTOLOGICAS\Lentigo Maligno\mel_lent.jpg,b1d9298c5f2c3467689152302ad61dd9783b1a5f98180f58ef185941fbada247
lentigo_maligno,ISIC_LMM_0009.jpg,c:\Users\elpro\Documents\Github\melanoma\imagenes\dataset_balanceado_1200_estructura_original\Lentigo Maligno\ISIC_LMM_0009.jpg,source,original,c:\Users\elpro\Documents\Github\melanoma\imagenes\IMAGENES DEMARTOLOGICAS\Lentigo Maligno\gettyimages-151035259-612x612.jpg,8fb877c314a012beb7f099be73516525a13624f59dcbbb1a88ca0b1aca9e6b99
lentigo_maligno,ISIC_LMM_0010.jpg,c:\Users\elpro\Documents\Github\melanoma\imagenes\dataset_balanceado_1200_estructura_original\Lentigo Maligno\ISIC_LMM_0010.jpg,source,original,c:\Users\elpro\Documents\Github\melanoma\imagenes\IMAGENES DEMARTOLOGICAS\Lentigo Maligno\lentigo-maligna.jpg,73aea113a54e0eeed42d8ff939f7a8ac889e832ce208c0e1bf63032ed5d6d09e
lentigo_maligno,ISIC_LMM_0011.jpg,c:\Users\elpro\Documents\Github\melanoma\imagenes\dataset_balanceado_1200_estructura_original\Lentigo Maligno\ISIC_LMM_0011.jpg,source,original,c:\Users\elpro\Documents\Github\melanoma\imagenes\IMAGENES DEMARTOLOGICAS\Lentigo Maligno\gettyimages-151056641-612x612.jpg,3669e64d5c0156e7cc16052d2a5dcecb3c7d43e7f620d51d1b03f00ab089620f
lentigo_maligno,ISIC_LMM_0012.jpg,c:\Users\elpro\Documents\Github\melanoma\imagenes\dataset_balanceado_1200_estructura_original\Lentigo Maligno\ISIC_LMM_0012.jpg,source,original,c:\Users\elpro\Documents\Github\melanoma\imagenes\IMAGENES DEMARTOLOGICAS\Lentigo Maligno\mel_lent14.jpg,1345f5309629e447dda0327f758b2e235c083f8746a384b316db188185f31ae1
lentigo_maligno,ISIC_LMM_0013.jpg,c:\Users\elpro\Documents\Github\melanoma\imagenes\dataset_balanceado_1200_estructura_original\Lentigo Maligno\ISIC_LMM_0013.jpg,source,original,c:\Users\elpro\Documents\Github\melanoma\imagenes\IMAGENES DEMARTOLOGICAS\Lentigo Maligno\lmm11.jpg,89fcb42229e5904c35005eba23486060d19ed30adb889d668cd7e10e9870f775
lentigo_maligno,ISIC_LMM_0014.jpg,c:\Users\elpro\Documents\Github\melanoma\imagenes\dataset_balanceado_1200_estructura_original\Lentigo Maligno\ISIC_LMM_0014.jpg,source,original,c:\Users\elpro\Documents\Github\melanoma\imagenes\IMAGENES DEMARTOLOGICAS\Lentigo Maligno\lentigo-maligna-melanoma-1.7mm-jaw.jpg,b950f2b1ee9ad5a9d7bef679ea5ae2ff2028a3119b2f24571d9325b5a595a8c1
lentigo_maligno,ISIC_LMM_0015.jpg,c:\Users\elpro\Documents\Github\melanoma\imagenes\dataset_balanceado_1200_estructura_original\Lentigo Maligno\ISIC_LMM_0015.jpg,source,original,c:\Users\elpro\Documents\Github\melanoma\imagenes\IMAGENES DEMARTOLOGICAS\Lentigo Maligno\thin-lentigo-maligna-melanoma-on-leg-2.jpg,0f0a8c9d216b33c7be8c89293fa74851160226cfc2ebafb0b9e31d5991802760
lentigo_maligno,ISIC_LMM_0016.jpg,c:\Users\elpro\Documents\Github\melanoma\imagenes\dataset_balanceado_1200_estructura_original\Lentigo Maligno\ISIC_LMM_0016.jpg,source,original,c:\Users\elpro\Documents\Github\melanoma\imagenes\IMAGENES DEMARTOLOGICAS\Lentigo Maligno\lm6.jpg,c47010d942e1ba26df4ea575b52ceadc63f32e478ead0deb115f09f693ecd8c2
lentigo_maligno,ISIC_LMM_0017.jpg,c:\Users\elpro\Documents\Github\melanoma\imagenes\dataset_balanceado_1200_estructura_original\Lentigo Maligno\ISIC_LMM_0017.jpg,source,original,c:\Users\elpro\Documents\Github\melanoma\imagenes\IMAGENES DEMARTOLOGICAS\Lentigo Maligno\lentigo-maligna-macro.jpg,89fd6f514441ae280ed1e7fe2f8e93cbe5f50e690722803a4ad6367e00e17a88
lentigo_maligno,ISIC_LMM_0018.jpg,c:\Users\elpro\Documents\Github\melanoma\imagenes\dataset_balanceado_1200_estructura_original\Lentigo Maligno\ISIC_LMM_0018.jpg,source,original,c:\Users\elpro\Documents\Github\melanoma\imagenes\IMAGENES DEMARTOLOGICAS\Lentigo Maligno\mel_lent18.jpg,e96942bd26a9f1b260f9188f1d770361e2464e9d0ccd9203de420858b870d5b0
lentigo_maligno,ISIC_LMM_0019.jpg,c:\Users\elpro\Documents\Github\melanoma\imagenes\dataset_balanceado_1200_estructura_original\Lentigo Maligno\ISIC_LMM_0019.jpg,source,original,c:\Users\elpro\Documents\Github\melanoma\imagenes\IMAGENES DEMARTOLOGICAS\Lentigo Maligno\EwR3_MHWEAI8wpZ.jpg,9ae1bd4d5859a1c9d13631376ab3162cbf0eec7f168795a340afce3f13ebae2e
lentigo_maligno,ISIC_LMM_0020.jpg,c:\Users\elpro\Documents\Github\melanoma\imagenes\dataset_balanceado_1200_estructura_original\Lentigo Maligno\ISIC_LMM_0020.jpg,source,original,c:\Users\elpro\Documents\Github\melanoma\imagenes\IMAGENES DEMARTOLOGICAS\Lentigo Maligno\stock-photo-age-spots-with-lentigo-maligna-eye-bags-and-smile-line-on-the-old-woman-s-cheek-an-early-form-of-2488074581.jpg,610b1a796356f2f8e1fe2a78c7ebcb690659c6efc1740d9479ef11eff6157713
lentigo_maligno,ISIC_LMM_0021.jpg,c:\Users\elpro\Documents\Github\melanoma\imagenes\dataset_balanceado_1200_estructura_original\Lentigo Maligno\ISIC_LMM_0021.jpg,source,original,c:\Users\elpro\Documents\Github\melanoma\imagenes\IMAGENES DEMARTOLOGICAS\Lentigo Maligno\bdfsrngbrfds354.jpg,33e211ed052bc7a211aa51fd4b5341df5449df511d2c4495da36d832b7643f33
lentigo_maligno,ISIC_LMM_0022.jpg,c:\Users\elpro\Documents\Github\melanoma\imagenes\dataset_balanceado_1200_estructura_original\Lentigo Maligno\ISIC_LMM_0022.jpg,source,original,c:\Users\elpro\Documents\Github\melanoma\imagenes\IMAGENES DEMARTOLOGICAS\Lentigo Maligno\lentigo-maligna-macro5.jpg,23d3bb660273d0f734d7b35ab032ed2e09c026b07cd0e5c55a54c88d4b950b2f
lentigo_maligno,ISIC_LMM_0023.jpg,c:\Users\elpro\Documents\Github\melanoma\imagenes\dataset_balanceado_1200_estructura_original\Lentigo Maligno\ISIC_LMM_0023.jpg,source,original,c:\Users\elpro\Documents\Github\melanoma\imagenes\IMAGENES DEMARTOLOGICAS\Lentigo Maligno\mel_lent17.jpg,09a680e15a6b4c44d1551bcc46a305e7e1d7fb5e0d094d05e6f15b9cf8894263
lentigo_maligno,ISIC_LMM_0024.jpg,c:\Users\elpro\Documents\Github\melanoma\imagenes\dataset_balanceado_1200_estructura_original\Lentigo Maligno\ISIC_LMM_0024.jpg,source,original,c:\Users\elpro\Documents\Github\melanoma\imagenes\IMAGENES DEMARTOLOGICAS\Lentigo Maligno\gettyimages-629413497-612x612.jpg,2c7fff9c7b4c2c2213f602fdd3e30c5a26af5af54c25c9cee7972bad20649f24
lentigo_maligno,ISIC_LMM_0025.jpg,c:\Users\elpro\Documents\Github\melanoma\imagenes\dataset_balanceado_1200_estructura_original\Lentigo Maligno\ISIC_LMM_0025.jpg,source,original,c:\Users\elpro\Documents\Github\melanoma\imagenes\IMAGENES DEMARTOLOGICAS\Lentigo Maligno\lmm16.jpg,80a3c5c81bfe6069efb323e9c40201de346ab80cabce89e2e87d8f950afe406c
lentigo_maligno,ISIC_LMM_0026.jpg,c:\Users\elpro\Documents\Github\melanoma\imagenes\dataset_balanceado_1200_estructura_original\Lentigo Maligno\ISIC_LMM_0026.jpg,source,original,c:\Users\elpro\Documents\Github\melanoma\imagenes\IMAGENES DEMARTOLOGICAS\Lentigo Maligno\mel_67554_lentigomaligno009.jpg,c63638130aa27502bd4731993e91c1975cd0757a5bdb698e34900bacb5676e52
lentigo_maligno,ISIC_LMM_0027.jpg,c:\Users\elpro\Documents\Github\melanoma\imagenes\dataset_balanceado_1200_estructura_original\Lentigo Maligno\ISIC_LMM_0027.jpg,source,original,c:\Users\elpro\Documents\Github\melanoma\imagenes\IMAGENES DEMARTOLOGICAS\Lentigo Maligno\lmm18.jpg,a05cd8ef81a81665c473cfe382a4c3e5a08e73c5e570dcf6420ab1f754375dc7
lentigo_maligno,ISIC_LMM_0028.jpg,c:\Users\elpro\Documents\Github\melanoma\imagenes\dataset_balanceado_1200_estructura_original\Lentigo Maligno\ISIC_LMM_0028.jpg,source,original,c:\Users\elpro\Documents\Github\melanoma\imagenes\IMAGENES DEMARTOLOGICAS\Lentigo Maligno\melanoma_maligno43524.jpg,1d838ad1e34d3bedefa77a2c272294580f23918af4d7726257c29bce7d2c4672
lentigo_maligno,ISIC_LMM_0029.jpg,c:\Users\elpro\Documents\Github\melanoma\imagenes\dataset_balanceado_1200_estructura_original\Lentigo Maligno\ISIC_LMM_0029.jpg,source,original,c:\Users\elpro\Documents\Github\melanoma\imagenes\IMAGENES DEMARTOLOGICAS\Lentigo Maligno\ISIC_0009993.jpg,f181305ee45adf1b59bd466beb786e162c5bd338a136c96318be7e9f7d58f8f8
lentigo_maligno,ISIC_LMM_0030.jpg,c:\Users\elpro\Documents\Github\melanoma\imagenes\dataset_balanceado_1200_estructura_original\Lentigo Maligno\ISIC_LMM_0030.jpg,source,original,c:\Users\elpro\Documents\Github\melanoma\imagenes\IMAGENES DEMARTOLOGICAS\Lentigo Maligno\lentigo-maligna-macro-nose.jpg,1add7801c8f8f4399a6fdde3d55891f8065e27c302db75d52eba0449c232687f
lentigo_maligno,ISIC_LMM_0031.jpg,c:\Users\elpro\Documents\Github\melanoma\imagenes\dataset_balanceado_1200_estructura_original\Lentigo Maligno\ISIC_LMM_0031.jpg,source,original,c:\Users\elpro\Documents\Github\melanoma\imagenes\IMAGENES DEMARTOLOGICAS\Lentigo Maligno\lmm10-big.jpg,64ea4ef96a1fb773d624a31637127d9a5567f287705080dd25e488b40a6d429a
lentigo_maligno,ISIC_LMM_0032.jpg,c:\Users\elpro\Documents\Github\melanoma\imagenes\dataset_balanceado_1200_estructura_original\Lentigo Maligno\ISIC_LMM_0032.jpg,source,original,c:\Users\elpro\Documents\Github\melanoma\imagenes\IMAGENES DEMARTOLOGICAS\Lentigo Maligno\tyjnrfd645764.jpg,4bf822183588658ff6a6448eea4bfec2fe43fc8df755e8bc7be1dfb193b2b656
lentigo_maligno,ISIC_LMM_0033.jpg,c:\Users\elpro\Documents\Github\melanoma\imagenes\dataset_balanceado_1200_estructura_original\Lentigo Maligno\ISIC_LMM_0033.jpg,source,original,c:\Users\elpro\Documents\Github\melanoma\imagenes\IMAGENES DEMARTOLOGICAS\Lentigo Maligno\lmm19.jpg,e04f1e30b75195aba75e9016dd9605a8fd538237f4c597756fdf302aced3b1c1
lentigo_maligno,ISIC_LMM_0034.jpg,c:\Users\elpro\Documents\Github\melanoma\imagenes\dataset_balanceado_1200_estructura_original\Lentigo Maligno\ISIC_LMM_0034.jpg,source,original,c:\Users\elpro\Documents\Github\melanoma\imagenes\IMAGENES DEMARTOLOGICAS\Lentigo Maligno\lentigo-maligna-macro4.jpg,cedea2da6b59a7897739b387aa65f786a04b306e4a3dff9a5ea8a83306e8e545
lentigo_maligno,ISIC_LMM_0035.jpg,c:\Users\elpro\Documents\Github\melanoma\imagenes\dataset_balanceado_1200_estructura_original\Lentigo Maligno\ISIC_LMM_0035.jpg,source,original,c:\Users\elpro\Documents\Github\melanoma\imagenes\IMAGENES DEMARTOLOGICAS\Lentigo Maligno\ISIC_0009934.jpg,a91af18231327f0e3d01eb782f991d2b0df5b5917ed189133dc71d7a126e6d98
lentigo_maligno,ISIC_LMM_0036.jpg,c:\Users\elpro\Documents\Github\melanoma\imagenes\dataset_balanceado_1200_estructura_original\Lentigo Maligno\ISIC_LMM_0036.jpg,source,original,c:\Users\elpro\Documents\Github\melanoma\imagenes\IMAGENES DEMARTOLOGICAS\Lentigo Maligno\gettyimages-2225631847-612x612.jpg,4d4649ef0655142613aa1b4cb674b98f212735e6dbe5e52f855fddd841ce4909
lentigo_maligno,ISIC_LMM_0037.jpg,c:\Users\elpro\Documents\Github\melanoma\imagenes\dataset_balanceado_1200_estructura_original\Lentigo Maligno\ISIC_LMM_0037.jpg,source,original,c:\Users\elpro\Documents\Github\melanoma\imagenes\IMAGENES DEMARTOLOGICAS\Lentigo Maligno\lentigo-maligna-melanoma-0001.jpg,6b4e235cd08714299a28b5fdee5532c19b486410c9a0ad171dc2dd0fa7debb1f
lentigo_maligno,ISIC_LMM_0038.jpg,c:\Users\elpro\Documents\Github\melanoma\imagenes\dataset_balanceado_1200_estructura_original\Lentigo Maligno\ISIC_LMM_0038.jpg,source,original,c:\Users\elpro\Documents\Github\melanoma\imagenes\IMAGENES DEMARTOLOGICAS\Lentigo Maligno\lmm5-big.jpg,f143d9f54d02bdbc29418be2d3b539a7c5cb746b0d9774eaa9c96129e0686ad0
lentigo_maligno,ISIC_LMM_0039.jpg,c:\Users\elpro\Documents\Github\melanoma\imagenes\dataset_balanceado_1200_estructura_original\Lentigo Maligno\ISIC_LMM_0039.jpg,source,original,c:\Users\elpro\Documents\Github\melanoma\imagenes\IMAGENES DEMARTOLOGICAS\Lentigo Maligno\lentigo-maligna-melanoma-0.98mm.jpg,654976b801150f0f5aaa2e334a4c4f1707c3d0c487b91531f2027d2aa2b90a47
lentigo_maligno,ISIC_LMM_0040.jpg,c:\Users\elpro\Documents\Github\melanoma\imagenes\dataset_balanceado_1200_estructura_original\Lentigo Maligno\ISIC_LMM_0040.jpg,source,original,c:\Users\elpro\Documents\Github\melanoma\imagenes\IMAGENES DEMARTOLOGICAS\Lentigo Maligno\lmm1-big.jpg,e4f7b64970398dcce9786ea06b90b21e779c6ae48a106361cbe1e3b056bba49d
lentigo_maligno,ISIC_LMM_0041.jpg,c:\Users\elpro\Documents\Github\melanoma\imagenes\dataset_balanceado_1200_estructura_original\Lentigo Maligno\ISIC_LMM_0041.jpg,source,original,c:\Users\elpro\Documents\Github\melanoma\imagenes\IMAGENES DEMARTOLOGICAS\Lentigo Maligno\ISIC_0009924.jpg,fc413f8ffccb1adc225b29f61c9f2223061f2a4bf2a3e389c3f25dad85069dac
lentigo_maligno,ISIC_LMM_0042.jpg,c:\Users\elpro\Documents\Github\melanoma\imagenes\dataset_balanceado_1200_estructura_original\Lentigo Maligno\ISIC_LMM_0042.jpg,source,original,c:\Users\elpro\Documents\Github\melanoma\imagenes\IMAGENES DEMARTOLOGICAS\Lentigo Maligno\mel_67554_lentigomaligno0023.jpg,925586be764c3d6f3904a4836449fb2c1221744a7542dfbced90829a9f2bd249
lentigo_maligno,ISIC_LMM_0043.jpg,c:\Users\elpro\Documents\Github\melanoma\imagenes\dataset_balanceado_1200_estructura_original\Lentigo Maligno\ISIC_LMM_0043.jpg,source,original,c:\Users\elpro\Documents\Github\melanoma\imagenes\IMAGENES DEMARTOLOGICAS\Lentigo Maligno\I510997-960x540.jpeg,fa8ab36a2c1addaafad49791d90512b03e844f1f1f4bcd18fd4831f36d0ca72c
lentigo_maligno,ISIC_LMM_0044.jpg,c:\Users\elpro\Documents\Github\melanoma\imagenes\dataset_balanceado_1200_estructura_original\Lentigo Maligno\ISIC_LMM_0044.jpg,source,original,c:\Users\elpro\Documents\Github\melanoma\imagenes\IMAGENES DEMARTOLOGICAS\Lentigo Maligno\mel_lent15.jpg,fdc231bc73054f6641fbe4b424bf0669d53ec73efce476830fb1e64bddee1d11
lentigo_maligno,ISIC_LMM_0045.jpg,c:\Users\elpro\Documents\Github\melanoma\imagenes\dataset_balanceado_1200_estructura_original\Lentigo Maligno\ISIC_LMM_0045.jpg,source,original,c:\Users\elpro\Documents\Github\melanoma\imagenes\IMAGENES DEMARTOLOGICAS\Lentigo Maligno\mel_67554_lentigomaligno003.jpg,40cfa4bd4c0988a0f979d632df5ec343eacb26085e59dc08f13680f2460d8e9d
lentigo_maligno,ISIC_LMM_0046.jpg,c:\Users\elpro\Documents\Github\melanoma\imagenes\dataset_balanceado_1200_estructura_original\Lentigo Maligno\ISIC_LMM_0046.jpg,source,original,c:\Users\elpro\Documents\Github\melanoma\imagenes\IMAGENES DEMARTOLOGICAS\Lentigo Maligno\lm4.jpg,0271ca1d3b5a737d41a1ef295a245dfd5313ea6e5e28423501230dec551a5afb
lentigo_maligno,ISIC_LMM_0047.jpg,c:\Users\elpro\Documents\Github\melanoma\imagenes\dataset_balanceado_1200_estructura_original\Lentigo Maligno\ISIC_LMM_0047.jpg,source,original,c:\Users\elpro\Documents\Github\melanoma\imagenes\IMAGENES DEMARTOLOGICAS\Lentigo Maligno\lmm3-big.jpg,b39b18702b5e433579b67a86bfc1c4b7f8d1d58b4dd5d472fc73c0dca7ccc2d4
lentigo_maligno,ISIC_LMM_0048.jpg,c:\Users\elpro\Documents\Github\melanoma\imagenes\dataset_balanceado_1200_estructura_original\Lentigo Maligno\ISIC_LMM_0048.jpg,source,original,c:\Users\elpro\Documents\Github\melanoma\imagenes\IMAGENES DEMARTOLOGICAS\Lentigo Maligno\gettyimages-1141934256-612x612.jpg,c223afaa92e867ac39be731fb7938315e30510c7fdff990886db1b25b2348a16
lentigo_maligno,ISIC_LMM_0049.jpg,c:\Users\elpro\Documents\Github\melanoma\imagenes\dataset_balanceado_1200_estructura_original\Lentigo Maligno\ISIC_LMM_0049.jpg,source,original,c:\Users\elpro\Documents\Github\melanoma\imagenes\IMAGENES DEMARTOLOGICAS\Lentigo Maligno\mel_lent20.jpg,4c75a35ae5a19ae75444e092ebf2143b2d4dc99c73576785b066040c563d2eb6
lentigo_maligno,ISIC_LMM_0050.jpg,c:\Users\elpro\Documents\Github\melanoma\imagenes\dataset_balanceado_1200_estructura_original\Lentigo Maligno\ISIC_LMM_0050.jpg,source,original,c:\Users\elpro\Documents\Github\melanoma\imagenes\IMAGENES DEMARTOLOGICAS\Lentigo Maligno\lentigo-maligna-hr.jpg,6365196e7fc9e7cc96be3dcd3b3646d447cc049325d8649ee9a1959a91de36cc
lentigo_maligno,ISIC_LMM_0051.jpg,c:\Users\elpro\Documents\Github\melanoma\imagenes\dataset_balanceado_1200_estructura_original\Lentigo Maligno\ISIC_LMM_0051.jpg,source,original,c:\Users\elpro\Documents\Github\melanoma\imagenes\IMAGENES DEMARTOLOGICAS\Lentigo Maligno\lentigo-maligna-melanoma-0.8mm.jpg,aff9813d9e3a02453cd5b1430431e8040279bebc6694345c569c6897571c80fd
lentigo_maligno,ISIC_LMM_0052.jpg,c:\Users\elpro\Documents\Github\melanoma\imagenes\dataset_balanceado_1200_estructura_original\Lentigo Maligno\ISIC_LMM_0052.jpg,source,original,c:\Users\elpro\Documents\Github\melanoma\imagenes\IMAGENES DEMARTOLOGICAS\Lentigo Maligno\lm3.jpg,ae01e5a842472cb39102a78606a7d1dbeac68686bdaa2f046751e499178473d2
lentigo_maligno,ISIC_LMM_0053.jpg,c:\Users\elpro\Documents\Github\melanoma\imagenes\dataset_balanceado_1200_estructura_original\Lentigo Maligno\ISIC_LMM_0053.jpg,source,original,c:\Users\elpro\Documents\Github\melanoma\imagenes\IMAGENES DEMARTOLOGICAS\Lentigo Maligno\gettyimages-544541767-612x612.jpg,3684c3e0b64d5a8eae4ace5cdecd0e421d01a8c168da544bce363df56c56956e
lentigo_maligno,ISIC_LMM_0054.jpg,c:\Users\elpro\Documents\Github\melanoma\imagenes\dataset_balanceado_1200_estructura_original\Lentigo Maligno\ISIC_LMM_0054.jpg,source,original,c:\Users\elpro\Documents\Github\melanoma\imagenes\IMAGENES DEMARTOLOGICAS\Lentigo Maligno\mel_lent19.jpg,12aac6490c20f66082cbf67be8634f5e9d2abe2ff5337aa6764b314c0e462211
lentigo_maligno,ISIC_LMM_0055.jpg,c:\Users\elpro\Documents\Github\melanoma\imagenes\dataset_balanceado_1200_estructura_original\Lentigo Maligno\ISIC_LMM_0055.jpg,source,original,c:\Users\elpro\Documents\Github\melanoma\imagenes\IMAGENES DEMARTOLOGICAS\Lentigo Maligno\mel_lent12.jpg,1dc8f60c6e185e4bb5f9e8e21ed27c6f8c97fcf0fe27b93542a4cef2bbb56a86
lentigo_maligno,ISIC_LMM_0056.jpg,c:\Users\elpro\Documents\Github\melanoma\imagenes\dataset_balanceado_1200_estructura_original\Lentigo Maligno\ISIC_LMM_0056.jpg,source,original,c:\Users\elpro\Documents\Github\melanoma\imagenes\IMAGENES DEMARTOLOGICAS\Lentigo Maligno\mel13.jpg,a7a76ce6165892abfe2cb96814c11877564077f50295f806272011fa2e541920
lentigo_maligno,ISIC_LMM_0057.jpg,c:\Users\elpro\Documents\Github\melanoma\imagenes\dataset_balanceado_1200_estructura_original\Lentigo Maligno\ISIC_LMM_0057.jpg,source,original,c:\Users\elpro\Documents\Github\melanoma\imagenes\IMAGENES DEMARTOLOGICAS\Lentigo Maligno\lm1.jpg,736ebef4d9d5e5540535ca68e1edfb58f4fc4ee72e49c7ed3a20499b4a8af387
lentigo_maligno,ISIC_LMM_0058.jpg,c:\Users\elpro\Documents\Github\melanoma\imagenes\dataset_balanceado_1200_estructura_original\Lentigo Maligno\ISIC_LMM_0058.jpg,source,original,c:\Users\elpro\Documents\Github\melanoma\imagenes\IMAGENES DEMARTOLOGICAS\Lentigo Maligno\lentigo-maligna-macro3.jpg,89554af39e52122caf199b27628c259976673937c6b211eb67499198a01845fb
lentigo_maligno,ISIC_LMM_0059.jpg,c:\Users\elpro\Documents\Github\melanoma\imagenes\dataset_balanceado_1200_estructura_original\Lentigo Maligno\ISIC_LMM_0059.jpg,source,original,c:\Users\elpro\Documents\Github\melanoma\imagenes\IMAGENES DEMARTOLOGICAS\Lentigo Maligno\gettyimages-1041927080-612x612.jpg,29d69e937e20a86b3ddb2e7920f1b5159624a675c6cba7774c3616638edf7e2f
lentigo_maligno,ISIC_LMM_0060.jpg,c:\Users\elpro\Documents\Github\melanoma\imagenes\dataset_balanceado_1200_estructura_original\Lentigo Maligno\ISIC_LMM_0060.jpg,source,original,c:\Users\elpro\Documents\Github\melanoma\imagenes\IMAGENES DEMARTOLOGICAS\Lentigo Maligno\mel_67554_lentigomaligno0018.jpg,57a6fc5e6f69b7ab3e10e9646c501c42b4fdc6119b9b6177e95b4d11db3c956c
lentigo_maligno,ISIC_LMM_0061.jpg,c:\Users\elpro\Documents\Github\melanoma\imagenes\dataset_balanceado_1200_estructura_original\Lentigo Maligno\ISIC_LMM_0061.jpg,source,original,c:\Users\elpro\Documents\Github\melanoma\imagenes\IMAGENES DEMARTOLOGICAS\Lentigo Maligno\lmm15.jpg,1e20eabb9e8c6f9bd88f8d0cac5d1fc568d24a8d40008990ff1767fecd3718c7
lentigo_maligno,ISIC_LMM_0062.jpg,c:\Users\elpro\Documents\Github\melanoma\imagenes\dataset_balanceado_1200_estructura_original\Lentigo Maligno\ISIC_LMM_0062.jpg,source,original,c:\Users\elpro\Documents\Github\melanoma\imagenes\IMAGENES DEMARTOLOGICAS\Lentigo Maligno\c0546425-800px-wm.jpg,7c228c91c63cd403ea28d8039ed86418c33a88aec6e75f1132fcec26419fd8dc
lentigo_maligno,ISIC_LMM_0063.jpg,c:\Users\elpro\Documents\Github\melanoma\imagenes\dataset_balanceado_1200_estructura_original\Lentigo Maligno\ISIC_LMM_0063.jpg,source,original,c:\Users\elpro\Documents\Github\melanoma\imagenes\IMAGENES DEMARTOLOGICAS\Lentigo Maligno\lentigo-maligna-wdhb.jpg,66a5a42954c7fc525f6e0fec98668128a314061c622ce42aadc5f9d72bc912ab
lentigo_maligno,ISIC_LMM_0064.jpg,c:\Users\elpro\Documents\Github\melanoma\imagenes\dataset_balanceado_1200_estructura_original\Lentigo Maligno\ISIC_LMM_0064.jpg,source,original,c:\Users\elpro\Documents\Github\melanoma\imagenes\IMAGENES DEMARTOLOGICAS\Lentigo Maligno\melanoma-54.jpg,6f5bc8fb30a4587a854aaa68389c176d96f17164bdbc2512aa2b014490cae9f6
lentigo_maligno,ISIC_LMM_0065.jpg,c:\Users\elpro\Documents\Github\melanoma\imagenes\dataset_balanceado_1200_estructura_original\Lentigo Maligno\ISIC_LMM_0065.jpg,source,original,c:\Users\elpro\Documents\Github\melanoma\imagenes\IMAGENES DEMARTOLOGICAS\Lentigo Maligno\gettyimages-1141934066-612x612.jpg,dcbc41f3aafe8541dfd612648c075b8574303a6a915f30c6b6c3c10f0cbc4fc3
lentigo_maligno,ISIC_LMM_0066.jpg,c:\Users\elpro\Documents\Github\melanoma\imagenes\dataset_balanceado_1200_estructura_original\Lentigo Maligno\ISIC_LMM_0066.jpg,source,original,c:\Users\elpro\Documents\Github\melanoma\imagenes\IMAGENES DEMARTOLOGICAS\Lentigo Maligno\mel_67554_lentigomaligno005.jpg,ddc8529ae5b7e986881e6eab523b1bb76a90bbaad7189aa75622a3b0dbc5c19c
lentigo_maligno,ISIC_LMM_0067.jpg,c:\Users\elpro\Documents\Github\melanoma\imagenes\dataset_balanceado_1200_estructura_original\Lentigo Maligno\ISIC_LMM_0067.jpg,source,original,c:\Users\elpro\Documents\Github\melanoma\imagenes\IMAGENES DEMARTOLOGICAS\Lentigo Maligno\mel_lent23.jpg,b525b7e841cea995965ca6cead1460c44322437b02843ad2b70039c4a8db36a5
lentigo_maligno,ISIC_LMM_0068.jpg,c:\Users\elpro\Documents\Github\melanoma\imagenes\dataset_balanceado_1200_estructura_original\Lentigo Maligno\ISIC_LMM_0068.jpg,source,original,c:\Users\elpro\Documents\Github\melanoma\imagenes\IMAGENES DEMARTOLOGICAS\Lentigo Maligno\lm2.jpg,79128d40e7a94ab589c5bcf62d6285933d5eb3c2ce0a00674913ae46bb84648f
lentigo_maligno,ISIC_LMM_0069.jpg,c:\Users\elpro\Documents\Github\melanoma\imagenes\dataset_balanceado_1200_estructura_original\Lentigo Maligno\ISIC_LMM_0069.jpg,source,original,c:\Users\elpro\Documents\Github\melanoma\imagenes\IMAGENES DEMARTOLOGICAS\Lentigo Maligno\gettyimages-1141934585-612x612.jpg,e50d04e9dbab648acd8a91f919aa3445ac3cff67fcbb8c3dad4976fd62b06c58
lentigo_maligno,ISIC_LMM_0070.jpg,c:\Users\elpro\Documents\Github\melanoma\imagenes\dataset_balanceado_1200_estructura_original\Lentigo Maligno\ISIC_LMM_0070.jpg,source,original,c:\Users\elpro\Documents\Github\melanoma\imagenes\IMAGENES DEMARTOLOGICAS\Lentigo Maligno\mel_lent22.jpg,83209782ee208ee337e42de70e9e72e453c5b41e2c8a3d7855d89f390fccb7bd
lentigo_maligno,ISIC_LMM_0071.jpg,c:\Users\elpro\Documents\Github\melanoma\imagenes\dataset_balanceado_1200_estructura_original\Lentigo Maligno\ISIC_LMM_0071.jpg,source,original,c:\Users\elpro\Documents\Github\melanoma\imagenes\IMAGENES DEMARTOLOGICAS\Lentigo Maligno\mel_lent16.jpg,e11ac21b19ed7dea7d3fecc3cd464a1ee36b8ede3fb63bcfa70678e06b6cbdc7
lentigo_maligno,ISIC_LMM_0072.jpg,c:\Users\elpro\Documents\Github\melanoma\imagenes\dataset_balanceado_1200_estructura_original\Lentigo Maligno\ISIC_LMM_0072.jpg,source,original,c:\Users\elpro\Documents\Github\melanoma\imagenes\IMAGENES DEMARTOLOGICAS\Lentigo Maligno\40257_2013_44_Fig1_HTML.jpg,4628ca76b8a47c6f0d65415de68f320f366cc599304e6c9c0b6db1033bff76b7
lentigo_maligno,ISIC_LMM_0073.jpg,c:\Users\elpro\Documents\Github\melanoma\imagenes\dataset_balanceado_1200_estructura_original\Lentigo Maligno\ISIC_LMM_0073.jpg,augmented_from_source,flip_h+rot_-12+bright_0.961+contrast_1.046+color_1.024+sharp_1.120+crop_0.968,c:\Users\elpro\Documents\Github\melanoma\imagenes\IMAGENES DEMARTOLOGICAS\Lentigo Maligno\mel_lent21.jpg,a32317006bebd30bedcdc1d055c1ffdef943c8fb8b7252ce3215710ea6843085
lentigo_maligno,ISIC_LMM_0074.jpg,c:\Users\elpro\Documents\Github\melanoma\imagenes\dataset_balanceado_1200_estructura_original\Lentigo Maligno\ISIC_LMM_0074.jpg,augmented_from_source,rot_5+bright_1.089+contrast_0.889+color_0.931+sharp_1.076+crop_0.974+blur_0.5,c:\Users\elpro\Documents\Github\melanoma\imagenes\IMAGENES DEMARTOLOGICAS\Lentigo Maligno\mel_lent13.jpg,bb99390fad6e42c258d6c667e5593ee170850cce666ff5d274544ef00c6d4645
lentigo_maligno,ISIC_LMM_0075.jpg,c:\Users\elpro\Documents\Github\melanoma\imagenes\dataset_balanceado_1200_estructura_original\Lentigo Maligno\ISIC_LMM_0075.jpg,augmented_from_source,rot_90+bright_0.986+contrast_1.047+color_1.065+sharp_0.959+crop_0.964,c:\Users\elpro\Documents\Github\melanoma\imagenes\IMAGENES DEMARTOLOGICAS\Lentigo Maligno\lentigo-maligna-close-up-of-lentigo-maligna-on-the-cheek-of-an-82-year-old-male-patient-this-is-a-very-early-stage-of-a-malignant-cancerous-melano-2AD2TR7.jpg,33a05865f7774f6a1a04cbee046184aa943506dcf647e2b156d85b1d1a35eeea
lentigo_maligno,ISIC_LMM_0076.jpg,c:\Users\elpro\Documents\Github\melanoma\imagenes\dataset_balanceado_1200_estructura_original\Lentigo Maligno\ISIC_LMM_0076.jpg,augmented_from_source,flip_h+rot_12+bright_1.044+contrast_0.923+color_0.948+sharp_1.072+crop_0.931,c:\Users\elpro\Documents\Github\melanoma\imagenes\IMAGENES DEMARTOLOGICAS\Lentigo Maligno\lm5.jpg,11cbbcc8c6050511670c296d200251dc0d188421a3bdacb06482714a515377ec
lentigo_maligno,ISIC_LMM_0077.jpg,c:\Users\elpro\Documents\Github\melanoma\imagenes\dataset_balanceado_1200_estructura_original\Lentigo Maligno\ISIC_LMM_0077.jpg,augmented_from_source,flip_v+rot_-12+bright_0.990+contrast_1.040+color_1.064+sharp_1.043+crop_0.923+blur_0.5,c:\Users\elpro\Documents\Github\melanoma\imagenes\IMAGENES DEMARTOLOGICAS\Lentigo Maligno\mel_67554_lentigomaligno004.jpg,572d8580301f9a5efb60b907b007b00602b9ecd8d751b17875acf6a71aee6257
lentigo_maligno,ISIC_LMM_0078.jpg,c:\Users\elpro\Documents\Github\melanoma\imagenes\dataset_balanceado_1200_estructura_original\Lentigo Maligno\ISIC_LMM_0078.jpg,augmented_from_source,rot_-12+bright_1.033+contrast_0.982+color_0.960+sharp_1.119+crop_0.916+blur_0.5,c:\Users\elpro\Documents\Github\melanoma\imagenes\IMAGENES DEMARTOLOGICAS\Lentigo Maligno\gettyimages-629413417-612x612.jpg,27a70f25e30219639ad9dd4d3245a5a3fc51041848df2b752f5be2f530781457
lentigo_maligno,ISIC_LMM_0079.jpg,c:\Users\elpro\Documents\Github\melanoma\imagenes\dataset_balanceado_1200_estructura_original\Lentigo Maligno\ISIC_LMM_0079.jpg,augmented_from_source,flip_h+rot_-12+bright_1.118+contrast_0.951+color_1.076+sharp_1.082+crop_0.922,c:\Users\elpro\Documents\Github\melanoma\imagenes\IMAGENES DEMARTOLOGICAS\Lentigo Maligno\2473642-lentigo-maligna-melanoma.jpg,a2fb4b22772ea40bf58f46f45b6ec58561b8606042d7204baa997db838da2a9c
lentigo_maligno,ISIC_LMM_0080.jpg,c:\Users\elpro\Documents\Github\melanoma\imagenes\dataset_balanceado_1200_estructura_original\Lentigo Maligno\ISIC_LMM_0080.jpg,augmented_from_source,rot_-12+bright_1.066+contrast_0.935+color_1.048+sharp_0.994+crop_0.915,c:\Users\elpro\Documents\Github\melanoma\imagenes\IMAGENES DEMARTOLOGICAS\Lentigo Maligno\mel_lent.jpg,b1d9298c5f2c3467689152302ad61dd9783b1a5f98180f58ef185941fbada247
lentigo_maligno,ISIC_LMM_0081.jpg,c:\Users\elpro\Documents\Github\melanoma\imagenes\dataset_balanceado_1200_estructura_original\Lentigo Maligno\ISIC_LMM_0081.jpg,augmented_from_source,rot_-12+bright_1.069+contrast_0.888+color_0.978+sharp_0.976+crop_0.973,c:\Users\elpro\Documents\Github\melanoma\imagenes\IMAGENES DEMARTOLOGICAS\Lentigo Maligno\gettyimages-151035259-612x612.jpg,8fb877c314a012beb7f099be73516525a13624f59dcbbb1a88ca0b1aca9e6b99
lentigo_maligno,ISIC_LMM_0082.jpg,c:\Users\elpro\Documents\Github\melanoma\imagenes\dataset_balanceado_1200_estructura_original\Lentigo Maligno\ISIC_LMM_0082.jpg,augmented_from_source,flip_h+rot_-8+bright_1.007+contrast_1.099+color_1.053+sharp_1.001+crop_0.966,c:\Users\elpro\Documents\Github\melanoma\imagenes\IMAGENES DEMARTOLOGICAS\Lentigo Maligno\lentigo-maligna.jpg,73aea113a54e0eeed42d8ff939f7a8ac889e832ce208c0e1bf63032ed5d6d09e
lentigo_maligno,ISIC_LMM_0083.jpg,c:\Users\elpro\Documents\Github\melanoma\imagenes\dataset_balanceado_1200_estructura_original\Lentigo Maligno\ISIC_LMM_0083.jpg,augmented_from_source,flip_h+flip_v+rot_90+bright_0.914+contrast_1.112+color_1.058+sharp_1.095+crop_0.978,c:\Users\elpro\Documents\Github\melanoma\imagenes\IMAGENES DEMARTOLOGICAS\Lentigo Maligno\gettyimages-151056641-612x612.jpg,3669e64d5c0156e7cc16052d2a5dcecb3c7d43e7f620d51d1b03f00ab089620f
lentigo_maligno,ISIC_LMM_0084.jpg,c:\Users\elpro\Documents\Github\melanoma\imagenes\dataset_balanceado_1200_estructura_original\Lentigo Maligno\ISIC_LMM_0084.jpg,augmented_from_source,flip_v+rot_8+bright_0.910+contrast_0.968+color_1.040+sharp_1.002+crop_0.930+blur_0.5,c:\Users\elpro\Documents\Github\melanoma\imagenes\IMAGENES DEMARTOLOGICAS\Lentigo Maligno\mel_lent14.jpg,1345f5309629e447dda0327f758b2e235c083f8746a384b316db188185f31ae1
lentigo_maligno,ISIC_LMM_0085.jpg,c:\Users\elpro\Documents\Github\melanoma\imagenes\dataset_balanceado_1200_estructura_original\Lentigo Maligno\ISIC_LMM_0085.jpg,augmented_from_source,flip_h+flip_v+rot_8+bright_0.959+contrast_1.026+color_1.024+sharp_1.077+crop_0.937+blur_0.5,c:\Users\elpro\Documents\Github\melanoma\imagenes\IMAGENES DEMARTOLOGICAS\Lentigo Maligno\lmm11.jpg,89fcb42229e5904c35005eba23486060d19ed30adb889d668cd7e10e9870f775
lentigo_maligno,ISIC_LMM_0086.jpg,c:\Users\elpro\Documents\Github\melanoma\imagenes\dataset_balanceado_1200_estructura_original\Lentigo Maligno\ISIC_LMM_0086.jpg,augmented_from_source,flip_h+flip_v+rot_5+bright_0.908+contrast_0.936+color_1.006+sharp_1.028+crop_0.930,c:\Users\elpro\Documents\Github\melanoma\imagenes\IMAGENES DEMARTOLOGICAS\Lentigo Maligno\lentigo-maligna-melanoma-1.7mm-jaw.jpg,b950f2b1ee9ad5a9d7bef679ea5ae2ff2028a3119b2f24571d9325b5a595a8c1
lentigo_maligno,ISIC_LMM_0087.jpg,c:\Users\elpro\Documents\Github\melanoma\imagenes\dataset_balanceado_1200_estructura_original\Lentigo Maligno\ISIC_LMM_0087.jpg,augmented_from_source,flip_v+rot_-5+bright_1.037+contrast_1.080+color_1.019+sharp_1.138+crop_0.922,c:\Users\elpro\Documents\Github\melanoma\imagenes\IMAGENES DEMARTOLOGICAS\Lentigo Maligno\thin-lentigo-maligna-melanoma-on-leg-2.jpg,0f0a8c9d216b33c7be8c89293fa74851160226cfc2ebafb0b9e31d5991802760
lentigo_maligno,ISIC_LMM_0088.jpg,c:\Users\elpro\Documents\Github\melanoma\imagenes\dataset_balanceado_1200_estructura_original\Lentigo Maligno\ISIC_LMM_0088.jpg,augmented_from_source,flip_h+flip_v+rot_-8+bright_0.904+contrast_1.045+color_1.007+sharp_1.146+crop_0.929,c:\Users\elpro\Documents\Github\melanoma\imagenes\IMAGENES DEMARTOLOGICAS\Lentigo Maligno\lm6.jpg,c47010d942e1ba26df4ea575b52ceadc63f32e478ead0deb115f09f693ecd8c2
lentigo_maligno,ISIC_LMM_0089.jpg,c:\Users\elpro\Documents\Github\melanoma\imagenes\dataset_balanceado_1200_estructura_original\Lentigo Maligno\ISIC_LMM_0089.jpg,augmented_from_source,flip_h+rot_5+bright_0.902+contrast_0.931+color_1.022+sharp_1.144+crop_0.904,c:\Users\elpro\Documents\Github\melanoma\imagenes\IMAGENES DEMARTOLOGICAS\Lentigo Maligno\lentigo-maligna-macro.jpg,89fd6f514441ae280ed1e7fe2f8e93cbe5f50e690722803a4ad6367e00e17a88
lentigo_maligno,ISIC_LMM_0090.jpg,c:\Users\elpro\Documents\Github\melanoma\imagenes\dataset_balanceado_1200_estructura_original\Lentigo Maligno\ISIC_LMM_0090.jpg,augmented_from_source,flip_v+rot_8+bright_0.930+contrast_0.932+color_1.059+sharp_1.016+crop_0.912,c:\Users\elpro\Documents\Github\melanoma\imagenes\IMAGENES DEMARTOLOGICAS\Lentigo Maligno\mel_lent18.jpg,e96942bd26a9f1b260f9188f1d770361e2464e9d0ccd9203de420858b870d5b0
lentigo_maligno,ISIC_LMM_0091.jpg,c:\Users\elpro\Documents\Github\melanoma\imagenes\dataset_balanceado_1200_estructura_original\Lentigo Maligno\ISIC_LMM_0091.jpg,augmented_from_source,rot_8+bright_0.940+contrast_0.922+color_1.026+sharp_0.955+crop_0.901,c:\Users\elpro\Documents\Github\melanoma\imagenes\IMAGENES DEMARTOLOGICAS\Lentigo Maligno\EwR3_MHWEAI8wpZ.jpg,9ae1bd4d5859a1c9d13631376ab3162cbf0eec7f168795a340afce3f13ebae2e
lentigo_maligno,ISIC_LMM_0092.jpg,c:\Users\elpro\Documents\Github\melanoma\imagenes\dataset_balanceado_1200_estructura_original\Lentigo Maligno\ISIC_LMM_0092.jpg,augmented_from_source,flip_h+flip_v+bright_0.910+contrast_0.981+color_0.938+sharp_0.963+crop_0.936,c:\Users\elpro\Documents\Github\melanoma\imagenes\IMAGENES DEMARTOLOGICAS\Lentigo Maligno\stock-photo-age-spots-with-lentigo-maligna-eye-bags-and-smile-line-on-the-old-woman-s-cheek-an-early-form-of-2488074581.jpg,610b1a796356f2f8e1fe2a78c7ebcb690659c6efc1740d9479ef11eff6157713
lentigo_maligno,ISIC_LMM_0093.jpg,c:\Users\elpro\Documents\Github\melanoma\imagenes\dataset_balanceado_1200_estructura_original\Lentigo Maligno\ISIC_LMM_0093.jpg,augmented_from_source,flip_h+flip_v+rot_12+bright_0.890+contrast_1.068+color_1.059+sharp_1.054+crop_0.937,c:\Users\elpro\Documents\Github\melanoma\imagenes\IMAGENES DEMARTOLOGICAS\Lentigo Maligno\bdfsrngbrfds354.jpg,33e211ed052bc7a211aa51fd4b5341df5449df511d2c4495da36d832b7643f33
lentigo_maligno,ISIC_LMM_0094.jpg,c:\Users\elpro\Documents\Github\melanoma\imagenes\dataset_balanceado_1200_estructura_original\Lentigo Maligno\ISIC_LMM_0094.jpg,augmented_from_source,rot_90+bright_0.998+contrast_1.098+color_0.932+sharp_0.966+crop_0.949,c:\Users\elpro\Documents\Github\melanoma\imagenes\IMAGENES DEMARTOLOGICAS\Lentigo Maligno\lentigo-maligna-macro5.jpg,23d3bb660273d0f734d7b35ab032ed2e09c026b07cd0e5c55a54c88d4b950b2f
lentigo_maligno,ISIC_LMM_0095.jpg,c:\Users\elpro\Documents\Github\melanoma\imagenes\dataset_balanceado_1200_estructura_original\Lentigo Maligno\ISIC_LMM_0095.jpg,augmented_from_source,rot_-8+bright_0.971+contrast_1.023+color_0.967+sharp_1.051+crop_0.934,c:\Users\elpro\Documents\Github\melanoma\imagenes\IMAGENES DEMARTOLOGICAS\Lentigo Maligno\mel_lent17.jpg,09a680e15a6b4c44d1551bcc46a305e7e1d7fb5e0d094d05e6f15b9cf8894263
lentigo_maligno,ISIC_LMM_0096.jpg,c:\Users\elpro\Documents\Github\melanoma\imagenes\dataset_balanceado_1200_estructura_original\Lentigo Maligno\ISIC_LMM_0096.jpg,augmented_from_source,rot_5+bright_0.976+contrast_1.055+color_0.970+sharp_1.013+crop_0.920+blur_0.5,c:\Users\elpro\Documents\Github\melanoma\imagenes\IMAGENES DEMARTOLOGICAS\Lentigo Maligno\gettyimages-629413497-612x612.jpg,2c7fff9c7b4c2c2213f602fdd3e30c5a26af5af54c25c9cee7972bad20649f24
lentigo_maligno,ISIC_LMM_0097.jpg,c:\Users\elpro\Documents\Github\melanoma\imagenes\dataset_balanceado_1200_estructura_original\Lentigo Maligno\ISIC_LMM_0097.jpg,augmented_from_source,flip_v+rot_90+bright_1.059+contrast_0.969+color_0.941+sharp_0.962+crop_0.977+blur_0.5,c:\Users\elpro\Documents\Github\melanoma\imagenes\IMAGENES DEMARTOLOGICAS\Lentigo Maligno\lmm16.jpg,80a3c5c81bfe6069efb323e9c40201de346ab80cabce89e2e87d8f950afe406c
lentigo_maligno,ISIC_LMM_0098.jpg,c:\Users\elpro\Documents\Github\melanoma\imagenes\dataset_balanceado_1200_estructura_original\Lentigo Maligno\ISIC_LMM_0098.jpg,augmented_from_source,flip_h+rot_-5+bright_1.088+contrast_1.053+color_1.075+sharp_1.070+crop_0.928,c:\Users\elpro\Documents\Github\melanoma\imagenes\IMAGENES DEMARTOLOGICAS\Lentigo Maligno\mel_67554_lentigomaligno009.jpg,c63638130aa27502bd4731993e91c1975cd0757a5bdb698e34900bacb5676e52
lentigo_maligno,ISIC_LMM_0099.jpg,c:\Users\elpro\Documents\Github\melanoma\imagenes\dataset_balanceado_1200_estructura_original\Lentigo Maligno\ISIC_LMM_0099.jpg,augmented_from_source,flip_v+rot_90+bright_0.964+contrast_1.014+color_0.938+sharp_1.006+crop_0.918,c:\Users\elpro\Documents\Github\melanoma\imagenes\IMAGENES DEMARTOLOGICAS\Lentigo Maligno\lmm18.jpg,a05cd8ef81a81665c473cfe382a4c3e5a08e73c5e570dcf6420ab1f754375dc7
lentigo_maligno,ISIC_LMM_0100.jpg,c:\Users\elpro\Documents\Github\melanoma\imagenes\dataset_balanceado_1200_estructura_original\Lentigo Maligno\ISIC_LMM_0100.jpg,augmented_from_source,rot_8+bright_0.886+contrast_1.103+color_1.053+sharp_1.003+crop_0.914,c:\Users\elpro\Documents\Github\melanoma\imagenes\IMAGENES DEMARTOLOGICAS\Lentigo Maligno\melanoma_maligno43524.jpg,1d838ad1e34d3bedefa77a2c272294580f23918af4d7726257c29bce7d2c4672
no_melanoma,ISIC_NON_0001.jpg,c:\Users\elpro\Documents\Github\melanoma\imagenes\dataset_balanceado_1200_estructura_original\No melanoma\ISIC_NON_0001.jpg,source,original,c:\Users\elpro\Documents\Github\melanoma\imagenes\IMAGENES DEMARTOLOGICAS\No melanoma\ISIC_0000286.jpg,7ff397177bff577320266ad1c897f91d89eb60cadf23dfd004a79b336f3a2e99
no_melanoma,ISIC_NON_0002.jpg,c:\Users\elpro\Documents\Github\melanoma\imagenes\dataset_balanceado_1200_estructura_original\No melanoma\ISIC_NON_0002.jpg,source,original,c:\Users\elpro\Documents\Github\melanoma\imagenes\IMAGENES DEMARTOLOGICAS\No melanoma\calcinosis-cutis-type-2.png,ab325db65bc727a5e75c2a27104f8774295cfab5cbf53ae806b2be8ab3d8186c
no_melanoma,ISIC_NON_0003.jpg,c:\Users\elpro\Documents\Github\melanoma\imagenes\dataset_balanceado_1200_estructura_original\No melanoma\ISIC_NON_0003.jpg,source,original,c:\Users\elpro\Documents\Github\melanoma\imagenes\IMAGENES DEMARTOLOGICAS\No melanoma\5a.jpg,4272ec40bf656c798143c83a9681308d6e097478e4fc53fcbca46771a4d09c90
no_melanoma,ISIC_NON_0004.jpg,c:\Users\elpro\Documents\Github\melanoma\imagenes\dataset_balanceado_1200_estructura_original\No melanoma\ISIC_NON_0004.jpg,source,original,c:\Users\elpro\Documents\Github\melanoma\imagenes\IMAGENES DEMARTOLOGICAS\No melanoma\ISIC_0000399.jpg,3164b7bde93c6c52d4f6b0462336b5e7debf64bed0cdd6d19272b24e94fcd500
no_melanoma,ISIC_NON_0005.jpg,c:\Users\elpro\Documents\Github\melanoma\imagenes\dataset_balanceado_1200_estructura_original\No melanoma\ISIC_NON_0005.jpg,source,original,c:\Users\elpro\Documents\Github\melanoma\imagenes\IMAGENES DEMARTOLOGICAS\No melanoma\3a.jpeg,2ae4f9a7ff4907c80ca849b5e262437ea8cdf5b509ece6a8100e98691ee05511
no_melanoma,ISIC_NON_0006.jpg,c:\Users\elpro\Documents\Github\melanoma\imagenes\dataset_balanceado_1200_estructura_original\No melanoma\ISIC_NON_0006.jpg,source,original,c:\Users\elpro\Documents\Github\melanoma\imagenes\IMAGENES DEMARTOLOGICAS\No melanoma\ISIC_0000553.jpg,735d6128ce736d382bc513fa3d49796099052d1437a53b63dbe7caa113a2c899
no_melanoma,ISIC_NON_0007.jpg,c:\Users\elpro\Documents\Github\melanoma\imagenes\dataset_balanceado_1200_estructura_original\No melanoma\ISIC_NON_0007.jpg,source,original,c:\Users\elpro\Documents\Github\melanoma\imagenes\IMAGENES DEMARTOLOGICAS\No melanoma\ISIC_0000429.jpg,127bf90f68250422897538dc85fcb34d9ffce070129b358cdc63324bbea06c10
no_melanoma,ISIC_NON_0008.jpg,c:\Users\elpro\Documents\Github\melanoma\imagenes\dataset_balanceado_1200_estructura_original\No melanoma\ISIC_NON_0008.jpg,source,original,c:\Users\elpro\Documents\Github\melanoma\imagenes\IMAGENES DEMARTOLOGICAS\No melanoma\sebks11.jpg,18f4f03c292cabb4c3ae0a255463caf88a5209bb36480a9e8f1d57d78b4a2ae2
no_melanoma,ISIC_NON_0009.jpg,c:\Users\elpro\Documents\Github\melanoma\imagenes\dataset_balanceado_1200_estructura_original\No melanoma\ISIC_NON_0009.jpg,source,original,c:\Users\elpro\Documents\Github\melanoma\imagenes\IMAGENES DEMARTOLOGICAS\No melanoma\ISIC_0001151.jpg,a83867d61c920c5222f333a74769c16cac7d2c232666232c64718b087c344b19
no_melanoma,ISIC_NON_0010.jpg,c:\Users\elpro\Documents\Github\melanoma\imagenes\dataset_balanceado_1200_estructura_original\No melanoma\ISIC_NON_0010.jpg,source,original,c:\Users\elpro\Documents\Github\melanoma\imagenes\IMAGENES DEMARTOLOGICAS\No melanoma\sebks55.jpg,e38bb33dbe6549c49f99daa961bffef83c81e8d25893967f32b0cb0e112cbf42
no_melanoma,ISIC_NON_0011.jpg,c:\Users\elpro\Documents\Github\melanoma\imagenes\dataset_balanceado_1200_estructura_original\No melanoma\ISIC_NON_0011.jpg,source,original,c:\Users\elpro\Documents\Github\melanoma\imagenes\IMAGENES DEMARTOLOGICAS\No melanoma\bcc-type-i.jpg,fbb9a2524a8f2b9fe4be67b38e3636ed99b37f7fe4aa30fed980af6118dc837f
no_melanoma,ISIC_NON_0012.jpg,c:\Users\elpro\Documents\Github\melanoma\imagenes\dataset_balanceado_1200_estructura_original\No melanoma\ISIC_NON_0012.jpg,source,original,c:\Users\elpro\Documents\Github\melanoma\imagenes\IMAGENES DEMARTOLOGICAS\No melanoma\calcinosis-cutis-type-4-2.png,d6b0edaad5f7e1742c1d2b6016b9ef0b1b5dca3271fd6a92ac5eaa134ef8b26d
no_melanoma,ISIC_NON_0013.jpg,c:\Users\elpro\Documents\Github\melanoma\imagenes\dataset_balanceado_1200_estructura_original\No melanoma\ISIC_NON_0013.jpg,source,original,c:\Users\elpro\Documents\Github\melanoma\imagenes\IMAGENES DEMARTOLOGICAS\No melanoma\sebks12.jpg,ed838469e2aa89eff2a4e304ddaaf0b4394bad5ef4bbe269263a0e17f0c92f5d
no_melanoma,ISIC_NON_0014.jpg,c:\Users\elpro\Documents\Github\melanoma\imagenes\dataset_balanceado_1200_estructura_original\No melanoma\ISIC_NON_0014.jpg,source,original,c:\Users\elpro\Documents\Github\melanoma\imagenes\IMAGENES DEMARTOLOGICAS\No melanoma\sebks49.jpg,8b2029cd10e0ea71410e6f397a9682518a41df3e023fb35ea4dd80a1c9baa2ed
no_melanoma,ISIC_NON_0015.jpg,c:\Users\elpro\Documents\Github\melanoma\imagenes\dataset_balanceado_1200_estructura_original\No melanoma\ISIC_NON_0015.jpg,source,original,c:\Users\elpro\Documents\Github\melanoma\imagenes\IMAGENES DEMARTOLOGICAS\No melanoma\ISIC_0001126.jpg,ff5e0d3926be0f9f761bff8bb9c9000d0e9e754603758580d1587c8f9e8847b6
no_melanoma,ISIC_NON_0016.jpg,c:\Users\elpro\Documents\Github\melanoma\imagenes\dataset_balanceado_1200_estructura_original\No melanoma\ISIC_NON_0016.jpg,source,original,c:\Users\elpro\Documents\Github\melanoma\imagenes\IMAGENES DEMARTOLOGICAS\No melanoma\ISIC_0000432.jpg,47f11fb202b57f28df77fd6125c578f121a3f3bc1ee336b1a01c6e538d0fb508
no_melanoma,ISIC_NON_0017.jpg,c:\Users\elpro\Documents\Github\melanoma\imagenes\dataset_balanceado_1200_estructura_original\No melanoma\ISIC_NON_0017.jpg,source,original,c:\Users\elpro\Documents\Github\melanoma\imagenes\IMAGENES DEMARTOLOGICAS\No melanoma\5b.jpeg,0197d816d276c080a92f417fb11621f956d7bb206faf7d271a808aa06f088cc0
no_melanoma,ISIC_NON_0018.jpg,c:\Users\elpro\Documents\Github\melanoma\imagenes\dataset_balanceado_1200_estructura_original\No melanoma\ISIC_NON_0018.jpg,source,original,c:\Users\elpro\Documents\Github\melanoma\imagenes\IMAGENES DEMARTOLOGICAS\No melanoma\ISIC_0001143.jpg,c273c78d4dd892147dce9fd1d028bc5e92dff78b243f2d86f8b6942a801d0a8c
no_melanoma,ISIC_NON_0019.jpg,c:\Users\elpro\Documents\Github\melanoma\imagenes\dataset_balanceado_1200_estructura_original\No melanoma\ISIC_NON_0019.jpg,source,original,c:\Users\elpro\Documents\Github\melanoma\imagenes\IMAGENES DEMARTOLOGICAS\No melanoma\ISIC_0001116.jpg,012784d52b0be179830cbd53f43505fc369458cb7905ae7cbc8400ec2412742c
no_melanoma,ISIC_NON_0020.jpg,c:\Users\elpro\Documents\Github\melanoma\imagenes\dataset_balanceado_1200_estructura_original\No melanoma\ISIC_NON_0020.jpg,source,original,c:\Users\elpro\Documents\Github\melanoma\imagenes\IMAGENES DEMARTOLOGICAS\No melanoma\ISIC_0001124.jpg,4291f905e858a4b29312b68ecf0d882a8d60c7d4c178ccf52b638393d5dee302
no_melanoma,ISIC_NON_0021.jpg,c:\Users\elpro\Documents\Github\melanoma\imagenes\dataset_balanceado_1200_estructura_original\No melanoma\ISIC_NON_0021.jpg,source,original,c:\Users\elpro\Documents\Github\melanoma\imagenes\IMAGENES DEMARTOLOGICAS\No melanoma\ISIC_0000162.jpg,6fc6c5560a75316ca3cd916cf2b685290a98ff53dee2ba62e19869e7c57a1863
no_melanoma,ISIC_NON_0022.jpg,c:\Users\elpro\Documents\Github\melanoma\imagenes\dataset_balanceado_1200_estructura_original\No melanoma\ISIC_NON_0022.jpg,source,original,c:\Users\elpro\Documents\Github\melanoma\imagenes\IMAGENES DEMARTOLOGICAS\No melanoma\ISIC_0000517.jpg,921bab0508871a1950753b52e2c81fccf4c89a8a346017581c6a9a868b5db6a3
no_melanoma,ISIC_NON_0023.jpg,c:\Users\elpro\Documents\Github\melanoma\imagenes\dataset_balanceado_1200_estructura_original\No melanoma\ISIC_NON_0023.jpg,source,original,c:\Users\elpro\Documents\Github\melanoma\imagenes\IMAGENES DEMARTOLOGICAS\No melanoma\sebks27.jpg,51bf314944128cbd0d43062cb5b5c5d50af321be35a0b1c759b5c9a6b3abe89b
no_melanoma,ISIC_NON_0024.jpg,c:\Users\elpro\Documents\Github\melanoma\imagenes\dataset_balanceado_1200_estructura_original\No melanoma\ISIC_NON_0024.jpg,source,original,c:\Users\elpro\Documents\Github\melanoma\imagenes\IMAGENES DEMARTOLOGICAS\No melanoma\sebks58.jpg,e724e372b5e1fdd207c52e7308d0b59d7e61be850f3378c8fe606f861b860ca7
no_melanoma,ISIC_NON_0025.jpg,c:\Users\elpro\Documents\Github\melanoma\imagenes\dataset_balanceado_1200_estructura_original\No melanoma\ISIC_NON_0025.jpg,source,original,c:\Users\elpro\Documents\Github\melanoma\imagenes\IMAGENES DEMARTOLOGICAS\No melanoma\sebks42.jpg,a9d012d606de82550df49a57ca1e09902e2921459c01d0e99f487c96d6679cfa
no_melanoma,ISIC_NON_0026.jpg,c:\Users\elpro\Documents\Github\melanoma\imagenes\dataset_balanceado_1200_estructura_original\No melanoma\ISIC_NON_0026.jpg,source,original,c:\Users\elpro\Documents\Github\melanoma\imagenes\IMAGENES DEMARTOLOGICAS\No melanoma\acne-type-v-2.jpg,442fc5cfeaab8afed441b8835c73185a4a9482a2fbcf25b6141e4712ada8ed25
no_melanoma,ISIC_NON_0027.jpg,c:\Users\elpro\Documents\Github\melanoma\imagenes\dataset_balanceado_1200_estructura_original\No melanoma\ISIC_NON_0027.jpg,source,original,c:\Users\elpro\Documents\Github\melanoma\imagenes\IMAGENES DEMARTOLOGICAS\No melanoma\ISIC_0001125.jpg,79e8755f2b01b537274d5f17ae5db3ef3af6b7e78322c08b7836fc1f1ff24866
no_melanoma,ISIC_NON_0028.jpg,c:\Users\elpro\Documents\Github\melanoma\imagenes\dataset_balanceado_1200_estructura_original\No melanoma\ISIC_NON_0028.jpg,source,original,c:\Users\elpro\Documents\Github\melanoma\imagenes\IMAGENES DEMARTOLOGICAS\No melanoma\avm-type-1-fix.jpg,d1917ed424f4701a64dc2f3ea95e59b7594018d81e88b4eb116876f8c2a424ad
no_melanoma,ISIC_NON_0029.jpg,c:\Users\elpro\Documents\Github\melanoma\imagenes\dataset_balanceado_1200_estructura_original\No melanoma\ISIC_NON_0029.jpg,source,original,c:\Users\elpro\Documents\Github\melanoma\imagenes\IMAGENES DEMARTOLOGICAS\No melanoma\ISIC_0001149.jpg,39482b33084aafcae7287a538ef9b0b5f96d689b614b425e55f4d86e4757cd98
no_melanoma,ISIC_NON_0030.jpg,c:\Users\elpro\Documents\Github\melanoma\imagenes\dataset_balanceado_1200_estructura_original\No melanoma\ISIC_NON_0030.jpg,source,original,c:\Users\elpro\Documents\Github\melanoma\imagenes\IMAGENES DEMARTOLOGICAS\No melanoma\ISIC_0000395.jpg,23636a683fc340591c50a7c9fc0946ac59c09f3519e24c70c5f99cd497f4f1b4
no_melanoma,ISIC_NON_0031.jpg,c:\Users\elpro\Documents\Github\melanoma\imagenes\dataset_balanceado_1200_estructura_original\No melanoma\ISIC_NON_0031.jpg,source,original,c:\Users\elpro\Documents\Github\melanoma\imagenes\IMAGENES DEMARTOLOGICAS\No melanoma\ISIC_0000142.jpg,3fe64e48556145492c1ff37c36a38abaefb8dc6b9f304201e9ef2a25fc0b46d4
no_melanoma,ISIC_NON_0032.jpg,c:\Users\elpro\Documents\Github\melanoma\imagenes\dataset_balanceado_1200_estructura_original\No melanoma\ISIC_NON_0032.jpg,source,original,c:\Users\elpro\Documents\Github\melanoma\imagenes\IMAGENES DEMARTOLOGICAS\No melanoma\ISIC_0000404.jpg,34d4fd6303f90baeb04774012b340fcc7aff2ea6a79b701f7d900cad12d8904d
no_melanoma,ISIC_NON_0033.jpg,c:\Users\elpro\Documents\Github\melanoma\imagenes\dataset_balanceado_1200_estructura_original\No melanoma\ISIC_NON_0033.jpg,source,original,c:\Users\elpro\Documents\Github\melanoma\imagenes\IMAGENES DEMARTOLOGICAS\No melanoma\ISIC_0000531.jpg,062d6585dc1f71ef1eb6e26bd8f53fc4c7933751cf1c48fd49ead8a6cecf9460
no_melanoma,ISIC_NON_0034.jpg,c:\Users\elpro\Documents\Github\melanoma\imagenes\dataset_balanceado_1200_estructura_original\No melanoma\ISIC_NON_0034.jpg,source,original,c:\Users\elpro\Documents\Github\melanoma\imagenes\IMAGENES DEMARTOLOGICAS\No melanoma\istockphoto-645778074-612x612.jpg,ec99acde9f1bc42985009a30a4289aa89e05347bcbb768864ad530a75e1da074
no_melanoma,ISIC_NON_0035.jpg,c:\Users\elpro\Documents\Github\melanoma\imagenes\dataset_balanceado_1200_estructura_original\No melanoma\ISIC_NON_0035.jpg,source,original,c:\Users\elpro\Documents\Github\melanoma\imagenes\IMAGENES DEMARTOLOGICAS\No melanoma\4a (1).jpg,05a7cf10aea472a5de0101cbdeb948138c042e5cca60a80f73eb0d0c7dfb8c07
no_melanoma,ISIC_NON_0036.jpg,c:\Users\elpro\Documents\Github\melanoma\imagenes\dataset_balanceado_1200_estructura_original\No melanoma\ISIC_NON_0036.jpg,source,original,c:\Users\elpro\Documents\Github\melanoma\imagenes\IMAGENES DEMARTOLOGICAS\No melanoma\ISIC_0000154.jpg,fc25a3f333dd2407e82516dc24970eab034d5f2617d0c6db61aaf98bdd031101
no_melanoma,ISIC_NON_0037.jpg,c:\Users\elpro\Documents\Github\melanoma\imagenes\dataset_balanceado_1200_estructura_original\No melanoma\ISIC_NON_0037.jpg,source,original,c:\Users\elpro\Documents\Github\melanoma\imagenes\IMAGENES DEMARTOLOGICAS\No melanoma\ISIC_0000078.jpg,297242a1a6da3825479c3652ae0b912ca9a04610558ddd1e225bcd6a3a3d3d39
no_melanoma,ISIC_NON_0038.jpg,c:\Users\elpro\Documents\Github\melanoma\imagenes\dataset_balanceado_1200_estructura_original\No melanoma\ISIC_NON_0038.jpg,source,original,c:\Users\elpro\Documents\Github\melanoma\imagenes\IMAGENES DEMARTOLOGICAS\No melanoma\sebks21.jpg,7984c33e9019d6b3756d9be5953e0925f9a14f77b7a60771788eb3afb2c014f1
no_melanoma,ISIC_NON_0039.jpg,c:\Users\elpro\Documents\Github\melanoma\imagenes\dataset_balanceado_1200_estructura_original\No melanoma\ISIC_NON_0039.jpg,source,original,c:\Users\elpro\Documents\Github\melanoma\imagenes\IMAGENES DEMARTOLOGICAS\No melanoma\4a.jpg,f4c232dc04e31ee951b9aba161b7766c8934168b42bf6dcb34957e155f097163
no_melanoma,ISIC_NON_0040.jpg,c:\Users\elpro\Documents\Github\melanoma\imagenes\dataset_balanceado_1200_estructura_original\No melanoma\ISIC_NON_0040.jpg,source,original,c:\Users\elpro\Documents\Github\melanoma\imagenes\IMAGENES DEMARTOLOGICAS\No melanoma\hemangioma-type1-1.jpg,f055982188e79a4fb81345c83dc9a660c461b77575da9847cf87a0adb1c39e01
no_melanoma,ISIC_NON_0041.jpg,c:\Users\elpro\Documents\Github\melanoma\imagenes\dataset_balanceado_1200_estructura_original\No melanoma\ISIC_NON_0041.jpg,source,original,c:\Users\elpro\Documents\Github\melanoma\imagenes\IMAGENES DEMARTOLOGICAS\No melanoma\sebks50.jpg,0673ba78387308d1c76eb13f31a34bfd45454c76457ac38970c4a31d9d9a81c0
no_melanoma,ISIC_NON_0042.jpg,c:\Users\elpro\Documents\Github\melanoma\imagenes\dataset_balanceado_1200_estructura_original\No melanoma\ISIC_NON_0042.jpg,source,original,c:\Users\elpro\Documents\Github\melanoma\imagenes\IMAGENES DEMARTOLOGICAS\No melanoma\alopecia-areata-type-4-2.png,576a583802a65c76538bd60efc256f00b16827fb38eee72a9850818d3d91ea1e
no_melanoma,ISIC_NON_0043.jpg,c:\Users\elpro\Documents\Github\melanoma\imagenes\dataset_balanceado_1200_estructura_original\No melanoma\ISIC_NON_0043.jpg,source,original,c:\Users\elpro\Documents\Github\melanoma\imagenes\IMAGENES DEMARTOLOGICAS\No melanoma\ISIC_0000412.jpg,6520786e7d914d97951692b3078dddae5d15c78154d4a5ce0503ec7277cad3b8
no_melanoma,ISIC_NON_0044.jpg,c:\Users\elpro\Documents\Github\melanoma\imagenes\dataset_balanceado_1200_estructura_original\No melanoma\ISIC_NON_0044.jpg,source,original,c:\Users\elpro\Documents\Github\melanoma\imagenes\IMAGENES DEMARTOLOGICAS\No melanoma\istockphoto-867129572-612x612.jpg,d17b5ece740ab233866a35397a49fb7306f654049e9afb2ac9f2f5dfd82ab564
no_melanoma,ISIC_NON_0045.jpg,c:\Users\elpro\Documents\Github\melanoma\imagenes\dataset_balanceado_1200_estructura_original\No melanoma\ISIC_NON_0045.jpg,source,original,c:\Users\elpro\Documents\Github\melanoma\imagenes\IMAGENES DEMARTOLOGICAS\No melanoma\ISIC_0000171.jpg,e28d38359477b7f6776dd6965810c1b97a9479426bbcae80b537a1644bc27700
no_melanoma,ISIC_NON_0046.jpg,c:\Users\elpro\Documents\Github\melanoma\imagenes\dataset_balanceado_1200_estructura_original\No melanoma\ISIC_NON_0046.jpg,source,original,c:\Users\elpro\Documents\Github\melanoma\imagenes\IMAGENES DEMARTOLOGICAS\No melanoma\sebks17.jpg,199419ebc141eea59c8d7007737841c49a185a4748559f711946dd77d44d7f78
no_melanoma,ISIC_NON_0047.jpg,c:\Users\elpro\Documents\Github\melanoma\imagenes\dataset_balanceado_1200_estructura_original\No melanoma\ISIC_NON_0047.jpg,source,original,c:\Users\elpro\Documents\Github\melanoma\imagenes\IMAGENES DEMARTOLOGICAS\No melanoma\ISIC_0000298.jpg,19183f5b857ffdd4872dfd7ecd44e12990de7303cc0fc83a3bb8ef81d68237a2
no_melanoma,ISIC_NON_0048.jpg,c:\Users\elpro\Documents\Github\melanoma\imagenes\dataset_balanceado_1200_estructura_original\No melanoma\ISIC_NON_0048.jpg,source,original,c:\Users\elpro\Documents\Github\melanoma\imagenes\IMAGENES DEMARTOLOGICAS\No melanoma\sebks56.jpg,45348677ba9a57a83a34c3812f657aa196a10da72560c27ec7645af979334ef7
no_melanoma,ISIC_NON_0049.jpg,c:\Users\elpro\Documents\Github\melanoma\imagenes\dataset_balanceado_1200_estructura_original\No melanoma\ISIC_NON_0049.jpg,source,original,c:\Users\elpro\Documents\Github\melanoma\imagenes\IMAGENES DEMARTOLOGICAS\No melanoma\sebks61.jpg,879a821e4e38fae7090fee57e1857222d10571f98d1ffcf33089785ecf095a69
no_melanoma,ISIC_NON_0050.jpg,c:\Users\elpro\Documents\Github\melanoma\imagenes\dataset_balanceado_1200_estructura_original\No melanoma\ISIC_NON_0050.jpg,source,original,c:\Users\elpro\Documents\Github\melanoma\imagenes\IMAGENES DEMARTOLOGICAS\No melanoma\ISIC_0000390.jpg,ad9e79b246d99fbf2739250503f4090644a46297ef76112cdc79ec286e5e4226
no_melanoma,ISIC_NON_0051.jpg,c:\Users\elpro\Documents\Github\melanoma\imagenes\dataset_balanceado_1200_estructura_original\No melanoma\ISIC_NON_0051.jpg,source,original,c:\Users\elpro\Documents\Github\melanoma\imagenes\IMAGENES DEMARTOLOGICAS\No melanoma\2b.jpeg,3c3d312235993d400321a6b326c4e0598f7147d008158daace1a578d3fa1581d
no_melanoma,ISIC_NON_0052.jpg,c:\Users\elpro\Documents\Github\melanoma\imagenes\dataset_balanceado_1200_estructura_original\No melanoma\ISIC_NON_0052.jpg,source,original,c:\Users\elpro\Documents\Github\melanoma\imagenes\IMAGENES DEMARTOLOGICAS\No melanoma\ISIC_0000519.jpg,6c264918c6621d0b20ff844e2571619b52424b74ef9a22494089c5180e92c842
no_melanoma,ISIC_NON_0053.jpg,c:\Users\elpro\Documents\Github\melanoma\imagenes\dataset_balanceado_1200_estructura_original\No melanoma\ISIC_NON_0053.jpg,source,original,c:\Users\elpro\Documents\Github\melanoma\imagenes\IMAGENES DEMARTOLOGICAS\No melanoma\acne-type-vi.jpg,370edb3c7aa3b0b9ef874df69f2fb5b5970c7d91cb9f4d785d72f073ea23085a
no_melanoma,ISIC_NON_0054.jpg,c:\Users\elpro\Documents\Github\melanoma\imagenes\dataset_balanceado_1200_estructura_original\No melanoma\ISIC_NON_0054.jpg,source,original,c:\Users\elpro\Documents\Github\melanoma\imagenes\IMAGENES DEMARTOLOGICAS\No melanoma\istockphoto-2131956735-612x612.jpg,6aab1b12ce8fab62ab63f6d84b18122cf7551457c1be6c182db5bd0795893eaf
no_melanoma,ISIC_NON_0055.jpg,c:\Users\elpro\Documents\Github\melanoma\imagenes\dataset_balanceado_1200_estructura_original\No melanoma\ISIC_NON_0055.jpg,source,original,c:\Users\elpro\Documents\Github\melanoma\imagenes\IMAGENES DEMARTOLOGICAS\No melanoma\istockphoto-1203970435-612x612.jpg,bb551f4f64a00c14e6980042e7bd7b161eb199f4dbd2a7a8637ce36baef8acef
no_melanoma,ISIC_NON_0056.jpg,c:\Users\elpro\Documents\Github\melanoma\imagenes\dataset_balanceado_1200_estructura_original\No melanoma\ISIC_NON_0056.jpg,source,original,c:\Users\elpro\Documents\Github\melanoma\imagenes\IMAGENES DEMARTOLOGICAS\No melanoma\sebks35.jpg,26c30c3be8fbaecde5368f13f3e914bb7ed8d0d3a62eeebd353a5786d177591d
no_melanoma,ISIC_NON_0057.jpg,c:\Users\elpro\Documents\Github\melanoma\imagenes\dataset_balanceado_1200_estructura_original\No melanoma\ISIC_NON_0057.jpg,source,original,c:\Users\elpro\Documents\Github\melanoma\imagenes\IMAGENES DEMARTOLOGICAS\No melanoma\ISIC_0001100.jpg,d22b708260da03e668db7cf8a902fbb614dd7dd93b135856565202cb4a8608b4
no_melanoma,ISIC_NON_0058.jpg,c:\Users\elpro\Documents\Github\melanoma\imagenes\dataset_balanceado_1200_estructura_original\No melanoma\ISIC_NON_0058.jpg,source,original,c:\Users\elpro\Documents\Github\melanoma\imagenes\IMAGENES DEMARTOLOGICAS\No melanoma\ISIC_0000434.jpg,95a306d3ad857c10441da805d275e9e3db3eb2410e2ef54693f3b2219024d8f3
no_melanoma,ISIC_NON_0059.jpg,c:\Users\elpro\Documents\Github\melanoma\imagenes\dataset_balanceado_1200_estructura_original\No melanoma\ISIC_NON_0059.jpg,source,original,c:\Users\elpro\Documents\Github\melanoma\imagenes\IMAGENES DEMARTOLOGICAS\No melanoma\ISIC_0000287.jpg,258d0bdc41229bf3a623708e2788e418cf3b59ea98fef9fa23ffa825d71845f7
no_melanoma,ISIC_NON_0060.jpg,c:\Users\elpro\Documents\Github\melanoma\imagenes\dataset_balanceado_1200_estructura_original\No melanoma\ISIC_NON_0060.jpg,source,original,c:\Users\elpro\Documents\Github\melanoma\imagenes\IMAGENES DEMARTOLOGICAS\No melanoma\ISIC_0000277.jpg,3454876866168abea61368f3ead6bff9e322d6ff1fcafd611878501da9719b27
no_melanoma,ISIC_NON_0061.jpg,c:\Users\elpro\Documents\Github\melanoma\imagenes\dataset_balanceado_1200_estructura_original\No melanoma\ISIC_NON_0061.jpg,source,original,c:\Users\elpro\Documents\Github\melanoma\imagenes\IMAGENES DEMARTOLOGICAS\No melanoma\ISIC_0001133.jpg,c9ef91a63b84a1bde5b3c898c1364f48107243dea2b9da3f00900143e69defa3
no_melanoma,ISIC_NON_0062.jpg,c:\Users\elpro\Documents\Github\melanoma\imagenes\dataset_balanceado_1200_estructura_original\No melanoma\ISIC_NON_0062.jpg,source,original,c:\Users\elpro\Documents\Github\melanoma\imagenes\IMAGENES DEMARTOLOGICAS\No melanoma\ISIC_0001103.jpg,1a013ddc24dd3733a350689a534982e387806e8fe4dc4e3203604afd4af59465
no_melanoma,ISIC_NON_0063.jpg,c:\Users\elpro\Documents\Github\melanoma\imagenes\dataset_balanceado_1200_estructura_original\No melanoma\ISIC_NON_0063.jpg,source,original,c:\Users\elpro\Documents\Github\melanoma\imagenes\IMAGENES DEMARTOLOGICAS\No melanoma\ISIC_0000466.jpg,832798ea773cdce340d23b17938df2487c01e1bc66c0dcbfc96df261a58a5735
no_melanoma,ISIC_NON_0064.jpg,c:\Users\elpro\Documents\Github\melanoma\imagenes\dataset_balanceado_1200_estructura_original\No melanoma\ISIC_NON_0064.jpg,source,original,c:\Users\elpro\Documents\Github\melanoma\imagenes\IMAGENES DEMARTOLOGICAS\No melanoma\ISIC_0000157.jpg,2a54058abc10cc625aa052568f2816b2c6be7fd33f0d1a0af30c9edadbee73b8
no_melanoma,ISIC_NON_0065.jpg,c:\Users\elpro\Documents\Github\melanoma\imagenes\dataset_balanceado_1200_estructura_original\No melanoma\ISIC_NON_0065.jpg,source,original,c:\Users\elpro\Documents\Github\melanoma\imagenes\IMAGENES DEMARTOLOGICAS\No melanoma\calcinosis-cutis-type-5-2.png,99fe7ef823414c3ee22a5ce9cdae3577724d8d02204095bc370d3f8595436976
no_melanoma,ISIC_NON_0066.jpg,c:\Users\elpro\Documents\Github\melanoma\imagenes\dataset_balanceado_1200_estructura_original\No melanoma\ISIC_NON_0066.jpg,source,original,c:\Users\elpro\Documents\Github\melanoma\imagenes\IMAGENES DEMARTOLOGICAS\No melanoma\sebks32.jpg,f9abe19343fcd0ee26880e0c993981e298f2a78a1fcc84e3dd6f24165e91b16b
no_melanoma,ISIC_NON_0067.jpg,c:\Users\elpro\Documents\Github\melanoma\imagenes\dataset_balanceado_1200_estructura_original\No melanoma\ISIC_NON_0067.jpg,source,original,c:\Users\elpro\Documents\Github\melanoma\imagenes\IMAGENES DEMARTOLOGICAS\No melanoma\ISIC_0001132.jpg,180ccf29344afc379b40fbe50106215a21a192afede42a95413be1e9bc12a8fc
no_melanoma,ISIC_NON_0068.jpg,c:\Users\elpro\Documents\Github\melanoma\imagenes\dataset_balanceado_1200_estructura_original\No melanoma\ISIC_NON_0068.jpg,source,original,c:\Users\elpro\Documents\Github\melanoma\imagenes\IMAGENES DEMARTOLOGICAS\No melanoma\sebks54.jpg,97e56a115a559379dfe72934254f03c351aee801ef57924dfc7a5fbd113ba310
no_melanoma,ISIC_NON_0069.jpg,c:\Users\elpro\Documents\Github\melanoma\imagenes\dataset_balanceado_1200_estructura_original\No melanoma\ISIC_NON_0069.jpg,source,original,c:\Users\elpro\Documents\Github\melanoma\imagenes\IMAGENES DEMARTOLOGICAS\No melanoma\impetigo-type-vi.jpg,268319c4be94e3b0b78612445f9793f00faf92de458265f434c954c50f4b2452
no_melanoma,ISIC_NON_0070.jpg,c:\Users\elpro\Documents\Github\melanoma\imagenes\dataset_balanceado_1200_estructura_original\No melanoma\ISIC_NON_0070.jpg,source,original,c:\Users\elpro\Documents\Github\melanoma\imagenes\IMAGENES DEMARTOLOGICAS\No melanoma\ISIC_0000004.jpg,0536889aef8dc35813d27d25bb00ffe903972417c73b0e8ed66dd7fea7c85751
no_melanoma,ISIC_NON_0071.jpg,c:\Users\elpro\Documents\Github\melanoma\imagenes\dataset_balanceado_1200_estructura_original\No melanoma\ISIC_NON_0071.jpg,source,original,c:\Users\elpro\Documents\Github\melanoma\imagenes\IMAGENES DEMARTOLOGICAS\No melanoma\hemangioma-type5-1.jpg,df56c81a5d957131af80845d1a3e58a721183f436168b98fbdc03298df6d2fee
no_melanoma,ISIC_NON_0072.jpg,c:\Users\elpro\Documents\Github\melanoma\imagenes\dataset_balanceado_1200_estructura_original\No melanoma\ISIC_NON_0072.jpg,source,original,c:\Users\elpro\Documents\Github\melanoma\imagenes\IMAGENES DEMARTOLOGICAS\No melanoma\ISIC_0000148.jpg,70e0d7d09acba03b0b036053bb8d44eca75b69220df443ee1f6040259df69538
no_melanoma,ISIC_NON_0073.jpg,c:\Users\elpro\Documents\Github\melanoma\imagenes\dataset_balanceado_1200_estructura_original\No melanoma\ISIC_NON_0073.jpg,source,original,c:\Users\elpro\Documents\Github\melanoma\imagenes\IMAGENES DEMARTOLOGICAS\No melanoma\sebks34.jpg,e1d22068aefd27800c0967dd39366fd5b5346a8ed83a0b81cb290a5bad286149
no_melanoma,ISIC_NON_0074.jpg,c:\Users\elpro\Documents\Github\melanoma\imagenes\dataset_balanceado_1200_estructura_original\No melanoma\ISIC_NON_0074.jpg,source,original,c:\Users\elpro\Documents\Github\melanoma\imagenes\IMAGENES DEMARTOLOGICAS\No melanoma\ISIC_0000147.jpg,764aa2d3c13e3e7c11bbeb6f4bd7c64e6f2f436bfd8e85790f634a59b6def485
no_melanoma,ISIC_NON_0075.jpg,c:\Users\elpro\Documents\Github\melanoma\imagenes\dataset_balanceado_1200_estructura_original\No melanoma\ISIC_NON_0075.jpg,source,original,c:\Users\elpro\Documents\Github\melanoma\imagenes\IMAGENES DEMARTOLOGICAS\No melanoma\ISIC_0000440.jpg,6356b839e046996df61903f216d8c27d3000a2ac366fa98995c9951235f36223
no_melanoma,ISIC_NON_0076.jpg,c:\Users\elpro\Documents\Github\melanoma\imagenes\dataset_balanceado_1200_estructura_original\No melanoma\ISIC_NON_0076.jpg,source,original,c:\Users\elpro\Documents\Github\melanoma\imagenes\IMAGENES DEMARTOLOGICAS\No melanoma\acanthosis-nigricans-type-iv.jpg,ab26b2ef562d1163486d0ece1eba96712ec55a32211de2b5d6a7dcea850566f3
no_melanoma,ISIC_NON_0077.jpg,c:\Users\elpro\Documents\Github\melanoma\imagenes\dataset_balanceado_1200_estructura_original\No melanoma\ISIC_NON_0077.jpg,source,original,c:\Users\elpro\Documents\Github\melanoma\imagenes\IMAGENES DEMARTOLOGICAS\No melanoma\ISIC_0000145.jpg,50068a6ef5dd05c4c5b91ce83d2527995a696d01fcb92eea65c15b0fdb86cf39
no_melanoma,ISIC_NON_0078.jpg,c:\Users\elpro\Documents\Github\melanoma\imagenes\dataset_balanceado_1200_estructura_original\No melanoma\ISIC_NON_0078.jpg,source,original,c:\Users\elpro\Documents\Github\melanoma\imagenes\IMAGENES DEMARTOLOGICAS\No melanoma\ISIC_0001112.jpg,465ed606287f2abd8fe6a134fe4511781970ae8b169b0c47785c792826a325b1
no_melanoma,ISIC_NON_0079.jpg,c:\Users\elpro\Documents\Github\melanoma\imagenes\dataset_balanceado_1200_estructura_original\No melanoma\ISIC_NON_0079.jpg,source,original,c:\Users\elpro\Documents\Github\melanoma\imagenes\IMAGENES DEMARTOLOGICAS\No melanoma\ISIC_0000428.jpg,3d8be1d6949e39221a97322c736089a7aa77c6754d05b27bc4b8f367515a480a
no_melanoma,ISIC_NON_0080.jpg,c:\Users\elpro\Documents\Github\melanoma\imagenes\dataset_balanceado_1200_estructura_original\No melanoma\ISIC_NON_0080.jpg,source,original,c:\Users\elpro\Documents\Github\melanoma\imagenes\IMAGENES DEMARTOLOGICAS\No melanoma\ISIC_0000288.jpg,02fc7eb96aacd0a987dc77804d9838c6b153cf586d7eb8b6a9d01a54706cf811
no_melanoma,ISIC_NON_0081.jpg,c:\Users\elpro\Documents\Github\melanoma\imagenes\dataset_balanceado_1200_estructura_original\No melanoma\ISIC_NON_0081.jpg,source,original,c:\Users\elpro\Documents\Github\melanoma\imagenes\IMAGENES DEMARTOLOGICAS\No melanoma\ISIC_0000153.jpg,43375fda01b39ebb3f1191a4663ea1f3f9ddf0a15a95c07dfce2aca23420b750
no_melanoma,ISIC_NON_0082.jpg,c:\Users\elpro\Documents\Github\melanoma\imagenes\dataset_balanceado_1200_estructura_original\No melanoma\ISIC_NON_0082.jpg,source,original,c:\Users\elpro\Documents\Github\melanoma\imagenes\IMAGENES DEMARTOLOGICAS\No melanoma\ISIC_0000551.jpg,31be2d6a26baa6c7dd3e0d4c9c0bef30d54ce2b9d276ac1ba7b78af80a7bd1e0
no_melanoma,ISIC_NON_0083.jpg,c:\Users\elpro\Documents\Github\melanoma\imagenes\dataset_balanceado_1200_estructura_original\No melanoma\ISIC_NON_0083.jpg,source,original,c:\Users\elpro\Documents\Github\melanoma\imagenes\IMAGENES DEMARTOLOGICAS\No melanoma\ISIC_0000420.jpg,581146f1d18e7ba86d389bd88ef9c8162f79521a8fddb2abc69a081375ef5a16
no_melanoma,ISIC_NON_0084.jpg,c:\Users\elpro\Documents\Github\melanoma\imagenes\dataset_balanceado_1200_estructura_original\No melanoma\ISIC_NON_0084.jpg,source,original,c:\Users\elpro\Documents\Github\melanoma\imagenes\IMAGENES DEMARTOLOGICAS\No melanoma\ISIC_0000035.jpg,0ca41f6d73efde6182d7688ab5141bb17ba0e7ea215309695daec7b679f3bba8
no_melanoma,ISIC_NON_0085.jpg,c:\Users\elpro\Documents\Github\melanoma\imagenes\dataset_balanceado_1200_estructura_original\No melanoma\ISIC_NON_0085.jpg,source,original,c:\Users\elpro\Documents\Github\melanoma\imagenes\IMAGENES DEMARTOLOGICAS\No melanoma\bml3.jpg,a6939f29d0c996df18429ca7a491a3b69e2bc11a22e0015b590f2d5392e88411
no_melanoma,ISIC_NON_0086.jpg,c:\Users\elpro\Documents\Github\melanoma\imagenes\dataset_balanceado_1200_estructura_original\No melanoma\ISIC_NON_0086.jpg,source,original,c:\Users\elpro\Documents\Github\melanoma\imagenes\IMAGENES DEMARTOLOGICAS\No melanoma\ISIC_0000158.jpg,844965c7b392ff5cd6b664af447c7438e3ed7cdb0ee1e5942c0cc46a92a6846d
no_melanoma,ISIC_NON_0087.jpg,c:\Users\elpro\Documents\Github\melanoma\imagenes\dataset_balanceado_1200_estructura_original\No melanoma\ISIC_NON_0087.jpg,source,original,c:\Users\elpro\Documents\Github\melanoma\imagenes\IMAGENES DEMARTOLOGICAS\No melanoma\istockphoto-1159780582-612x612.jpg,7f0a1384fada1fe73567e99ee68c4c72e6a49da76332c40a8e9dd01ea3cc9ce8
no_melanoma,ISIC_NON_0088.jpg,c:\Users\elpro\Documents\Github\melanoma\imagenes\dataset_balanceado_1200_estructura_original\No melanoma\ISIC_NON_0088.jpg,source,original,c:\Users\elpro\Documents\Github\melanoma\imagenes\IMAGENES DEMARTOLOGICAS\No melanoma\ISIC_0000160.jpg,9f07e96210ca34de1beddca31ff7878a013737008cd14969e51d37c01fc8e1ac
no_melanoma,ISIC_NON_0089.jpg,c:\Users\elpro\Documents\Github\melanoma\imagenes\dataset_balanceado_1200_estructura_original\No melanoma\ISIC_NON_0089.jpg,source,original,c:\Users\elpro\Documents\Github\melanoma\imagenes\IMAGENES DEMARTOLOGICAS\No melanoma\ISIC_0000285.jpg,dd447de6d0550d88bd2e805564f44790f6077c8fa226985e765ed811bb0d2360
no_melanoma,ISIC_NON_0090.jpg,c:\Users\elpro\Documents\Github\melanoma\imagenes\dataset_balanceado_1200_estructura_original\No melanoma\ISIC_NON_0090.jpg,source,original,c:\Users\elpro\Documents\Github\melanoma\imagenes\IMAGENES DEMARTOLOGICAS\No melanoma\alopecia-areata-type-5-1.png,ad5b86ba7e94df1daa7dd94f2a134b2016f5d878eeb7f216d0138c3547f32e64
no_melanoma,ISIC_NON_0091.jpg,c:\Users\elpro\Documents\Github\melanoma\imagenes\dataset_balanceado_1200_estructura_original\No melanoma\ISIC_NON_0091.jpg,source,original,c:\Users\elpro\Documents\Github\melanoma\imagenes\IMAGENES DEMARTOLOGICAS\No melanoma\acne-type-iv.jpg,2ecb688ab5d46bd8437c1f44b5eec1cc7a74e3b61062bc862eeec14b3493cd9d
no_melanoma,ISIC_NON_0092.jpg,c:\Users\elpro\Documents\Github\melanoma\imagenes\dataset_balanceado_1200_estructura_original\No melanoma\ISIC_NON_0092.jpg,source,original,c:\Users\elpro\Documents\Github\melanoma\imagenes\IMAGENES DEMARTOLOGICAS\No melanoma\ISIC_0001121.jpg,b172ed278e5837419e1a9503afc9902860f8a6decf538b67406ba5829b41204d
no_melanoma,ISIC_NON_0093.jpg,c:\Users\elpro\Documents\Github\melanoma\imagenes\dataset_balanceado_1200_estructura_original\No melanoma\ISIC_NON_0093.jpg,source,original,c:\Users\elpro\Documents\Github\melanoma\imagenes\IMAGENES DEMARTOLOGICAS\No melanoma\ISIC_0000282.jpg,153644fc5ee70729ddaa020815925d4f6f4b2fe086a7702d4197060b8e984992
no_melanoma,ISIC_NON_0094.jpg,c:\Users\elpro\Documents\Github\melanoma\imagenes\dataset_balanceado_1200_estructura_original\No melanoma\ISIC_NON_0094.jpg,source,original,c:\Users\elpro\Documents\Github\melanoma\imagenes\IMAGENES DEMARTOLOGICAS\No melanoma\sebks25.jpg,7ce4d0e4bf2fa8ed772efd61f97c7ac03529b077ac37df7b6fe374ec304b4289
no_melanoma,ISIC_NON_0095.jpg,c:\Users\elpro\Documents\Github\melanoma\imagenes\dataset_balanceado_1200_estructura_original\No melanoma\ISIC_NON_0095.jpg,source,original,c:\Users\elpro\Documents\Github\melanoma\imagenes\IMAGENES DEMARTOLOGICAS\No melanoma\acne-type-i.jpg,4e8f602756b4416ee269e99fcfe1b2535a8cd9854a9f79f2212d4806c0be4fb7
no_melanoma,ISIC_NON_0096.jpg,c:\Users\elpro\Documents\Github\melanoma\imagenes\dataset_balanceado_1200_estructura_original\No melanoma\ISIC_NON_0096.jpg,source,original,c:\Users\elpro\Documents\Github\melanoma\imagenes\IMAGENES DEMARTOLOGICAS\No melanoma\ISIC_0000411.jpg,3ff98d12cf42ff543399c85779a2cb2a7f1aea8f2d3578cf83354c1e9f943ddf
no_melanoma,ISIC_NON_0097.jpg,c:\Users\elpro\Documents\Github\melanoma\imagenes\dataset_balanceado_1200_estructura_original\No melanoma\ISIC_NON_0097.jpg,source,original,c:\Users\elpro\Documents\Github\melanoma\imagenes\IMAGENES DEMARTOLOGICAS\No melanoma\ISIC_0001135.jpg,01db6e855dc51b1ea525577f84243acc671ed997d8685e7e23e9326613c69289
no_melanoma,ISIC_NON_0098.jpg,c:\Users\elpro\Documents\Github\melanoma\imagenes\dataset_balanceado_1200_estructura_original\No melanoma\ISIC_NON_0098.jpg,source,original,c:\Users\elpro\Documents\Github\melanoma\imagenes\IMAGENES DEMARTOLOGICAS\No melanoma\ISIC_0000405.jpg,fb5673d424e46560855e56da04f811668ea90934f16ce88c84fe52ad1bcce973
no_melanoma,ISIC_NON_0099.jpg,c:\Users\elpro\Documents\Github\melanoma\imagenes\dataset_balanceado_1200_estructura_original\No melanoma\ISIC_NON_0099.jpg,source,original,c:\Users\elpro\Documents\Github\melanoma\imagenes\IMAGENES DEMARTOLOGICAS\No melanoma\hemangioma-type-v-2.jpg,e7feca9ede549d15d2142d33949d93d02235ba15e20e82e53e37c2e529b25114
no_melanoma,ISIC_NON_0100.jpg,c:\Users\elpro\Documents\Github\melanoma\imagenes\dataset_balanceado_1200_estructura_original\No melanoma\ISIC_NON_0100.jpg,source,original,c:\Users\elpro\Documents\Github\melanoma\imagenes\IMAGENES DEMARTOLOGICAS\No melanoma\ISIC_0000547.jpg,bbc6dcbce4c18f7b4cfc085b716d0638760c42d5bc9e157fedc501582ddfc98f
no_melanoma,ISIC_NON_0101.jpg,c:\Users\elpro\Documents\Github\melanoma\imagenes\dataset_balanceado_1200_estructura_original\No melanoma\ISIC_NON_0101.jpg,source,original,c:\Users\elpro\Documents\Github\melanoma\imagenes\IMAGENES DEMARTOLOGICAS\No melanoma\istockphoto-1203970432-612x612.jpg,d8e0f2dc7b94b2779dccb16b0bbd3b3a9fcf6cd7afafe2ce65b8250aeb80585e
no_melanoma,ISIC_NON_0102.jpg,c:\Users\elpro\Documents\Github\melanoma\imagenes\dataset_balanceado_1200_estructura_original\No melanoma\ISIC_NON_0102.jpg,source,original,c:\Users\elpro\Documents\Github\melanoma\imagenes\IMAGENES DEMARTOLOGICAS\No melanoma\ISIC_0000168.jpg,906807ac32db49b769dc6c5c7d264d4a043417ddb46af16400deb55fe8fb9212
no_melanoma,ISIC_NON_0103.jpg,c:\Users\elpro\Documents\Github\melanoma\imagenes\dataset_balanceado_1200_estructura_original\No melanoma\ISIC_NON_0103.jpg,source,original,c:\Users\elpro\Documents\Github\melanoma\imagenes\IMAGENES DEMARTOLOGICAS\No melanoma\ISIC_0001119.jpg,0b147b8935530846632004db8fb56f94a350b7591220b589d92b104cd5276012
no_melanoma,ISIC_NON_0104.jpg,c:\Users\elpro\Documents\Github\melanoma\imagenes\dataset_balanceado_1200_estructura_original\No melanoma\ISIC_NON_0104.jpg,source,original,c:\Users\elpro\Documents\Github\melanoma\imagenes\IMAGENES DEMARTOLOGICAS\No melanoma\hemangioma-type-iii-2.jpg,315e7671686f22933a482cb7ce1c6b78aa90ae79a072e5c243546d9be97095ad
no_melanoma,ISIC_NON_0105.jpg,c:\Users\elpro\Documents\Github\melanoma\imagenes\dataset_balanceado_1200_estructura_original\No melanoma\ISIC_NON_0105.jpg,source,original,c:\Users\elpro\Documents\Github\melanoma\imagenes\IMAGENES DEMARTOLOGICAS\No melanoma\ISIC_0000056.jpg,715577874debeaaab67e53fca180c653478a4570891d620cc8de557d175b07d9
no_melanoma,ISIC_NON_0106.jpg,c:\Users\elpro\Documents\Github\melanoma\imagenes\dataset_balanceado_1200_estructura_original\No melanoma\ISIC_NON_0106.jpg,source,original,c:\Users\elpro\Documents\Github\melanoma\imagenes\IMAGENES DEMARTOLOGICAS\No melanoma\ISIC_0001110.jpg,cfc2466ce7d6eac9fdc1747295d222ac5c30834d4ce291c61b3124d2d67d2f17
no_melanoma,ISIC_NON_0107.jpg,c:\Users\elpro\Documents\Github\melanoma\imagenes\dataset_balanceado_1200_estructura_original\No melanoma\ISIC_NON_0107.jpg,source,original,c:\Users\elpro\Documents\Github\melanoma\imagenes\IMAGENES DEMARTOLOGICAS\No melanoma\ISIC_0000140.jpg,44800ba4c9bf0bac2400b58650bd352b822f40718b129afd98afaf29b9a74fc2
no_melanoma,ISIC_NON_0108.jpg,c:\Users\elpro\Documents\Github\melanoma\imagenes\dataset_balanceado_1200_estructura_original\No melanoma\ISIC_NON_0108.jpg,source,original,c:\Users\elpro\Documents\Github\melanoma\imagenes\IMAGENES DEMARTOLOGICAS\No melanoma\ISIC_0000292.jpg,535e8de11f91cdbc8fc41cc4caac365060a0eb919c4a78f93c8a1ff7c6cecc8a
no_melanoma,ISIC_NON_0109.jpg,c:\Users\elpro\Documents\Github\melanoma\imagenes\dataset_balanceado_1200_estructura_original\No melanoma\ISIC_NON_0109.jpg,source,original,c:\Users\elpro\Documents\Github\melanoma\imagenes\IMAGENES DEMARTOLOGICAS\No melanoma\sebks01.jpg,ab5804c6522c5418c20c76ed3f589c650f747a6f184abfd5529491f210973957
no_melanoma,ISIC_NON_0110.jpg,c:\Users\elpro\Documents\Github\melanoma\imagenes\dataset_balanceado_1200_estructura_original\No melanoma\ISIC_NON_0110.jpg,source,original,c:\Users\elpro\Documents\Github\melanoma\imagenes\IMAGENES DEMARTOLOGICAS\No melanoma\q1-2.jpg,90cad809c5781d170914b2ea77d301e388875b2379bdfb74182670ed911fee9f
no_melanoma,ISIC_NON_0111.jpg,c:\Users\elpro\Documents\Github\melanoma\imagenes\dataset_balanceado_1200_estructura_original\No melanoma\ISIC_NON_0111.jpg,source,original,c:\Users\elpro\Documents\Github\melanoma\imagenes\IMAGENES DEMARTOLOGICAS\No melanoma\istockphoto-832622674-612x612.jpg,79237cfcc36c8bec2c452adb5096dd08da07af5ba21b12b4aab3fdb4f1cc88b3
no_melanoma,ISIC_NON_0112.jpg,c:\Users\elpro\Documents\Github\melanoma\imagenes\dataset_balanceado_1200_estructura_original\No melanoma\ISIC_NON_0112.jpg,source,original,c:\Users\elpro\Documents\Github\melanoma\imagenes\IMAGENES DEMARTOLOGICAS\No melanoma\sebks36.jpg,1d8cd4d3315e1806da3b7fd5ec7435bb440818f838b948c302e7c50d1e779888
no_melanoma,ISIC_NON_0113.jpg,c:\Users\elpro\Documents\Github\melanoma\imagenes\dataset_balanceado_1200_estructura_original\No melanoma\ISIC_NON_0113.jpg,source,original,c:\Users\elpro\Documents\Github\melanoma\imagenes\IMAGENES DEMARTOLOGICAS\No melanoma\ISIC_0000438.jpg,fe261566b8c131a7f6032193d0493e428c90afa938c749987d8491d8864fe481
no_melanoma,ISIC_NON_0114.jpg,c:\Users\elpro\Documents\Github\melanoma\imagenes\dataset_balanceado_1200_estructura_original\No melanoma\ISIC_NON_0114.jpg,source,original,c:\Users\elpro\Documents\Github\melanoma\imagenes\IMAGENES DEMARTOLOGICAS\No melanoma\alopecia-areata-type-4-1.png,cfc3b6783acfef423a98f62b972fc4f3ffc8e3e4fae90daa8fe772efdfc2834f
no_melanoma,ISIC_NON_0115.jpg,c:\Users\elpro\Documents\Github\melanoma\imagenes\dataset_balanceado_1200_estructura_original\No melanoma\ISIC_NON_0115.jpg,source,original,c:\Users\elpro\Documents\Github\melanoma\imagenes\IMAGENES DEMARTOLOGICAS\No melanoma\ISIC_0000402.jpg,7e77308019fb1c12a234417577d846b5a7d7dcfe835e5e94535bbfec77664dc5
no_melanoma,ISIC_NON_0116.jpg,c:\Users\elpro\Documents\Github\melanoma\imagenes\dataset_balanceado_1200_estructura_original\No melanoma\ISIC_NON_0116.jpg,source,original,c:\Users\elpro\Documents\Github\melanoma\imagenes\IMAGENES DEMARTOLOGICAS\No melanoma\hemangioma-type-iv-2.jpg,33b8647c11980f2c69fc95e0cfdd64e33f8525f41f6d132de0fff7c6b948242d
no_melanoma,ISIC_NON_0117.jpg,c:\Users\elpro\Documents\Github\melanoma\imagenes\dataset_balanceado_1200_estructura_original\No melanoma\ISIC_NON_0117.jpg,source,original,c:\Users\elpro\Documents\Github\melanoma\imagenes\IMAGENES DEMARTOLOGICAS\No melanoma\istockphoto-1205364922-612x612.jpg,f91354c37d5e077319d5373864753db05ddc7ea40f16f149db728b27c8f4cf5e
no_melanoma,ISIC_NON_0118.jpg,c:\Users\elpro\Documents\Github\melanoma\imagenes\dataset_balanceado_1200_estructura_original\No melanoma\ISIC_NON_0118.jpg,source,original,c:\Users\elpro\Documents\Github\melanoma\imagenes\IMAGENES DEMARTOLOGICAS\No melanoma\istockphoto-2131954285-612x612.jpg,7b8a13390ea11eeb1ea22cea968b38ae39688f557a883df06758190bdc510284
no_melanoma,ISIC_NON_0119.jpg,c:\Users\elpro\Documents\Github\melanoma\imagenes\dataset_balanceado_1200_estructura_original\No melanoma\ISIC_NON_0119.jpg,source,original,c:\Users\elpro\Documents\Github\melanoma\imagenes\IMAGENES DEMARTOLOGICAS\No melanoma\ISIC_0000415.jpg,f67b84b76c5ffc56caaf4b0e992761c40a1bb3e1e4a7cfbae3eebfe1e47d1b63
no_melanoma,ISIC_NON_0120.jpg,c:\Users\elpro\Documents\Github\melanoma\imagenes\dataset_balanceado_1200_estructura_original\No melanoma\ISIC_NON_0120.jpg,source,original,c:\Users\elpro\Documents\Github\melanoma\imagenes\IMAGENES DEMARTOLOGICAS\No melanoma\acne-type-iii-2.jpg,361e188a355ee8538a2e094fc96bc6df09259cb21341dbb947bf9ac474e94131
no_melanoma,ISIC_NON_0121.jpg,c:\Users\elpro\Documents\Github\melanoma\imagenes\dataset_balanceado_1200_estructura_original\No melanoma\ISIC_NON_0121.jpg,source,original,c:\Users\elpro\Documents\Github\melanoma\imagenes\IMAGENES DEMARTOLOGICAS\No melanoma\2a.jpeg,5fb755ca2d776b7886189ceebb239be64a04cca8cbf4708ae959e6686ef0cd04
no_melanoma,ISIC_NON_0122.jpg,c:\Users\elpro\Documents\Github\melanoma\imagenes\dataset_balanceado_1200_estructura_original\No melanoma\ISIC_NON_0122.jpg,source,original,c:\Users\elpro\Documents\Github\melanoma\imagenes\IMAGENES DEMARTOLOGICAS\No melanoma\ISIC_0000520.jpg,a50286dfb98f1939967c27b905177a4f13a1fc4789c1567141cc18c3de6ef7ed
no_melanoma,ISIC_NON_0123.jpg,c:\Users\elpro\Documents\Github\melanoma\imagenes\dataset_balanceado_1200_estructura_original\No melanoma\ISIC_NON_0123.jpg,source,original,c:\Users\elpro\Documents\Github\melanoma\imagenes\IMAGENES DEMARTOLOGICAS\No melanoma\3b (1).jpg,5ae95a631efbc5eb639c59381523ee0e9e6b8c4765a9a1080bf5f2ccb1428480
no_melanoma,ISIC_NON_0124.jpg,c:\Users\elpro\Documents\Github\melanoma\imagenes\dataset_balanceado_1200_estructura_original\No melanoma\ISIC_NON_0124.jpg,source,original,c:\Users\elpro\Documents\Github\melanoma\imagenes\IMAGENES DEMARTOLOGICAS\No melanoma\atopic-dermatitis-type-vi-2.jpg,550a3cc091a1da0e7b32a0063794774b7620d7a07bb2b26a35156b07444df722
no_melanoma,ISIC_NON_0125.jpg,c:\Users\elpro\Documents\Github\melanoma\imagenes\dataset_balanceado_1200_estructura_original\No melanoma\ISIC_NON_0125.jpg,source,original,c:\Users\elpro\Documents\Github\melanoma\imagenes\IMAGENES DEMARTOLOGICAS\No melanoma\5c.jpg,397ac44fbcec309d21d51c3c2d44ae1534c1ea10cc256a6310b59010a0aa5d06
no_melanoma,ISIC_NON_0126.jpg,c:\Users\elpro\Documents\Github\melanoma\imagenes\dataset_balanceado_1200_estructura_original\No melanoma\ISIC_NON_0126.jpg,source,original,c:\Users\elpro\Documents\Github\melanoma\imagenes\IMAGENES DEMARTOLOGICAS\No melanoma\ISIC_0000174.jpg,52392ed616368a65e96d69d3631869936c70645dbb8d0738a74abe21f93f97c7
no_melanoma,ISIC_NON_0127.jpg,c:\Users\elpro\Documents\Github\melanoma\imagenes\dataset_balanceado_1200_estructura_original\No melanoma\ISIC_NON_0127.jpg,source,original,c:\Users\elpro\Documents\Github\melanoma\imagenes\IMAGENES DEMARTOLOGICAS\No melanoma\acanthosis-nigricans-type-v.jpg,b7f52a0c0d553e8afbb361cd615d3502699c06dc6f4339677d887e826182f7d5
no_melanoma,ISIC_NON_0128.jpg,c:\Users\elpro\Documents\Github\melanoma\imagenes\dataset_balanceado_1200_estructura_original\No melanoma\ISIC_NON_0128.jpg,source,original,c:\Users\elpro\Documents\Github\melanoma\imagenes\IMAGENES DEMARTOLOGICAS\No melanoma\ISIC_0000141.jpg,bdc401dbbf43c937f562c9cec432cb9e6828fafc4e8040a21d498eafb8393d01
no_melanoma,ISIC_NON_0129.jpg,c:\Users\elpro\Documents\Github\melanoma\imagenes\dataset_balanceado_1200_estructura_original\No melanoma\ISIC_NON_0129.jpg,source,original,c:\Users\elpro\Documents\Github\melanoma\imagenes\IMAGENES DEMARTOLOGICAS\No melanoma\ISIC_0000295.jpg,ce7a1feb0d180f3ecd6092f35f7fd6ac8dc0da5c633ac2ed0d9a7670604c5286
no_melanoma,ISIC_NON_0130.jpg,c:\Users\elpro\Documents\Github\melanoma\imagenes\dataset_balanceado_1200_estructura_original\No melanoma\ISIC_NON_0130.jpg,source,original,c:\Users\elpro\Documents\Github\melanoma\imagenes\IMAGENES DEMARTOLOGICAS\No melanoma\ISIC_0000550.jpg,1207f1d286da9fedcd8e2a752bd1c4a1ab5d41df479e17062982589ade3bb694
no_melanoma,ISIC_NON_0131.jpg,c:\Users\elpro\Documents\Github\melanoma\imagenes\dataset_balanceado_1200_estructura_original\No melanoma\ISIC_NON_0131.jpg,source,original,c:\Users\elpro\Documents\Github\melanoma\imagenes\IMAGENES DEMARTOLOGICAS\No melanoma\sebks16.jpg,60f2e30a98008bc72f37d458ce96b4719e3dff603ea6cfa1a89de73f7aa50e40
no_melanoma,ISIC_NON_0132.jpg,c:\Users\elpro\Documents\Github\melanoma\imagenes\dataset_balanceado_1200_estructura_original\No melanoma\ISIC_NON_0132.jpg,source,original,c:\Users\elpro\Documents\Github\melanoma\imagenes\IMAGENES DEMARTOLOGICAS\No melanoma\ISIC_0000450.jpg,926110da71d6626176d42fde5e2bb4eab3b84db51cc3d85ab54645811f93130a
no_melanoma,ISIC_NON_0133.jpg,c:\Users\elpro\Documents\Github\melanoma\imagenes\dataset_balanceado_1200_estructura_original\No melanoma\ISIC_NON_0133.jpg,source,original,c:\Users\elpro\Documents\Github\melanoma\imagenes\IMAGENES DEMARTOLOGICAS\No melanoma\ISIC_0000462.jpg,2f16765b2210dd04081d16ed52345730c7315a20e3557cec863851a1fc48f502
no_melanoma,ISIC_NON_0134.jpg,c:\Users\elpro\Documents\Github\melanoma\imagenes\dataset_balanceado_1200_estructura_original\No melanoma\ISIC_NON_0134.jpg,source,original,c:\Users\elpro\Documents\Github\melanoma\imagenes\IMAGENES DEMARTOLOGICAS\No melanoma\ISIC_0000076.jpg,66a7ccb84ef7143b02de6454030bb8dcc48eaed0112a6fce2ec0f62061a3ca70
no_melanoma,ISIC_NON_0135.jpg,c:\Users\elpro\Documents\Github\melanoma\imagenes\dataset_balanceado_1200_estructura_original\No melanoma\ISIC_NON_0135.jpg,source,original,c:\Users\elpro\Documents\Github\melanoma\imagenes\IMAGENES DEMARTOLOGICAS\No melanoma\sebks08.jpg,7ae091b99806825bbdd5c0aff40ffbfb586cc419982686537cf5c8a1b5907249
no_melanoma,ISIC_NON_0136.jpg,c:\Users\elpro\Documents\Github\melanoma\imagenes\dataset_balanceado_1200_estructura_original\No melanoma\ISIC_NON_0136.jpg,source,original,c:\Users\elpro\Documents\Github\melanoma\imagenes\IMAGENES DEMARTOLOGICAS\No melanoma\sebks07.jpg,12bef30300a14cdd5b042b088fcca4d3c06942aa590c5aff8214be69e458ea77
no_melanoma,ISIC_NON_0137.jpg,c:\Users\elpro\Documents\Github\melanoma\imagenes\dataset_balanceado_1200_estructura_original\No melanoma\ISIC_NON_0137.jpg,source,original,c:\Users\elpro\Documents\Github\melanoma\imagenes\IMAGENES DEMARTOLOGICAS\No melanoma\ISIC_0000176.jpg,39f88f1528407fb1bf634f15314bef32fec7fcf4947b300bb070b732a29f5ffd
no_melanoma,ISIC_NON_0138.jpg,c:\Users\elpro\Documents\Github\melanoma\imagenes\dataset_balanceado_1200_estructura_original\No melanoma\ISIC_NON_0138.jpg,source,original,c:\Users\elpro\Documents\Github\melanoma\imagenes\IMAGENES DEMARTOLOGICAS\No melanoma\sebks44.jpg,0f12e5664986edcbd4dbdef2685ef1eca9251e1a8a7a229838c2093d441956a9
no_melanoma,ISIC_NON_0139.jpg,c:\Users\elpro\Documents\Github\melanoma\imagenes\dataset_balanceado_1200_estructura_original\No melanoma\ISIC_NON_0139.jpg,source,original,c:\Users\elpro\Documents\Github\melanoma\imagenes\IMAGENES DEMARTOLOGICAS\No melanoma\ISIC_0001108.jpg,eb685aa7e67b9e76d396a44d531a87c259038075edbd0089c72be1091b9ba3cf
no_melanoma,ISIC_NON_0140.jpg,c:\Users\elpro\Documents\Github\melanoma\imagenes\dataset_balanceado_1200_estructura_original\No melanoma\ISIC_NON_0140.jpg,source,original,c:\Users\elpro\Documents\Github\melanoma\imagenes\IMAGENES DEMARTOLOGICAS\No melanoma\ISIC_0000401.jpg,0ccc3295db8bc56ff7d76b470b898f8ec14b9ee296e1daba0d0f0c889bad9337
no_melanoma,ISIC_NON_0141.jpg,c:\Users\elpro\Documents\Github\melanoma\imagenes\dataset_balanceado_1200_estructura_original\No melanoma\ISIC_NON_0141.jpg,source,original,c:\Users\elpro\Documents\Github\melanoma\imagenes\IMAGENES DEMARTOLOGICAS\No melanoma\hemangioma-type4-2.jpg,b6b5c1b70df8666bdcf85741bfe3c2e1689cf56f75d251c867180c5809e825a6
no_melanoma,ISIC_NON_0142.jpg,c:\Users\elpro\Documents\Github\melanoma\imagenes\dataset_balanceado_1200_estructura_original\No melanoma\ISIC_NON_0142.jpg,source,original,c:\Users\elpro\Documents\Github\melanoma\imagenes\IMAGENES DEMARTOLOGICAS\No melanoma\ISIC_0000165.jpg,d90e3da4e08b8f22a8f528b705782fa7730a2cc45e79e6446f14ba7e7f794d7b
no_melanoma,ISIC_NON_0143.jpg,c:\Users\elpro\Documents\Github\melanoma\imagenes\dataset_balanceado_1200_estructura_original\No melanoma\ISIC_NON_0143.jpg,source,original,c:\Users\elpro\Documents\Github\melanoma\imagenes\IMAGENES DEMARTOLOGICAS\No melanoma\ISIC_0001148.jpg,41974c435888c1b582d525783553388012071151c33892281441922e27bd4b9f
no_melanoma,ISIC_NON_0144.jpg,c:\Users\elpro\Documents\Github\melanoma\imagenes\dataset_balanceado_1200_estructura_original\No melanoma\ISIC_NON_0144.jpg,source,original,c:\Users\elpro\Documents\Github\melanoma\imagenes\IMAGENES DEMARTOLOGICAS\No melanoma\ISIC_0000549.jpg,fbfbd5121c714955c760f0224056369f516d02fb403c71112e0189ee86341977
no_melanoma,ISIC_NON_0145.jpg,c:\Users\elpro\Documents\Github\melanoma\imagenes\dataset_balanceado_1200_estructura_original\No melanoma\ISIC_NON_0145.jpg,source,original,c:\Users\elpro\Documents\Github\melanoma\imagenes\IMAGENES DEMARTOLOGICAS\No melanoma\istockphoto-1203970577-612x612.jpg,3f8a0c267c1d998c0bb4fec16c4c1c630abf907d7b5d901fae1b513798cf6e5f
no_melanoma,ISIC_NON_0146.jpg,c:\Users\elpro\Documents\Github\melanoma\imagenes\dataset_balanceado_1200_estructura_original\No melanoma\ISIC_NON_0146.jpg,source,original,c:\Users\elpro\Documents\Github\melanoma\imagenes\IMAGENES DEMARTOLOGICAS\No melanoma\ISIC_0001105.jpg,3e48df3ad875bd671e2cb1f01935ca1ecff374dfa564dd85759d1255b76c11ec
no_melanoma,ISIC_NON_0147.jpg,c:\Users\elpro\Documents\Github\melanoma\imagenes\dataset_balanceado_1200_estructura_original\No melanoma\ISIC_NON_0147.jpg,source,original,c:\Users\elpro\Documents\Github\melanoma\imagenes\IMAGENES DEMARTOLOGICAS\No melanoma\sebks22.jpg,ba1c4da8dd06d16ea77e0f50406dc5d57638ec36a3fd9d4fae3f73637c4aca6d
no_melanoma,ISIC_NON_0148.jpg,c:\Users\elpro\Documents\Github\melanoma\imagenes\dataset_balanceado_1200_estructura_original\No melanoma\ISIC_NON_0148.jpg,source,original,c:\Users\elpro\Documents\Github\melanoma\imagenes\IMAGENES DEMARTOLOGICAS\No melanoma\ISIC_0000445.jpg,586a3cd17a70e9b1ca01e7474f5cfc0522231aeee4480ef317c8587679fa72e7
no_melanoma,ISIC_NON_0149.jpg,c:\Users\elpro\Documents\Github\melanoma\imagenes\dataset_balanceado_1200_estructura_original\No melanoma\ISIC_NON_0149.jpg,source,original,c:\Users\elpro\Documents\Github\melanoma\imagenes\IMAGENES DEMARTOLOGICAS\No melanoma\sebks48.jpg,596755207c956928e0f6f42517145685ba6800e664dea453d70878459001fc90
no_melanoma,ISIC_NON_0150.jpg,c:\Users\elpro\Documents\Github\melanoma\imagenes\dataset_balanceado_1200_estructura_original\No melanoma\ISIC_NON_0150.jpg,source,original,c:\Users\elpro\Documents\Github\melanoma\imagenes\IMAGENES DEMARTOLOGICAS\No melanoma\istockphoto-685018796-612x612.jpg,6ce2e8546e47b2c1968c1e75916c4a82e30ce4a94d5334ca773741cf37f2afc9
no_melanoma,ISIC_NON_0151.jpg,c:\Users\elpro\Documents\Github\melanoma\imagenes\dataset_balanceado_1200_estructura_original\No melanoma\ISIC_NON_0151.jpg,source,original,c:\Users\elpro\Documents\Github\melanoma\imagenes\IMAGENES DEMARTOLOGICAS\No melanoma\ISIC_0001120.jpg,ab110cd2e5e04703b453d1a01d4c1f66a922d660e73cb0da4d2ab1ee7c88726a
no_melanoma,ISIC_NON_0152.jpg,c:\Users\elpro\Documents\Github\melanoma\imagenes\dataset_balanceado_1200_estructura_original\No melanoma\ISIC_NON_0152.jpg,source,original,c:\Users\elpro\Documents\Github\melanoma\imagenes\IMAGENES DEMARTOLOGICAS\No melanoma\ISIC_0000518.jpg,2ef10110dcf246695c1744553b37bdbd6029f0322a3c315d5537d7bf337953f8
no_melanoma,ISIC_NON_0153.jpg,c:\Users\elpro\Documents\Github\melanoma\imagenes\dataset_balanceado_1200_estructura_original\No melanoma\ISIC_NON_0153.jpg,source,original,c:\Users\elpro\Documents\Github\melanoma\imagenes\IMAGENES DEMARTOLOGICAS\No melanoma\3a.png,7864ed5abc83dbc448ef7b56389076c575bc739f7bfab29fbe4db0fcfe8f9a99
no_melanoma,ISIC_NON_0154.jpg,c:\Users\elpro\Documents\Github\melanoma\imagenes\dataset_balanceado_1200_estructura_original\No melanoma\ISIC_NON_0154.jpg,source,original,c:\Users\elpro\Documents\Github\melanoma\imagenes\IMAGENES DEMARTOLOGICAS\No melanoma\atopic-dermatitis-type-iii.jpg,a4fc090c98b9560c03a9b45419bfde5c5c0d95225f2fb9a066dcc58ba6a2c294
no_melanoma,ISIC_NON_0155.jpg,c:\Users\elpro\Documents\Github\melanoma\imagenes\dataset_balanceado_1200_estructura_original\No melanoma\ISIC_NON_0155.jpg,source,original,c:\Users\elpro\Documents\Github\melanoma\imagenes\IMAGENES DEMARTOLOGICAS\No melanoma\ISIC_0000166.jpg,c175411fb02cee517c7d6d34c2e664761676edf29e4f9c4c48ecdf56c45f111a
no_melanoma,ISIC_NON_0156.jpg,c:\Users\elpro\Documents\Github\melanoma\imagenes\dataset_balanceado_1200_estructura_original\No melanoma\ISIC_NON_0156.jpg,source,original,c:\Users\elpro\Documents\Github\melanoma\imagenes\IMAGENES DEMARTOLOGICAS\No melanoma\sebks03.jpg,c9eb64cad409d0da6569a193647d3b514dca3bfe399fe903742948fe94c602a6
no_melanoma,ISIC_NON_0157.jpg,c:\Users\elpro\Documents\Github\melanoma\imagenes\dataset_balanceado_1200_estructura_original\No melanoma\ISIC_NON_0157.jpg,source,original,c:\Users\elpro\Documents\Github\melanoma\imagenes\IMAGENES DEMARTOLOGICAS\No melanoma\ISIC_0000502.jpg,bf470cb348781338b2fa6f99e51c4d3c501e7b6559eb233f2b45160bc6b08b7e
no_melanoma,ISIC_NON_0158.jpg,c:\Users\elpro\Documents\Github\melanoma\imagenes\dataset_balanceado_1200_estructura_original\No melanoma\ISIC_NON_0158.jpg,source,original,c:\Users\elpro\Documents\Github\melanoma\imagenes\IMAGENES DEMARTOLOGICAS\No melanoma\ISIC_0000463.jpg,a7d4e6024d905a6f28d7b26f4c19c425e2cae92a8b3d498bd95f15126a75090d
no_melanoma,ISIC_NON_0159.jpg,c:\Users\elpro\Documents\Github\melanoma\imagenes\dataset_balanceado_1200_estructura_original\No melanoma\ISIC_NON_0159.jpg,source,original,c:\Users\elpro\Documents\Github\melanoma\imagenes\IMAGENES DEMARTOLOGICAS\No melanoma\ISIC_0000307.jpg,77f6225e7c35922cc7c1c3ef685b4b7b690c8b5a1121ecd43237a4d3a5e1726d
no_melanoma,ISIC_NON_0160.jpg,c:\Users\elpro\Documents\Github\melanoma\imagenes\dataset_balanceado_1200_estructura_original\No melanoma\ISIC_NON_0160.jpg,source,original,c:\Users\elpro\Documents\Github\melanoma\imagenes\IMAGENES DEMARTOLOGICAS\No melanoma\calcinosis-cutis-type-1.png,fba044a8f20f591afa4e31ea2addb999e913e0839409ca1c3f3b2cf24362d697
no_melanoma,ISIC_NON_0161.jpg,c:\Users\elpro\Documents\Github\melanoma\imagenes\dataset_balanceado_1200_estructura_original\No melanoma\ISIC_NON_0161.jpg,source,original,c:\Users\elpro\Documents\Github\melanoma\imagenes\IMAGENES DEMARTOLOGICAS\No melanoma\istockphoto-1159780580-612x612.jpg,b28dcc353c09864e78a0e5860fece85818d0016c7648a6f40d9bec4a2a0b8fa3
no_melanoma,ISIC_NON_0162.jpg,c:\Users\elpro\Documents\Github\melanoma\imagenes\dataset_balanceado_1200_estructura_original\No melanoma\ISIC_NON_0162.jpg,source,original,c:\Users\elpro\Documents\Github\melanoma\imagenes\IMAGENES DEMARTOLOGICAS\No melanoma\hemangioma-type-iii.jpg,555f965b0bda0a63374fb998e36da60bb4475d732fbf1b80074a7827f163fefe
no_melanoma,ISIC_NON_0163.jpg,c:\Users\elpro\Documents\Github\melanoma\imagenes\dataset_balanceado_1200_estructura_original\No melanoma\ISIC_NON_0163.jpg,source,original,c:\Users\elpro\Documents\Github\melanoma\imagenes\IMAGENES DEMARTOLOGICAS\No melanoma\ISIC_0001118.jpg,5097e447002f7da7f41407c1d6d794a03e54a736bb05da50d0419d450a1d66c4
no_melanoma,ISIC_NON_0164.jpg,c:\Users\elpro\Documents\Github\melanoma\imagenes\dataset_balanceado_1200_estructura_original\No melanoma\ISIC_NON_0164.jpg,source,original,c:\Users\elpro\Documents\Github\melanoma\imagenes\IMAGENES DEMARTOLOGICAS\No melanoma\istockphoto-853518906-612x612.jpg,bb40d70f9d4b2f91d76cf56e4bbf8a986907cd971e7a96cb085d9a478b3d425c
no_melanoma,ISIC_NON_0165.jpg,c:\Users\elpro\Documents\Github\melanoma\imagenes\dataset_balanceado_1200_estructura_original\No melanoma\ISIC_NON_0165.jpg,source,original,c:\Users\elpro\Documents\Github\melanoma\imagenes\IMAGENES DEMARTOLOGICAS\No melanoma\sebks18.jpg,dd7d77e216e73f236abfd58a5b17dac80330904bcf87f8deb8a77557a61e5ec1
no_melanoma,ISIC_NON_0166.jpg,c:\Users\elpro\Documents\Github\melanoma\imagenes\dataset_balanceado_1200_estructura_original\No melanoma\ISIC_NON_0166.jpg,source,original,c:\Users\elpro\Documents\Github\melanoma\imagenes\IMAGENES DEMARTOLOGICAS\No melanoma\sebks29.jpg,240e14da6681101ddcc861fffb28c8ac3c45480476981db7b7fe2ce7b0def218
no_melanoma,ISIC_NON_0167.jpg,c:\Users\elpro\Documents\Github\melanoma\imagenes\dataset_balanceado_1200_estructura_original\No melanoma\ISIC_NON_0167.jpg,source,original,c:\Users\elpro\Documents\Github\melanoma\imagenes\IMAGENES DEMARTOLOGICAS\No melanoma\istockphoto-685018848-612x612.jpg,c019d4f3ef320ba300592c65050f2b76c6d7680e3e4bafac8f93878d971254ed
no_melanoma,ISIC_NON_0168.jpg,c:\Users\elpro\Documents\Github\melanoma\imagenes\dataset_balanceado_1200_estructura_original\No melanoma\ISIC_NON_0168.jpg,source,original,c:\Users\elpro\Documents\Github\melanoma\imagenes\IMAGENES DEMARTOLOGICAS\No melanoma\ISIC_0000314.jpg,6aaae924733dcd8607d5f9723d764fada1b787107cc1e74a7d1f54d31ce31e38
no_melanoma,ISIC_NON_0169.jpg,c:\Users\elpro\Documents\Github\melanoma\imagenes\dataset_balanceado_1200_estructura_original\No melanoma\ISIC_NON_0169.jpg,source,original,c:\Users\elpro\Documents\Github\melanoma\imagenes\IMAGENES DEMARTOLOGICAS\No melanoma\ISIC_0000548.jpg,8470980fabb37fe881360392c9a40add96ef067e25ac1714c708f1b0fbc8b908
no_melanoma,ISIC_NON_0170.jpg,c:\Users\elpro\Documents\Github\melanoma\imagenes\dataset_balanceado_1200_estructura_original\No melanoma\ISIC_NON_0170.jpg,source,original,c:\Users\elpro\Documents\Github\melanoma\imagenes\IMAGENES DEMARTOLOGICAS\No melanoma\ISIC_0000312.jpg,c13c81c0ed018fe5e0d96570a07ac5b30fa9192adbf54c1d5b4eb5a0bdd153d6
no_melanoma,ISIC_NON_0171.jpg,c:\Users\elpro\Documents\Github\melanoma\imagenes\dataset_balanceado_1200_estructura_original\No melanoma\ISIC_NON_0171.jpg,source,original,c:\Users\elpro\Documents\Github\melanoma\imagenes\IMAGENES DEMARTOLOGICAS\No melanoma\6a.jpg,63dac5c3edbe530d633134c777544b383c2dea72a4c62f4fd70f65ab17cb9a2d
no_melanoma,ISIC_NON_0172.jpg,c:\Users\elpro\Documents\Github\melanoma\imagenes\dataset_balanceado_1200_estructura_original\No melanoma\ISIC_NON_0172.jpg,source,original,c:\Users\elpro\Documents\Github\melanoma\imagenes\IMAGENES DEMARTOLOGICAS\No melanoma\sebks28.jpg,a9cd74ac94e5d9be311f04dc20bdc49f7e74d8c24ea64b609240f4b3bbc4dd65
no_melanoma,ISIC_NON_0173.jpg,c:\Users\elpro\Documents\Github\melanoma\imagenes\dataset_balanceado_1200_estructura_original\No melanoma\ISIC_NON_0173.jpg,source,original,c:\Users\elpro\Documents\Github\melanoma\imagenes\IMAGENES DEMARTOLOGICAS\No melanoma\ISIC_0000522.jpg,e32cfcff9046a414b88cffd84202b23ce0dc0022b289230bfdfd587bbfafe2a2
no_melanoma,ISIC_NON_0174.jpg,c:\Users\elpro\Documents\Github\melanoma\imagenes\dataset_balanceado_1200_estructura_original\No melanoma\ISIC_NON_0174.jpg,source,original,c:\Users\elpro\Documents\Github\melanoma\imagenes\IMAGENES DEMARTOLOGICAS\No melanoma\istockphoto-963732384-612x612.jpg,41185ce87d761ca05afb04914418bd4c5e016a0b8c5eb5615586f3463ca99565
no_melanoma,ISIC_NON_0175.jpg,c:\Users\elpro\Documents\Github\melanoma\imagenes\dataset_balanceado_1200_estructura_original\No melanoma\ISIC_NON_0175.jpg,source,original,c:\Users\elpro\Documents\Github\melanoma\imagenes\IMAGENES DEMARTOLOGICAS\No melanoma\ISIC_0000164.jpg,884fb69f338228323d996121c21f3b9f6a188c0fbeda86207c78e6c188ba4dd9
no_melanoma,ISIC_NON_0176.jpg,c:\Users\elpro\Documents\Github\melanoma\imagenes\dataset_balanceado_1200_estructura_original\No melanoma\ISIC_NON_0176.jpg,source,original,c:\Users\elpro\Documents\Github\melanoma\imagenes\IMAGENES DEMARTOLOGICAS\No melanoma\ISIC_0001140.jpg,6e91fda9fa49f5691b00352d81e15764941e80ae19df50d5334535a735d2f243
no_melanoma,ISIC_NON_0177.jpg,c:\Users\elpro\Documents\Github\melanoma\imagenes\dataset_balanceado_1200_estructura_original\No melanoma\ISIC_NON_0177.jpg,source,original,c:\Users\elpro\Documents\Github\melanoma\imagenes\IMAGENES DEMARTOLOGICAS\No melanoma\ISIC_0000410.jpg,df0faa5da65339ce1857ccc492eb2cef8b598575fc82e6703c6eafccf1d368b3
no_melanoma,ISIC_NON_0178.jpg,c:\Users\elpro\Documents\Github\melanoma\imagenes\dataset_balanceado_1200_estructura_original\No melanoma\ISIC_NON_0178.jpg,source,original,c:\Users\elpro\Documents\Github\melanoma\imagenes\IMAGENES DEMARTOLOGICAS\No melanoma\istockphoto-639493968-612x612.jpg,e1c8ccabbe383e6fc80e6935d8d4d5d5f1a21cf04305839f17b68469ef43c03c
no_melanoma,ISIC_NON_0179.jpg,c:\Users\elpro\Documents\Github\melanoma\imagenes\dataset_balanceado_1200_estructura_original\No melanoma\ISIC_NON_0179.jpg,source,original,c:\Users\elpro\Documents\Github\melanoma\imagenes\IMAGENES DEMARTOLOGICAS\No melanoma\sebks04.jpg,f8de0d6a20f5d6a4a2ca325a563fa6d177720fa3284ab24c0f528172f1b284d9
no_melanoma,ISIC_NON_0180.jpg,c:\Users\elpro\Documents\Github\melanoma\imagenes\dataset_balanceado_1200_estructura_original\No melanoma\ISIC_NON_0180.jpg,source,original,c:\Users\elpro\Documents\Github\melanoma\imagenes\IMAGENES DEMARTOLOGICAS\No melanoma\ISIC_0000293.jpg,a05dcff00d1cd0f9f6a530100f86ca7b8058fb1007f4ba8bc8b18d7919a0347e
no_melanoma,ISIC_NON_0181.jpg,c:\Users\elpro\Documents\Github\melanoma\imagenes\dataset_balanceado_1200_estructura_original\No melanoma\ISIC_NON_0181.jpg,source,original,c:\Users\elpro\Documents\Github\melanoma\imagenes\IMAGENES DEMARTOLOGICAS\No melanoma\ISIC_0000300.jpg,fed21e449403ee4a64e5d6069f32445b52ab1e302f1dac8eb2c2daa7002c821b
no_melanoma,ISIC_NON_0182.jpg,c:\Users\elpro\Documents\Github\melanoma\imagenes\dataset_balanceado_1200_estructura_original\No melanoma\ISIC_NON_0182.jpg,source,original,c:\Users\elpro\Documents\Github\melanoma\imagenes\IMAGENES DEMARTOLOGICAS\No melanoma\ISIC_0000139.jpg,3ece623b7260f6238136be33cb0a249fe4099a194a27fda1a4103683d4304423
no_melanoma,ISIC_NON_0183.jpg,c:\Users\elpro\Documents\Github\melanoma\imagenes\dataset_balanceado_1200_estructura_original\No melanoma\ISIC_NON_0183.jpg,source,original,c:\Users\elpro\Documents\Github\melanoma\imagenes\IMAGENES DEMARTOLOGICAS\No melanoma\ISIC_0000511.jpg,b6b7e4524f49210a5ad3a91eafb3b83f839b7c0cfb1e3db9e3708a7f5bd48977
no_melanoma,ISIC_NON_0184.jpg,c:\Users\elpro\Documents\Github\melanoma\imagenes\dataset_balanceado_1200_estructura_original\No melanoma\ISIC_NON_0184.jpg,source,original,c:\Users\elpro\Documents\Github\melanoma\imagenes\IMAGENES DEMARTOLOGICAS\No melanoma\bcc-type-vi.jpg,c93f98dabd180e1396f6aa8e42303caf1669291afad3e4b3ca27a4cba0bd688b
no_melanoma,ISIC_NON_0185.jpg,c:\Users\elpro\Documents\Github\melanoma\imagenes\dataset_balanceado_1200_estructura_original\No melanoma\ISIC_NON_0185.jpg,source,original,c:\Users\elpro\Documents\Github\melanoma\imagenes\IMAGENES DEMARTOLOGICAS\No melanoma\impetigo-type-ii-2.jpg,4cd3577ebf2479ab1e6123a845481b3ae2c4bb031821219596dcd6c1aa4629d5
no_melanoma,ISIC_NON_0186.jpg,c:\Users\elpro\Documents\Github\melanoma\imagenes\dataset_balanceado_1200_estructura_original\No melanoma\ISIC_NON_0186.jpg,source,original,c:\Users\elpro\Documents\Github\melanoma\imagenes\IMAGENES DEMARTOLOGICAS\No melanoma\ISIC_0000161.jpg,c5aca20d53a88fe74e816933d9457c1a43c9722f9e657f7a30403551c4e9a08f
no_melanoma,ISIC_NON_0187.jpg,c:\Users\elpro\Documents\Github\melanoma\imagenes\dataset_balanceado_1200_estructura_original\No melanoma\ISIC_NON_0187.jpg,source,original,c:\Users\elpro\Documents\Github\melanoma\imagenes\IMAGENES DEMARTOLOGICAS\No melanoma\istockphoto-1203970596-612x612.jpg,b71d0fd70568496befb970fb38c076268ddacecd3510e0c649317165ec322096
no_melanoma,ISIC_NON_0188.jpg,c:\Users\elpro\Documents\Github\melanoma\imagenes\dataset_balanceado_1200_estructura_original\No melanoma\ISIC_NON_0188.jpg,source,original,c:\Users\elpro\Documents\Github\melanoma\imagenes\IMAGENES DEMARTOLOGICAS\No melanoma\ISIC_0000302.jpg,10dad677ee4a9395e93979fc7582f606a6ed31ce5f34e2ce383630ed6d1c942c
no_melanoma,ISIC_NON_0189.jpg,c:\Users\elpro\Documents\Github\melanoma\imagenes\dataset_balanceado_1200_estructura_original\No melanoma\ISIC_NON_0189.jpg,source,original,c:\Users\elpro\Documents\Github\melanoma\imagenes\IMAGENES DEMARTOLOGICAS\No melanoma\ISIC_0001106.jpg,556e1eca2cf6e4aa3db2bf55262e985ff32383c2fd8f5fd77c254e7fa9950b14
no_melanoma,ISIC_NON_0190.jpg,c:\Users\elpro\Documents\Github\melanoma\imagenes\dataset_balanceado_1200_estructura_original\No melanoma\ISIC_NON_0190.jpg,source,original,c:\Users\elpro\Documents\Github\melanoma\imagenes\IMAGENES DEMARTOLOGICAS\No melanoma\sebks20.jpg,3d7b250e5457d2b65dcf74a82d7a07b75872d9f405539e2d07d6ac29326575e2
no_melanoma,ISIC_NON_0191.jpg,c:\Users\elpro\Documents\Github\melanoma\imagenes\dataset_balanceado_1200_estructura_original\No melanoma\ISIC_NON_0191.jpg,source,original,c:\Users\elpro\Documents\Github\melanoma\imagenes\IMAGENES DEMARTOLOGICAS\No melanoma\istockphoto-1185724552-612x612.jpg,0deea350372db7dd44f6395aa588765f39cd870592b06b677f878ee71a0a3707
no_melanoma,ISIC_NON_0192.jpg,c:\Users\elpro\Documents\Github\melanoma\imagenes\dataset_balanceado_1200_estructura_original\No melanoma\ISIC_NON_0192.jpg,source,original,c:\Users\elpro\Documents\Github\melanoma\imagenes\IMAGENES DEMARTOLOGICAS\No melanoma\sebks26.jpg,6dce1fb2c74967fab049a0bce18e3075932517ea07222501783b31d932c7e094
no_melanoma,ISIC_NON_0193.jpg,c:\Users\elpro\Documents\Github\melanoma\imagenes\dataset_balanceado_1200_estructura_original\No melanoma\ISIC_NON_0193.jpg,source,original,c:\Users\elpro\Documents\Github\melanoma\imagenes\IMAGENES DEMARTOLOGICAS\No melanoma\ISIC_0000143.jpg,d8c239ff2dfd072d82aff7c91d41b7dccbef2433eea761fe97c1d12622884679
no_melanoma,ISIC_NON_0194.jpg,c:\Users\elpro\Documents\Github\melanoma\imagenes\dataset_balanceado_1200_estructura_original\No melanoma\ISIC_NON_0194.jpg,source,original,c:\Users\elpro\Documents\Github\melanoma\imagenes\IMAGENES DEMARTOLOGICAS\No melanoma\avm-type-iv.jpg,36250b3f4dc88f8de753f2bbdf3286a61bf1f5c502528f96694f548856635c8d
no_melanoma,ISIC_NON_0195.jpg,c:\Users\elpro\Documents\Github\melanoma\imagenes\dataset_balanceado_1200_estructura_original\No melanoma\ISIC_NON_0195.jpg,source,original,c:\Users\elpro\Documents\Github\melanoma\imagenes\IMAGENES DEMARTOLOGICAS\No melanoma\ISIC_0000149.jpg,75b97b1fd38de57e809be869d217e3a80ff9078fc3ec55b5caaabbde9c6a7f21
no_melanoma,ISIC_NON_0196.jpg,c:\Users\elpro\Documents\Github\melanoma\imagenes\dataset_balanceado_1200_estructura_original\No melanoma\ISIC_NON_0196.jpg,source,original,c:\Users\elpro\Documents\Github\melanoma\imagenes\IMAGENES DEMARTOLOGICAS\No melanoma\ISIC_0000150.jpg,49edb1bf2a5bc24d73cd8bcf78369548dd52b3782ae5619b78b50ac9149ca7c5
no_melanoma,ISIC_NON_0197.jpg,c:\Users\elpro\Documents\Github\melanoma\imagenes\dataset_balanceado_1200_estructura_original\No melanoma\ISIC_NON_0197.jpg,source,original,c:\Users\elpro\Documents\Github\melanoma\imagenes\IMAGENES DEMARTOLOGICAS\No melanoma\ISIC_0000280.jpg,508a1badc02d4cddca4ea427615aff0ddc56a5767292bbbb3a8ce1869d1459e6
no_melanoma,ISIC_NON_0198.jpg,c:\Users\elpro\Documents\Github\melanoma\imagenes\dataset_balanceado_1200_estructura_original\No melanoma\ISIC_NON_0198.jpg,source,original,c:\Users\elpro\Documents\Github\melanoma\imagenes\IMAGENES DEMARTOLOGICAS\No melanoma\sebks39.jpg,0f82e78c190b4d366da1008d69eb8da2ac4c669c8b9b01531ff489f9ffdd0703
no_melanoma,ISIC_NON_0199.jpg,c:\Users\elpro\Documents\Github\melanoma\imagenes\dataset_balanceado_1200_estructura_original\No melanoma\ISIC_NON_0199.jpg,source,original,c:\Users\elpro\Documents\Github\melanoma\imagenes\IMAGENES DEMARTOLOGICAS\No melanoma\sebks57.jpg,de151f027177dba551805c6ce0216d1243a9869340ff8f3efbfdcafdb77e6e66
no_melanoma,ISIC_NON_0200.jpg,c:\Users\elpro\Documents\Github\melanoma\imagenes\dataset_balanceado_1200_estructura_original\No melanoma\ISIC_NON_0200.jpg,source,original,c:\Users\elpro\Documents\Github\melanoma\imagenes\IMAGENES DEMARTOLOGICAS\No melanoma\ISIC_0000526.jpg,1bc6eb3541f0124e595bfb81302a1db13c9debee2eea6123c49c29b48097de2d
no_melanoma,ISIC_NON_0201.jpg,c:\Users\elpro\Documents\Github\melanoma\imagenes\dataset_balanceado_1200_estructura_original\No melanoma\ISIC_NON_0201.jpg,source,original,c:\Users\elpro\Documents\Github\melanoma\imagenes\IMAGENES DEMARTOLOGICAS\No melanoma\ISIC_0000305.jpg,f0985ae691633622a7b7cb3d1acf8a8dade10a3c6c0a12503d1c3b973150587a
no_melanoma,ISIC_NON_0202.jpg,c:\Users\elpro\Documents\Github\melanoma\imagenes\dataset_balanceado_1200_estructura_original\No melanoma\ISIC_NON_0202.jpg,source,original,c:\Users\elpro\Documents\Github\melanoma\imagenes\IMAGENES DEMARTOLOGICAS\No melanoma\ISIC_0000281.jpg,9d8690256dafeab35f88df4bb14f9f112b3b4cf146b92d83490e6c8ddac363a2
no_melanoma,ISIC_NON_0203.jpg,c:\Users\elpro\Documents\Github\melanoma\imagenes\dataset_balanceado_1200_estructura_original\No melanoma\ISIC_NON_0203.jpg,source,original,c:\Users\elpro\Documents\Github\melanoma\imagenes\IMAGENES DEMARTOLOGICAS\No melanoma\4a.jpeg,39568cb5d8615d0a3732d1e79e6dfa8218bdbb1f3b597236452c0ccfad92c119
no_melanoma,ISIC_NON_0204.jpg,c:\Users\elpro\Documents\Github\melanoma\imagenes\dataset_balanceado_1200_estructura_original\No melanoma\ISIC_NON_0204.jpg,source,original,c:\Users\elpro\Documents\Github\melanoma\imagenes\IMAGENES DEMARTOLOGICAS\No melanoma\acne-type-v.jpg,f65fd705022efea58bcedae33ecf96337542f82d376e0ee8d6df4f1d7f2fbce9
no_melanoma,ISIC_NON_0205.jpg,c:\Users\elpro\Documents\Github\melanoma\imagenes\dataset_balanceado_1200_estructura_original\No melanoma\ISIC_NON_0205.jpg,source,original,c:\Users\elpro\Documents\Github\melanoma\imagenes\IMAGENES DEMARTOLOGICAS\No melanoma\bcc-type-i-2.jpg,b01a6b3793809581d4f15f47c13aecddadfa52f8fcea528cf34123cb62ee55d9
no_melanoma,ISIC_NON_0206.jpg,c:\Users\elpro\Documents\Github\melanoma\imagenes\dataset_balanceado_1200_estructura_original\No melanoma\ISIC_NON_0206.jpg,source,original,c:\Users\elpro\Documents\Github\melanoma\imagenes\IMAGENES DEMARTOLOGICAS\No melanoma\impetigo-type-iii.jpg,766007244d5a5756b357704f225677698a2ad4206b560257f3db9fcebd0b3109
no_melanoma,ISIC_NON_0207.jpg,c:\Users\elpro\Documents\Github\melanoma\imagenes\dataset_balanceado_1200_estructura_original\No melanoma\ISIC_NON_0207.jpg,source,original,c:\Users\elpro\Documents\Github\melanoma\imagenes\IMAGENES DEMARTOLOGICAS\No melanoma\ISIC_0000469.jpg,9b054ab32ec207183e3812454e1e9d94cf1268d834072e679245b30e87b71f05
no_melanoma,ISIC_NON_0208.jpg,c:\Users\elpro\Documents\Github\melanoma\imagenes\dataset_balanceado_1200_estructura_original\No melanoma\ISIC_NON_0208.jpg,source,original,c:\Users\elpro\Documents\Github\melanoma\imagenes\IMAGENES DEMARTOLOGICAS\No melanoma\ISIC_0000170.jpg,fd3ff45eb1eacd9849c02e1b0e2fb57ccb43efbb9c19ea6fb06096fa8fadf964
no_melanoma,ISIC_NON_0209.jpg,c:\Users\elpro\Documents\Github\melanoma\imagenes\dataset_balanceado_1200_estructura_original\No melanoma\ISIC_NON_0209.jpg,source,original,c:\Users\elpro\Documents\Github\melanoma\imagenes\IMAGENES DEMARTOLOGICAS\No melanoma\ISIC_0000278.jpg,4b7f518505632d94e19964efec9332ee2f8786ec2f3168233d65c6cf088897ec
no_melanoma,ISIC_NON_0210.jpg,c:\Users\elpro\Documents\Github\melanoma\imagenes\dataset_balanceado_1200_estructura_original\No melanoma\ISIC_NON_0210.jpg,source,original,c:\Users\elpro\Documents\Github\melanoma\imagenes\IMAGENES DEMARTOLOGICAS\No melanoma\ISIC_0000311.jpg,f4a1b31c4b7db3306bc954b7a27465678c615f28b331278b1e10571d4a5490a8
no_melanoma,ISIC_NON_0211.jpg,c:\Users\elpro\Documents\Github\melanoma\imagenes\dataset_balanceado_1200_estructura_original\No melanoma\ISIC_NON_0211.jpg,source,original,c:\Users\elpro\Documents\Github\melanoma\imagenes\IMAGENES DEMARTOLOGICAS\No melanoma\atopic-dermatitis-type-iv-2.jpg,d4a302697c7ca2235dc7c6555b9f710fd413faba5af39863ecaddbf48a256a0a
no_melanoma,ISIC_NON_0212.jpg,c:\Users\elpro\Documents\Github\melanoma\imagenes\dataset_balanceado_1200_estructura_original\No melanoma\ISIC_NON_0212.jpg,source,original,c:\Users\elpro\Documents\Github\melanoma\imagenes\IMAGENES DEMARTOLOGICAS\No melanoma\infantile-hemangioma-5.png,67a74315ce8d74265f0b6182e6b475b1ede91879fc3a273f09c11431248a7b22
no_melanoma,ISIC_NON_0213.jpg,c:\Users\elpro\Documents\Github\melanoma\imagenes\dataset_balanceado_1200_estructura_original\No melanoma\ISIC_NON_0213.jpg,source,original,c:\Users\elpro\Documents\Github\melanoma\imagenes\IMAGENES DEMARTOLOGICAS\No melanoma\3b.jpg,8d6826fd9a06679780ebf993809002c13b49bfa62d631aca89978c14ef2999a1
no_melanoma,ISIC_NON_0214.jpg,c:\Users\elpro\Documents\Github\melanoma\imagenes\dataset_balanceado_1200_estructura_original\No melanoma\ISIC_NON_0214.jpg,source,original,c:\Users\elpro\Documents\Github\melanoma\imagenes\IMAGENES DEMARTOLOGICAS\No melanoma\ISIC_0000297.jpg,4f5d59dceaa6b88ac8d00b20bed90867a5bebdf4c41022ab52d153984a35da18
no_melanoma,ISIC_NON_0215.jpg,c:\Users\elpro\Documents\Github\melanoma\imagenes\dataset_balanceado_1200_estructura_original\No melanoma\ISIC_NON_0215.jpg,source,original,c:\Users\elpro\Documents\Github\melanoma\imagenes\IMAGENES DEMARTOLOGICAS\No melanoma\ISIC_0000070.jpg,53979a4f36cb9c2ff3ca613770f0d2894e387ea2ad87d09ff87255cf04304aad
no_melanoma,ISIC_NON_0216.jpg,c:\Users\elpro\Documents\Github\melanoma\imagenes\dataset_balanceado_1200_estructura_original\No melanoma\ISIC_NON_0216.jpg,source,original,c:\Users\elpro\Documents\Github\melanoma\imagenes\IMAGENES DEMARTOLOGICAS\No melanoma\ISIC_0000310.jpg,c79c81460c21a2d8a04dd9a5a531d638addc37345b5de672fe7f96c2fda1d590
no_melanoma,ISIC_NON_0217.jpg,c:\Users\elpro\Documents\Github\melanoma\imagenes\dataset_balanceado_1200_estructura_original\No melanoma\ISIC_NON_0217.jpg,source,original,c:\Users\elpro\Documents\Github\melanoma\imagenes\IMAGENES DEMARTOLOGICAS\No melanoma\ISIC_0000173.jpg,915078b982283cb059412585d47b998a123d391d61ccb1c05b734c0da5b6596c
no_melanoma,ISIC_NON_0218.jpg,c:\Users\elpro\Documents\Github\melanoma\imagenes\dataset_balanceado_1200_estructura_original\No melanoma\ISIC_NON_0218.jpg,source,original,c:\Users\elpro\Documents\Github\melanoma\imagenes\IMAGENES DEMARTOLOGICAS\No melanoma\sebks02.jpg,bc67a757c9a131ff3b05c8dcd13156a2e329ff7ee8c64e3e1182c28866ae07d7
no_melanoma,ISIC_NON_0219.jpg,c:\Users\elpro\Documents\Github\melanoma\imagenes\dataset_balanceado_1200_estructura_original\No melanoma\ISIC_NON_0219.jpg,source,original,c:\Users\elpro\Documents\Github\melanoma\imagenes\IMAGENES DEMARTOLOGICAS\No melanoma\impetigo-type-vi-2 (1).jpg,b06621b7d21c500aeb2a36edcd556d6809a2d167112b7a80cf825fba562949cc
no_melanoma,ISIC_NON_0220.jpg,c:\Users\elpro\Documents\Github\melanoma\imagenes\dataset_balanceado_1200_estructura_original\No melanoma\ISIC_NON_0220.jpg,source,original,c:\Users\elpro\Documents\Github\melanoma\imagenes\IMAGENES DEMARTOLOGICAS\No melanoma\ISIC_0000554.jpg,d79eb3b784d532767046abb60921c84058a4ae0b262e14f89dffda88ffcf21dc
no_melanoma,ISIC_NON_0221.jpg,c:\Users\elpro\Documents\Github\melanoma\imagenes\dataset_balanceado_1200_estructura_original\No melanoma\ISIC_NON_0221.jpg,source,original,c:\Users\elpro\Documents\Github\melanoma\imagenes\IMAGENES DEMARTOLOGICAS\No melanoma\atopic-dermatitis-type-v-2.jpg,a3de3c1773200b73a7dca87bf7769e0d9089bdf0bf8e820d35312d4fa421e3a6
no_melanoma,ISIC_NON_0222.jpg,c:\Users\elpro\Documents\Github\melanoma\imagenes\dataset_balanceado_1200_estructura_original\No melanoma\ISIC_NON_0222.jpg,source,original,c:\Users\elpro\Documents\Github\melanoma\imagenes\IMAGENES DEMARTOLOGICAS\No melanoma\istockphoto-987809326-612x612.jpg,d1c1644ee0998a124e67562b2565949ff209935e306b6488de316f2caf61032f
no_melanoma,ISIC_NON_0223.jpg,c:\Users\elpro\Documents\Github\melanoma\imagenes\dataset_balanceado_1200_estructura_original\No melanoma\ISIC_NON_0223.jpg,source,original,c:\Users\elpro\Documents\Github\melanoma\imagenes\IMAGENES DEMARTOLOGICAS\No melanoma\istockphoto-1159780565-612x612.jpg,c7c539ceffe8b97bc1a0ac133e7db51d5d2b4dddc41035927507b402a57805ee
no_melanoma,ISIC_NON_0224.jpg,c:\Users\elpro\Documents\Github\melanoma\imagenes\dataset_balanceado_1200_estructura_original\No melanoma\ISIC_NON_0224.jpg,source,original,c:\Users\elpro\Documents\Github\melanoma\imagenes\IMAGENES DEMARTOLOGICAS\No melanoma\sebks13.jpg,d9084b3dd22d52762d6d168c4160d8966deb38c8c60a6781747b9f2eaa12b673
no_melanoma,ISIC_NON_0225.jpg,c:\Users\elpro\Documents\Github\melanoma\imagenes\dataset_balanceado_1200_estructura_original\No melanoma\ISIC_NON_0225.jpg,source,original,c:\Users\elpro\Documents\Github\melanoma\imagenes\IMAGENES DEMARTOLOGICAS\No melanoma\avm-type-iv-2.jpg,1e322bb6945a20f65aca1b5f1914d9486ba9daee4be970b7f85db082a4189096
no_melanoma,ISIC_NON_0226.jpg,c:\Users\elpro\Documents\Github\melanoma\imagenes\dataset_balanceado_1200_estructura_original\No melanoma\ISIC_NON_0226.jpg,source,original,c:\Users\elpro\Documents\Github\melanoma\imagenes\IMAGENES DEMARTOLOGICAS\No melanoma\ISIC_0000393.jpg,2551cfd810323ca72315109cddc6c2ce8ad9f0947de2b51de4944de95c1532a9
no_melanoma,ISIC_NON_0227.jpg,c:\Users\elpro\Documents\Github\melanoma\imagenes\dataset_balanceado_1200_estructura_original\No melanoma\ISIC_NON_0227.jpg,source,original,c:\Users\elpro\Documents\Github\melanoma\imagenes\IMAGENES DEMARTOLOGICAS\No melanoma\ISIC_0000521.jpg,2f69fe2fce0f44b683a8de453357d5d0388195f3f9bdcb44fc2219b0caa76469
no_melanoma,ISIC_NON_0228.jpg,c:\Users\elpro\Documents\Github\melanoma\imagenes\dataset_balanceado_1200_estructura_original\No melanoma\ISIC_NON_0228.jpg,source,original,c:\Users\elpro\Documents\Github\melanoma\imagenes\IMAGENES DEMARTOLOGICAS\No melanoma\atopic-dermatitis-type-v.jpg,a8a970f0ed250c0f63391d87ec7f98946f175ff90006bb499191c9c387183b04
no_melanoma,ISIC_NON_0229.jpg,c:\Users\elpro\Documents\Github\melanoma\imagenes\dataset_balanceado_1200_estructura_original\No melanoma\ISIC_NON_0229.jpg,source,original,c:\Users\elpro\Documents\Github\melanoma\imagenes\IMAGENES DEMARTOLOGICAS\No melanoma\ISIC_0001134.jpg,f3041d69eab0f0e3916e44d000f534158caa17e78f735305567cca35a72e9cd2
no_melanoma,ISIC_NON_0230.jpg,c:\Users\elpro\Documents\Github\melanoma\imagenes\dataset_balanceado_1200_estructura_original\No melanoma\ISIC_NON_0230.jpg,source,original,c:\Users\elpro\Documents\Github\melanoma\imagenes\IMAGENES DEMARTOLOGICAS\No melanoma\ISIC_0000159.jpg,2d4a837d48b64115b14a4d2517f915c772509102e1e5d385e0d4c29402bccbf6
no_melanoma,ISIC_NON_0231.jpg,c:\Users\elpro\Documents\Github\melanoma\imagenes\dataset_balanceado_1200_estructura_original\No melanoma\ISIC_NON_0231.jpg,source,original,c:\Users\elpro\Documents\Github\melanoma\imagenes\IMAGENES DEMARTOLOGICAS\No melanoma\ISIC_0000406.jpg,1b8e8517fcec641384a21313b6035b02f703cc3e330dfcb8baa6d331a07eedbd
no_melanoma,ISIC_NON_0232.jpg,c:\Users\elpro\Documents\Github\melanoma\imagenes\dataset_balanceado_1200_estructura_original\No melanoma\ISIC_NON_0232.jpg,source,original,c:\Users\elpro\Documents\Github\melanoma\imagenes\IMAGENES DEMARTOLOGICAS\No melanoma\3b.jpeg,98c0029fdd7492b30fc6beebe684709a5db19eef2040f7c5d173257e2e279314
no_melanoma,ISIC_NON_0233.jpg,c:\Users\elpro\Documents\Github\melanoma\imagenes\dataset_balanceado_1200_estructura_original\No melanoma\ISIC_NON_0233.jpg,source,original,c:\Users\elpro\Documents\Github\melanoma\imagenes\IMAGENES DEMARTOLOGICAS\No melanoma\acne-type-i-2.jpg,7685521cfb24359e46d0f95fa36cb1f5128fd0367ffd30938963340190f1746b
no_melanoma,ISIC_NON_0234.jpg,c:\Users\elpro\Documents\Github\melanoma\imagenes\dataset_balanceado_1200_estructura_original\No melanoma\ISIC_NON_0234.jpg,source,original,c:\Users\elpro\Documents\Github\melanoma\imagenes\IMAGENES DEMARTOLOGICAS\No melanoma\istockphoto-637710998-612x612.jpg,99cc967b3ae71fcb16523a0cbc915a8dcd3a336833d514f045757a125e8c4563
no_melanoma,ISIC_NON_0235.jpg,c:\Users\elpro\Documents\Github\melanoma\imagenes\dataset_balanceado_1200_estructura_original\No melanoma\ISIC_NON_0235.jpg,source,original,c:\Users\elpro\Documents\Github\melanoma\imagenes\IMAGENES DEMARTOLOGICAS\No melanoma\ISIC_0000304.jpg,85ed93434aad1fb3b0cb5621fa3225a3f155e971e1e0cdae574a112b84593509
no_melanoma,ISIC_NON_0236.jpg,c:\Users\elpro\Documents\Github\melanoma\imagenes\dataset_balanceado_1200_estructura_original\No melanoma\ISIC_NON_0236.jpg,source,original,c:\Users\elpro\Documents\Github\melanoma\imagenes\IMAGENES DEMARTOLOGICAS\No melanoma\ISIC_0001142.jpg,aafd44a3ed7b6e0696918b2d486fa38b6b124b8ef2d5de2959e419e0286595a0
no_melanoma,ISIC_NON_0237.jpg,c:\Users\elpro\Documents\Github\melanoma\imagenes\dataset_balanceado_1200_estructura_original\No melanoma\ISIC_NON_0237.jpg,source,original,c:\Users\elpro\Documents\Github\melanoma\imagenes\IMAGENES DEMARTOLOGICAS\No melanoma\bullous-impetigo-type-iv-2.jpg,d2a453298eff16dd1eda1399df4fa4f9a9d2942a5906042c5d637f972ec9e83f
no_melanoma,ISIC_NON_0238.jpg,c:\Users\elpro\Documents\Github\melanoma\imagenes\dataset_balanceado_1200_estructura_original\No melanoma\ISIC_NON_0238.jpg,source,original,c:\Users\elpro\Documents\Github\melanoma\imagenes\IMAGENES DEMARTOLOGICAS\No melanoma\alopecia-areata-type-5-2.png,916d19f85696101ff86bbf792f1d7e587e5fcce1d39f79081db0def22e4ca347
no_melanoma,ISIC_NON_0239.jpg,c:\Users\elpro\Documents\Github\melanoma\imagenes\dataset_balanceado_1200_estructura_original\No melanoma\ISIC_NON_0239.jpg,source,original,c:\Users\elpro\Documents\Github\melanoma\imagenes\IMAGENES DEMARTOLOGICAS\No melanoma\6b.jpg,a91c6cda0ed1b799aa8b219e3932466f28fc94b5ac1086e304ebf7dc11bb50fe
no_melanoma,ISIC_NON_0240.jpg,c:\Users\elpro\Documents\Github\melanoma\imagenes\dataset_balanceado_1200_estructura_original\No melanoma\ISIC_NON_0240.jpg,source,original,c:\Users\elpro\Documents\Github\melanoma\imagenes\IMAGENES DEMARTOLOGICAS\No melanoma\ISIC_0000309.jpg,2541be580a3fc3d79ddba8b1c6faff62df12af98b7d633fa52f965ed5b15aa07
no_melanoma,ISIC_NON_0241.jpg,c:\Users\elpro\Documents\Github\melanoma\imagenes\dataset_balanceado_1200_estructura_original\No melanoma\ISIC_NON_0241.jpg,source,original,c:\Users\elpro\Documents\Github\melanoma\imagenes\IMAGENES DEMARTOLOGICAS\No melanoma\istockphoto-1349019596-612x612.jpg,b0404d87eb4f2c92d0a1737240810a221dd44f7314da0c7e647e90018534c298
no_melanoma,ISIC_NON_0242.jpg,c:\Users\elpro\Documents\Github\melanoma\imagenes\dataset_balanceado_1200_estructura_original\No melanoma\ISIC_NON_0242.jpg,source,original,c:\Users\elpro\Documents\Github\melanoma\imagenes\IMAGENES DEMARTOLOGICAS\No melanoma\ISIC_0000400.jpg,5a4a540251e66fd47ef3ab28ff7f82cd2a43a7c682b3d2a0ae83f142551dd832
no_melanoma,ISIC_NON_0243.jpg,c:\Users\elpro\Documents\Github\melanoma\imagenes\dataset_balanceado_1200_estructura_original\No melanoma\ISIC_NON_0243.jpg,source,original,c:\Users\elpro\Documents\Github\melanoma\imagenes\IMAGENES DEMARTOLOGICAS\No melanoma\bcc-type-iii.jpg,17a98742e74fc0ce7711c3f7ebed3912546664e9ef994755b70594619962cdb4
no_melanoma,ISIC_NON_0244.jpg,c:\Users\elpro\Documents\Github\melanoma\imagenes\dataset_balanceado_1200_estructura_original\No melanoma\ISIC_NON_0244.jpg,source,original,c:\Users\elpro\Documents\Github\melanoma\imagenes\IMAGENES DEMARTOLOGICAS\No melanoma\ISIC_0000444.jpg,75dbf89fb9fa354078d8668c1c054219d968e3f41868f98ada2a14d81371f65d
no_melanoma,ISIC_NON_0245.jpg,c:\Users\elpro\Documents\Github\melanoma\imagenes\dataset_balanceado_1200_estructura_original\No melanoma\ISIC_NON_0245.jpg,source,original,c:\Users\elpro\Documents\Github\melanoma\imagenes\IMAGENES DEMARTOLOGICAS\No melanoma\ISIC_0001131.jpg,d894fa5997bdaad8ca70d71fb49e0a1e1255d3661ee1c6c1c04d750027a24ce9
no_melanoma,ISIC_NON_0246.jpg,c:\Users\elpro\Documents\Github\melanoma\imagenes\dataset_balanceado_1200_estructura_original\No melanoma\ISIC_NON_0246.jpg,source,original,c:\Users\elpro\Documents\Github\melanoma\imagenes\IMAGENES DEMARTOLOGICAS\No melanoma\lentigo-simplex5.jpg,11a0cb72d7fbda65fc236f932cb49393d7802e1104d88f97377c1559b1d42262
no_melanoma,ISIC_NON_0247.jpg,c:\Users\elpro\Documents\Github\melanoma\imagenes\dataset_balanceado_1200_estructura_original\No melanoma\ISIC_NON_0247.jpg,source,original,c:\Users\elpro\Documents\Github\melanoma\imagenes\IMAGENES DEMARTOLOGICAS\No melanoma\acne-type-iii.jpg,f3dc283e138ec7e26bc9524554679ead8080f710a867dd5c70d1edccd06488d2
no_melanoma,ISIC_NON_0248.jpg,c:\Users\elpro\Documents\Github\melanoma\imagenes\dataset_balanceado_1200_estructura_original\No melanoma\ISIC_NON_0248.jpg,source,original,c:\Users\elpro\Documents\Github\melanoma\imagenes\IMAGENES DEMARTOLOGICAS\No melanoma\ISIC_0000516.jpg,91ef0e800003244a477c7a0c613c2844257b01980111ad06110e6ae14aaebbda
no_melanoma,ISIC_NON_0249.jpg,c:\Users\elpro\Documents\Github\melanoma\imagenes\dataset_balanceado_1200_estructura_original\No melanoma\ISIC_NON_0249.jpg,source,original,c:\Users\elpro\Documents\Github\melanoma\imagenes\IMAGENES DEMARTOLOGICAS\No melanoma\istockphoto-1203970551-612x612.jpg,3a3ea5ad4b22df48bcd555586cff9b904d0857e19d5eb67609f374fd642526d0
no_melanoma,ISIC_NON_0250.jpg,c:\Users\elpro\Documents\Github\melanoma\imagenes\dataset_balanceado_1200_estructura_original\No melanoma\ISIC_NON_0250.jpg,source,original,c:\Users\elpro\Documents\Github\melanoma\imagenes\IMAGENES DEMARTOLOGICAS\No melanoma\ISIC_0001141.jpg,e21ce5c62f5a6d5a8d545d7226931e4a8d7ca1eeff5d5f9ab84944c6a1857e9a
no_melanoma,ISIC_NON_0251.jpg,c:\Users\elpro\Documents\Github\melanoma\imagenes\dataset_balanceado_1200_estructura_original\No melanoma\ISIC_NON_0251.jpg,source,original,c:\Users\elpro\Documents\Github\melanoma\imagenes\IMAGENES DEMARTOLOGICAS\No melanoma\atopic-dermatitis-type-vi.jpg,3a6f043069fc7e7967ef38fcf715b84875d32a6895658460f8f736a8dd64946c
no_melanoma,ISIC_NON_0252.jpg,c:\Users\elpro\Documents\Github\melanoma\imagenes\dataset_balanceado_1200_estructura_original\No melanoma\ISIC_NON_0252.jpg,source,original,c:\Users\elpro\Documents\Github\melanoma\imagenes\IMAGENES DEMARTOLOGICAS\No melanoma\ISIC_0000156.jpg,895d97454f59fb7025f146f31ab02e672a9d2a863b8ed515b0f0276781829cfa
no_melanoma,ISIC_NON_0253.jpg,c:\Users\elpro\Documents\Github\melanoma\imagenes\dataset_balanceado_1200_estructura_original\No melanoma\ISIC_NON_0253.jpg,source,original,c:\Users\elpro\Documents\Github\melanoma\imagenes\IMAGENES DEMARTOLOGICAS\No melanoma\acanthosis-nigricans-type-iii.jpg,f1f97d7ec0becc4caa4fe3e19796fda813a7147deca3b84b9784ca16788644c5
no_melanoma,ISIC_NON_0254.jpg,c:\Users\elpro\Documents\Github\melanoma\imagenes\dataset_balanceado_1200_estructura_original\No melanoma\ISIC_NON_0254.jpg,source,original,c:\Users\elpro\Documents\Github\melanoma\imagenes\IMAGENES DEMARTOLOGICAS\No melanoma\impetigo-type-v-2.jpg,a446c97577738b503746a891dd120bc2958b1173af860504f22ab4fbe4a46dc4
no_melanoma,ISIC_NON_0255.jpg,c:\Users\elpro\Documents\Github\melanoma\imagenes\dataset_balanceado_1200_estructura_original\No melanoma\ISIC_NON_0255.jpg,source,original,c:\Users\elpro\Documents\Github\melanoma\imagenes\IMAGENES DEMARTOLOGICAS\No melanoma\hemangioma-type4-1.jpg,428765bc011eedaf8fb0228a643258f077a6a6aff6dad0a167326f85bb2af4dd
no_melanoma,ISIC_NON_0256.jpg,c:\Users\elpro\Documents\Github\melanoma\imagenes\dataset_balanceado_1200_estructura_original\No melanoma\ISIC_NON_0256.jpg,source,original,c:\Users\elpro\Documents\Github\melanoma\imagenes\IMAGENES DEMARTOLOGICAS\No melanoma\ISIC_0000291.jpg,1d2d5057f102cb5da46f2b719e89a91701e77096e4c796f6c60445744d4a7fcb
no_melanoma,ISIC_NON_0257.jpg,c:\Users\elpro\Documents\Github\melanoma\imagenes\dataset_balanceado_1200_estructura_original\No melanoma\ISIC_NON_0257.jpg,source,original,c:\Users\elpro\Documents\Github\melanoma\imagenes\IMAGENES DEMARTOLOGICAS\No melanoma\bcc-type-vi-2.jpg,fc739841727634a5adeb3b03d7774131185b0e7b0efa088f85ba3c0d1dd99a88
no_melanoma,ISIC_NON_0258.jpg,c:\Users\elpro\Documents\Github\melanoma\imagenes\dataset_balanceado_1200_estructura_original\No melanoma\ISIC_NON_0258.jpg,source,original,c:\Users\elpro\Documents\Github\melanoma\imagenes\IMAGENES DEMARTOLOGICAS\No melanoma\1a.jpg,bbfd67bf168f94ef9c959468eedd7af6a1e97d068aec478702305b55707cc489
no_melanoma,ISIC_NON_0259.jpg,c:\Users\elpro\Documents\Github\melanoma\imagenes\dataset_balanceado_1200_estructura_original\No melanoma\ISIC_NON_0259.jpg,source,original,c:\Users\elpro\Documents\Github\melanoma\imagenes\IMAGENES DEMARTOLOGICAS\No melanoma\ISIC_0000167.jpg,53216303b1569bb733b71a7343cdc9335906e9678f4f76a30541ad09caaa0ea2
no_melanoma,ISIC_NON_0260.jpg,c:\Users\elpro\Documents\Github\melanoma\imagenes\dataset_balanceado_1200_estructura_original\No melanoma\ISIC_NON_0260.jpg,source,original,c:\Users\elpro\Documents\Github\melanoma\imagenes\IMAGENES DEMARTOLOGICAS\No melanoma\sebks43.jpg,2797b9bc5a5ca91e260a85bc2ff0c42e6159a4fe0e5724484771fcc28aabbe97
no_melanoma,ISIC_NON_0261.jpg,c:\Users\elpro\Documents\Github\melanoma\imagenes\dataset_balanceado_1200_estructura_original\No melanoma\ISIC_NON_0261.jpg,source,original,c:\Users\elpro\Documents\Github\melanoma\imagenes\IMAGENES DEMARTOLOGICAS\No melanoma\ISIC_0000169.jpg,c9b041034261e7414a29f756c17eb40b4d6caf175c5d54e300d1fdefe325b857
no_melanoma,ISIC_NON_0262.jpg,c:\Users\elpro\Documents\Github\melanoma\imagenes\dataset_balanceado_1200_estructura_original\No melanoma\ISIC_NON_0262.jpg,source,original,c:\Users\elpro\Documents\Github\melanoma\imagenes\IMAGENES DEMARTOLOGICAS\No melanoma\ISIC_0000459.jpg,1e4c73415721a1065767346a1b856b12b77e14363df1fdb82df5ea2a09cd0c5c
no_melanoma,ISIC_NON_0263.jpg,c:\Users\elpro\Documents\Github\melanoma\imagenes\dataset_balanceado_1200_estructura_original\No melanoma\ISIC_NON_0263.jpg,source,original,c:\Users\elpro\Documents\Github\melanoma\imagenes\IMAGENES DEMARTOLOGICAS\No melanoma\istockphoto-925309960-612x612.jpg,84bbd59cc2716e670bdd6df5837ad69573481f60af345ec52763d288447b7305
no_melanoma,ISIC_NON_0264.jpg,c:\Users\elpro\Documents\Github\melanoma\imagenes\dataset_balanceado_1200_estructura_original\No melanoma\ISIC_NON_0264.jpg,source,original,c:\Users\elpro\Documents\Github\melanoma\imagenes\IMAGENES DEMARTOLOGICAS\No melanoma\ISIC_0000413.jpg,c86fca7da89b5926761f52e383dc59201247e5a96a1d26905e83e6216ec23fcd
no_melanoma,ISIC_NON_0265.jpg,c:\Users\elpro\Documents\Github\melanoma\imagenes\dataset_balanceado_1200_estructura_original\No melanoma\ISIC_NON_0265.jpg,source,original,c:\Users\elpro\Documents\Github\melanoma\imagenes\IMAGENES DEMARTOLOGICAS\No melanoma\avm-type-iii-2.jpg,3b8613fed87a953556351f5fdedb4e55fd814f2d2ce999dda667ab828514623f
no_melanoma,ISIC_NON_0266.jpg,c:\Users\elpro\Documents\Github\melanoma\imagenes\dataset_balanceado_1200_estructura_original\No melanoma\ISIC_NON_0266.jpg,source,original,c:\Users\elpro\Documents\Github\melanoma\imagenes\IMAGENES DEMARTOLOGICAS\No melanoma\sebks59.jpg,f557333cdf77d7c59be74200f2473a29351054e9fa1af57a6e9e6fbfc08c6dd5
no_melanoma,ISIC_NON_0267.jpg,c:\Users\elpro\Documents\Github\melanoma\imagenes\dataset_balanceado_1200_estructura_original\No melanoma\ISIC_NON_0267.jpg,source,original,c:\Users\elpro\Documents\Github\melanoma\imagenes\IMAGENES DEMARTOLOGICAS\No melanoma\ISIC_0000487.jpg,0a77db7765d9eda4915ddc47b48cdab4a662a1a171e6f601a5b6562a031c92f8
no_melanoma,ISIC_NON_0268.jpg,c:\Users\elpro\Documents\Github\melanoma\imagenes\dataset_balanceado_1200_estructura_original\No melanoma\ISIC_NON_0268.jpg,source,original,c:\Users\elpro\Documents\Github\melanoma\imagenes\IMAGENES DEMARTOLOGICAS\No melanoma\calcinosis-cutis-type-5-1.png,fa8333fd77e057bcb4c5df2e20ca931730a391a431d53ed0958f233fc8605520
no_melanoma,ISIC_NON_0269.jpg,c:\Users\elpro\Documents\Github\melanoma\imagenes\dataset_balanceado_1200_estructura_original\No melanoma\ISIC_NON_0269.jpg,source,original,c:\Users\elpro\Documents\Github\melanoma\imagenes\IMAGENES DEMARTOLOGICAS\No melanoma\ISIC_0000299.jpg,e2f0d6941a44b8421ddc6106e09218ad9bd04abf6a77d747e1f4b882a1ca98cd
no_melanoma,ISIC_NON_0270.jpg,c:\Users\elpro\Documents\Github\melanoma\imagenes\dataset_balanceado_1200_estructura_original\No melanoma\ISIC_NON_0270.jpg,source,original,c:\Users\elpro\Documents\Github\melanoma\imagenes\IMAGENES DEMARTOLOGICAS\No melanoma\ISIC_0000172.jpg,d82d56fe514f09a94a85a18a3169976c7328d1409c1b156688ee630f0a6fbdaf
no_melanoma,ISIC_NON_0271.jpg,c:\Users\elpro\Documents\Github\melanoma\imagenes\dataset_balanceado_1200_estructura_original\No melanoma\ISIC_NON_0271.jpg,source,original,c:\Users\elpro\Documents\Github\melanoma\imagenes\IMAGENES DEMARTOLOGICAS\No melanoma\istockphoto-1203970634-612x612.jpg,9cb4cf7c641544b47d424473f95e74610586677cf93e9f4c357a44e2fe3be23d
no_melanoma,ISIC_NON_0272.jpg,c:\Users\elpro\Documents\Github\melanoma\imagenes\dataset_balanceado_1200_estructura_original\No melanoma\ISIC_NON_0272.jpg,source,original,c:\Users\elpro\Documents\Github\melanoma\imagenes\IMAGENES DEMARTOLOGICAS\No melanoma\hemangioma-type5-2.jpg,97f14545335d1cdacdb6f2b31e91ca97d3870ef6b06c73a460532c28b46c6862
no_melanoma,ISIC_NON_0273.jpg,c:\Users\elpro\Documents\Github\melanoma\imagenes\dataset_balanceado_1200_estructura_original\No melanoma\ISIC_NON_0273.jpg,source,original,c:\Users\elpro\Documents\Github\melanoma\imagenes\IMAGENES DEMARTOLOGICAS\No melanoma\ISIC_0000146.jpg,a1102ecb87e1f85fa3c5dfd17b5e13f8a7da625c2ae01a27b69d56ce2b7813c6
no_melanoma,ISIC_NON_0274.jpg,c:\Users\elpro\Documents\Github\melanoma\imagenes\dataset_balanceado_1200_estructura_original\No melanoma\ISIC_NON_0274.jpg,source,original,c:\Users\elpro\Documents\Github\melanoma\imagenes\IMAGENES DEMARTOLOGICAS\No melanoma\sebks14.jpg,7541b158cd07634ca8639c82aadb62b5d59c638b34da2e5a9bea117bace7d442
no_melanoma,ISIC_NON_0275.jpg,c:\Users\elpro\Documents\Github\melanoma\imagenes\dataset_balanceado_1200_estructura_original\No melanoma\ISIC_NON_0275.jpg,source,original,c:\Users\elpro\Documents\Github\melanoma\imagenes\IMAGENES DEMARTOLOGICAS\No melanoma\ISIC_0000308.jpg,1bcdfcf6a3a9d02257b26d66047ec210a595de14a0abfbd6589cf94832e795d7
no_melanoma,ISIC_NON_0276.jpg,c:\Users\elpro\Documents\Github\melanoma\imagenes\dataset_balanceado_1200_estructura_original\No melanoma\ISIC_NON_0276.jpg,source,original,c:\Users\elpro\Documents\Github\melanoma\imagenes\IMAGENES DEMARTOLOGICAS\No melanoma\ISIC_0000306.jpg,aa2fd99280d9bceb4779e388afe39c6b37ebf8d0d108d3a194097d9fae7dffb5
no_melanoma,ISIC_NON_0277.jpg,c:\Users\elpro\Documents\Github\melanoma\imagenes\dataset_balanceado_1200_estructura_original\No melanoma\ISIC_NON_0277.jpg,source,original,c:\Users\elpro\Documents\Github\melanoma\imagenes\IMAGENES DEMARTOLOGICAS\No melanoma\ISIC_0001128.jpg,0a08d739200b31af56d5c93a7839c264adaf9e3f316cbb70a51bda40d8831d4f
no_melanoma,ISIC_NON_0278.jpg,c:\Users\elpro\Documents\Github\melanoma\imagenes\dataset_balanceado_1200_estructura_original\No melanoma\ISIC_NON_0278.jpg,source,original,c:\Users\elpro\Documents\Github\melanoma\imagenes\IMAGENES DEMARTOLOGICAS\No melanoma\bcc-type-iv.jpg,a493b7f354f88bb839c27f66f7559df880b331e3f1f2ed7bba31e0a456f12051
no_melanoma,ISIC_NON_0279.jpg,c:\Users\elpro\Documents\Github\melanoma\imagenes\dataset_balanceado_1200_estructura_original\No melanoma\ISIC_NON_0279.jpg,source,original,c:\Users\elpro\Documents\Github\melanoma\imagenes\IMAGENES DEMARTOLOGICAS\No melanoma\ISIC_0000482.jpg,1223729ce5b47cb48424b03896af93ad21de80395350b5e9bec0c6a53bd0660d
no_melanoma,ISIC_NON_0280.jpg,c:\Users\elpro\Documents\Github\melanoma\imagenes\dataset_balanceado_1200_estructura_original\No melanoma\ISIC_NON_0280.jpg,source,original,c:\Users\elpro\Documents\Github\melanoma\imagenes\IMAGENES DEMARTOLOGICAS\No melanoma\ISIC_0000414.jpg,94cecc793573797fe2a2784afdfe7cce4edc3678f051b1273795f1d7f836fe07
no_melanoma,ISIC_NON_0281.jpg,c:\Users\elpro\Documents\Github\melanoma\imagenes\dataset_balanceado_1200_estructura_original\No melanoma\ISIC_NON_0281.jpg,source,original,c:\Users\elpro\Documents\Github\melanoma\imagenes\IMAGENES DEMARTOLOGICAS\No melanoma\ISIC_0000283.jpg,1b51f43cfe92f8c5743f5eaa702e5a37ec4a318543db55a7bdc04bfa494b8fe1
no_melanoma,ISIC_NON_0282.jpg,c:\Users\elpro\Documents\Github\melanoma\imagenes\dataset_balanceado_1200_estructura_original\No melanoma\ISIC_NON_0282.jpg,source,original,c:\Users\elpro\Documents\Github\melanoma\imagenes\IMAGENES DEMARTOLOGICAS\No melanoma\ISIC_0000279.jpg,810ce5b13ca1c5a691b0250c98120fda120320f3a698c1f118807fa1634d99ed
no_melanoma,ISIC_NON_0283.jpg,c:\Users\elpro\Documents\Github\melanoma\imagenes\dataset_balanceado_1200_estructura_original\No melanoma\ISIC_NON_0283.jpg,source,original,c:\Users\elpro\Documents\Github\melanoma\imagenes\IMAGENES DEMARTOLOGICAS\No melanoma\calcinosis-cutis-type-4-1.png,ba6c9c1adbd9383fa24993da9222c60152c51213e569fa98ac6f83f74c33d70e
no_melanoma,ISIC_NON_0284.jpg,c:\Users\elpro\Documents\Github\melanoma\imagenes\dataset_balanceado_1200_estructura_original\No melanoma\ISIC_NON_0284.jpg,source,original,c:\Users\elpro\Documents\Github\melanoma\imagenes\IMAGENES DEMARTOLOGICAS\No melanoma\ISIC_0000484.jpg,4f3d439f2ad35815908e4dbaf19e2beaad5f8eab9fe141041ff75f2ea4236c77
no_melanoma,ISIC_NON_0285.jpg,c:\Users\elpro\Documents\Github\melanoma\imagenes\dataset_balanceado_1200_estructura_original\No melanoma\ISIC_NON_0285.jpg,source,original,c:\Users\elpro\Documents\Github\melanoma\imagenes\IMAGENES DEMARTOLOGICAS\No melanoma\istockphoto-957482736-612x612.jpg,c6e9a85bc227bc91fb4efc990cf914c846fb682b8880c9e3da8a6cfbd8668abc
no_melanoma,ISIC_NON_0286.jpg,c:\Users\elpro\Documents\Github\melanoma\imagenes\dataset_balanceado_1200_estructura_original\No melanoma\ISIC_NON_0286.jpg,source,original,c:\Users\elpro\Documents\Github\melanoma\imagenes\IMAGENES DEMARTOLOGICAS\No melanoma\5b.jpg,8f0d6edd7410ae3c6c0a2bd48b710579bb7f9886f2262701a29c3884ab57e9be
no_melanoma,ISIC_NON_0287.jpg,c:\Users\elpro\Documents\Github\melanoma\imagenes\dataset_balanceado_1200_estructura_original\No melanoma\ISIC_NON_0287.jpg,source,original,c:\Users\elpro\Documents\Github\melanoma\imagenes\IMAGENES DEMARTOLOGICAS\No melanoma\bml-f1-sm.jpg,311056c0852b180e12ef822893269bf9b4a26b2870841d743a1ca20914bf2e10
no_melanoma,ISIC_NON_0288.jpg,c:\Users\elpro\Documents\Github\melanoma\imagenes\dataset_balanceado_1200_estructura_original\No melanoma\ISIC_NON_0288.jpg,source,original,c:\Users\elpro\Documents\Github\melanoma\imagenes\IMAGENES DEMARTOLOGICAS\No melanoma\ISIC_0000303.jpg,3d5729b9ec7ac896847bd0535bcb4c4b41209c18637d80a25471f4fb56ef7505
no_melanoma,ISIC_NON_0289.jpg,c:\Users\elpro\Documents\Github\melanoma\imagenes\dataset_balanceado_1200_estructura_original\No melanoma\ISIC_NON_0289.jpg,source,original,c:\Users\elpro\Documents\Github\melanoma\imagenes\IMAGENES DEMARTOLOGICAS\No melanoma\istockphoto-1203969906-612x612.jpg,eb673bf10dbd756fb0ed7609166b87566ca2a142856ccc84f6b1baf165114b00
no_melanoma,ISIC_NON_0290.jpg,c:\Users\elpro\Documents\Github\melanoma\imagenes\dataset_balanceado_1200_estructura_original\No melanoma\ISIC_NON_0290.jpg,source,original,c:\Users\elpro\Documents\Github\melanoma\imagenes\IMAGENES DEMARTOLOGICAS\No melanoma\sebks41.jpg,ba0a7b6285f076561fbb01a63c6ecc85136aae1340a898977852b2741aa40ea1
no_melanoma,ISIC_NON_0291.jpg,c:\Users\elpro\Documents\Github\melanoma\imagenes\dataset_balanceado_1200_estructura_original\No melanoma\ISIC_NON_0291.jpg,source,original,c:\Users\elpro\Documents\Github\melanoma\imagenes\IMAGENES DEMARTOLOGICAS\No melanoma\acanthosis-nigricans-type-v-2.jpg,dce21b4f160c34e291441b201cf7240579e864927837e4be9ebdc773c2d370f1
no_melanoma,ISIC_NON_0292.jpg,c:\Users\elpro\Documents\Github\melanoma\imagenes\dataset_balanceado_1200_estructura_original\No melanoma\ISIC_NON_0292.jpg,source,original,c:\Users\elpro\Documents\Github\melanoma\imagenes\IMAGENES DEMARTOLOGICAS\No melanoma\sebks10.jpg,2dde7ef0bc446a841d1ad89f2bc3d660a67b6c0fd88cb801985e10fcc74be87e
no_melanoma,ISIC_NON_0293.jpg,c:\Users\elpro\Documents\Github\melanoma\imagenes\dataset_balanceado_1200_estructura_original\No melanoma\ISIC_NON_0293.jpg,source,original,c:\Users\elpro\Documents\Github\melanoma\imagenes\IMAGENES DEMARTOLOGICAS\No melanoma\ISIC_0001138.jpg,76f70aab976171e91ee4bd2d2a050e9c1e9faca932b84495087a09840766a0d3
no_melanoma,ISIC_NON_0294.jpg,c:\Users\elpro\Documents\Github\melanoma\imagenes\dataset_balanceado_1200_estructura_original\No melanoma\ISIC_NON_0294.jpg,source,original,c:\Users\elpro\Documents\Github\melanoma\imagenes\IMAGENES DEMARTOLOGICAS\No melanoma\sebks05.jpg,6bfe09274497c9c0b628be357146f03bcccb5ca12e0537efefe45e160e95069d
no_melanoma,ISIC_NON_0295.jpg,c:\Users\elpro\Documents\Github\melanoma\imagenes\dataset_balanceado_1200_estructura_original\No melanoma\ISIC_NON_0295.jpg,source,original,c:\Users\elpro\Documents\Github\melanoma\imagenes\IMAGENES DEMARTOLOGICAS\No melanoma\ISIC_0000163.jpg,5596524e1ab13a9f862a0427bfe4461e60d2314a53be40e6dbf57b79f6bdbc13
no_melanoma,ISIC_NON_0296.jpg,c:\Users\elpro\Documents\Github\melanoma\imagenes\dataset_balanceado_1200_estructura_original\No melanoma\ISIC_NON_0296.jpg,source,original,c:\Users\elpro\Documents\Github\melanoma\imagenes\IMAGENES DEMARTOLOGICAS\No melanoma\ISIC_0000152.jpg,329fb55dd8fe4a09b6069f4eda9ad73334cb06a5a125c45e4d60a195d0d004f0
no_melanoma,ISIC_NON_0297.jpg,c:\Users\elpro\Documents\Github\melanoma\imagenes\dataset_balanceado_1200_estructura_original\No melanoma\ISIC_NON_0297.jpg,source,original,c:\Users\elpro\Documents\Github\melanoma\imagenes\IMAGENES DEMARTOLOGICAS\No melanoma\ISIC_0001137.jpg,462aa39786beb98a1af26fccf8f6774440a38d84cbb276793eeaf9c50dbd8e9d
no_melanoma,ISIC_NON_0298.jpg,c:\Users\elpro\Documents\Github\melanoma\imagenes\dataset_balanceado_1200_estructura_original\No melanoma\ISIC_NON_0298.jpg,source,original,c:\Users\elpro\Documents\Github\melanoma\imagenes\IMAGENES DEMARTOLOGICAS\No melanoma\ISIC_0000074.jpg,7013aa14ebba8f54dac5a856b7eebebe40c7cb3196869e9d354c094b1ebb296c
no_melanoma,ISIC_NON_0299.jpg,c:\Users\elpro\Documents\Github\melanoma\imagenes\dataset_balanceado_1200_estructura_original\No melanoma\ISIC_NON_0299.jpg,source,original,c:\Users\elpro\Documents\Github\melanoma\imagenes\IMAGENES DEMARTOLOGICAS\No melanoma\acanthosis-nigricans-type-iii-2.jpg,43c953a486117a0f91f131c72ad41dfb6abaccb40f2dce553496f961203b68de
no_melanoma,ISIC_NON_0300.jpg,c:\Users\elpro\Documents\Github\melanoma\imagenes\dataset_balanceado_1200_estructura_original\No melanoma\ISIC_NON_0300.jpg,source,original,c:\Users\elpro\Documents\Github\melanoma\imagenes\IMAGENES DEMARTOLOGICAS\No melanoma\sebks60.jpg,026b0a362a45f67c107584944a4b061ae8559a5a38e66d00574820a4a9263ac3
no_melanoma,ISIC_NON_0301.jpg,c:\Users\elpro\Documents\Github\melanoma\imagenes\dataset_balanceado_1200_estructura_original\No melanoma\ISIC_NON_0301.jpg,source,original,c:\Users\elpro\Documents\Github\melanoma\imagenes\IMAGENES DEMARTOLOGICAS\No melanoma\sebks09.jpg,15e1c391dcdb70c267ee3182811d3bdfd77177861740b4f93f0f76a770f9bd3c
no_melanoma,ISIC_NON_0302.jpg,c:\Users\elpro\Documents\Github\melanoma\imagenes\dataset_balanceado_1200_estructura_original\No melanoma\ISIC_NON_0302.jpg,source,original,c:\Users\elpro\Documents\Github\melanoma\imagenes\IMAGENES DEMARTOLOGICAS\No melanoma\sebks45.jpg,93f73b53ba46f07f8a26d43b4483b14a36f3879e4e67c2a7ca853b45f29024dd
no_melanoma,ISIC_NON_0303.jpg,c:\Users\elpro\Documents\Github\melanoma\imagenes\dataset_balanceado_1200_estructura_original\No melanoma\ISIC_NON_0303.jpg,source,original,c:\Users\elpro\Documents\Github\melanoma\imagenes\IMAGENES DEMARTOLOGICAS\No melanoma\4b.jpeg,48cf387a615a86ebca933a6d4aefd186ac6f9d46e3cea2a73accb1e609233d54
no_melanoma,ISIC_NON_0304.jpg,c:\Users\elpro\Documents\Github\melanoma\imagenes\dataset_balanceado_1200_estructura_original\No melanoma\ISIC_NON_0304.jpg,source,original,c:\Users\elpro\Documents\Github\melanoma\imagenes\IMAGENES DEMARTOLOGICAS\No melanoma\sebks19.jpg,127e075f1941ee3bdf27087365533837b9b24854caa694e7c15b212da2233dbd
no_melanoma,ISIC_NON_0305.jpg,c:\Users\elpro\Documents\Github\melanoma\imagenes\dataset_balanceado_1200_estructura_original\No melanoma\ISIC_NON_0305.jpg,source,original,c:\Users\elpro\Documents\Github\melanoma\imagenes\IMAGENES DEMARTOLOGICAS\No melanoma\ISIC_0000175.jpg,72f2d78f8d407751a9c90e3239a12a1e82211a4892b8f04f8a503ecb63133299
no_melanoma,ISIC_NON_0306.jpg,c:\Users\elpro\Documents\Github\melanoma\imagenes\dataset_balanceado_1200_estructura_original\No melanoma\ISIC_NON_0306.jpg,source,original,c:\Users\elpro\Documents\Github\melanoma\imagenes\IMAGENES DEMARTOLOGICAS\No melanoma\ISIC_0000446.jpg,c38dfef71294348f832ce0fa754db7723bae99e375b811a6898bbb70d5a361dd
no_melanoma,ISIC_NON_0307.jpg,c:\Users\elpro\Documents\Github\melanoma\imagenes\dataset_balanceado_1200_estructura_original\No melanoma\ISIC_NON_0307.jpg,source,original,c:\Users\elpro\Documents\Github\melanoma\imagenes\IMAGENES DEMARTOLOGICAS\No melanoma\hemangioma-type3-1.jpg,b3aaaf2d5a721ed65dee6645e3c0955fddb7e773d03fa9fcc63b5b3e0ecfe6df
no_melanoma,ISIC_NON_0308.jpg,c:\Users\elpro\Documents\Github\melanoma\imagenes\dataset_balanceado_1200_estructura_original\No melanoma\ISIC_NON_0308.jpg,source,original,c:\Users\elpro\Documents\Github\melanoma\imagenes\IMAGENES DEMARTOLOGICAS\No melanoma\ISIC_0000313.jpg,de4d6911292279af093f7aa9304660bf28ed3e6e1b4e6aeac22128698a9f09f7
no_melanoma,ISIC_NON_0309.jpg,c:\Users\elpro\Documents\Github\melanoma\imagenes\dataset_balanceado_1200_estructura_original\No melanoma\ISIC_NON_0309.jpg,source,original,c:\Users\elpro\Documents\Github\melanoma\imagenes\IMAGENES DEMARTOLOGICAS\No melanoma\ISIC_0000417.jpg,68ab58c7eb3ce0a2ddafa5c3756ff1ee369c3ae26c8661efb60a0430be4e51d1
no_melanoma,ISIC_NON_0310.jpg,c:\Users\elpro\Documents\Github\melanoma\imagenes\dataset_balanceado_1200_estructura_original\No melanoma\ISIC_NON_0310.jpg,source,original,c:\Users\elpro\Documents\Github\melanoma\imagenes\IMAGENES DEMARTOLOGICAS\No melanoma\ISIC_0000533.jpg,2a109a3ab5f519f4ad56560adb4e0fd4547e25b4d0ab96efa4a1b47fa41ca8ca
no_melanoma,ISIC_NON_0311.jpg,c:\Users\elpro\Documents\Github\melanoma\imagenes\dataset_balanceado_1200_estructura_original\No melanoma\ISIC_NON_0311.jpg,source,original,c:\Users\elpro\Documents\Github\melanoma\imagenes\IMAGENES DEMARTOLOGICAS\No melanoma\sebks31.jpg,a2d1cfb9cdf317cce016b26b4af93b680480b2496d74f0ffbfb87040dd940eac
no_melanoma,ISIC_NON_0312.jpg,c:\Users\elpro\Documents\Github\melanoma\imagenes\dataset_balanceado_1200_estructura_original\No melanoma\ISIC_NON_0312.jpg,source,original,c:\Users\elpro\Documents\Github\melanoma\imagenes\IMAGENES DEMARTOLOGICAS\No melanoma\sebks47.jpg,7cd3ddaccb1ec4911c51815254dc70ebafbcb758d9f6ac7ad7f05632858c3004
no_melanoma,ISIC_NON_0313.jpg,c:\Users\elpro\Documents\Github\melanoma\imagenes\dataset_balanceado_1200_estructura_original\No melanoma\ISIC_NON_0313.jpg,source,original,c:\Users\elpro\Documents\Github\melanoma\imagenes\IMAGENES DEMARTOLOGICAS\No melanoma\ISIC_0000294.jpg,2ac0bf6d12654dbcbf05858bb7f7f7d2fec12c87714b4c91391ec51090d9d67e
no_melanoma,ISIC_NON_0314.jpg,c:\Users\elpro\Documents\Github\melanoma\imagenes\dataset_balanceado_1200_estructura_original\No melanoma\ISIC_NON_0314.jpg,source,original,c:\Users\elpro\Documents\Github\melanoma\imagenes\IMAGENES DEMARTOLOGICAS\No melanoma\ISIC_0000284.jpg,bd5076450f9d2887ecb0116c656318fb2f0f41e69d9890f6cfabb9a48413d19a
no_melanoma,ISIC_NON_0315.jpg,c:\Users\elpro\Documents\Github\melanoma\imagenes\dataset_balanceado_1200_estructura_original\No melanoma\ISIC_NON_0315.jpg,source,original,c:\Users\elpro\Documents\Github\melanoma\imagenes\IMAGENES DEMARTOLOGICAS\No melanoma\sebks23.jpg,f9d6cbf80f202e28cc8db129748a5d1dd4e596b2d7b5acc9b71fe57db5caf3a6
no_melanoma,ISIC_NON_0316.jpg,c:\Users\elpro\Documents\Github\melanoma\imagenes\dataset_balanceado_1200_estructura_original\No melanoma\ISIC_NON_0316.jpg,source,original,c:\Users\elpro\Documents\Github\melanoma\imagenes\IMAGENES DEMARTOLOGICAS\No melanoma\mole2.jpg,ed7b715d4e5ce4a28cc6a29b176d21d046bb9b95b48dbfc4c1eb7b2f1918e4d9
no_melanoma,ISIC_NON_0317.jpg,c:\Users\elpro\Documents\Github\melanoma\imagenes\dataset_balanceado_1200_estructura_original\No melanoma\ISIC_NON_0317.jpg,source,original,c:\Users\elpro\Documents\Github\melanoma\imagenes\IMAGENES DEMARTOLOGICAS\No melanoma\ISIC_0000276.jpg,9c9276a44c92ec3dfbc82064cfb91061cc13dac29ed2f600c306373642c41305
no_melanoma,ISIC_NON_0318.jpg,c:\Users\elpro\Documents\Github\melanoma\imagenes\dataset_balanceado_1200_estructura_original\No melanoma\ISIC_NON_0318.jpg,source,original,c:\Users\elpro\Documents\Github\melanoma\imagenes\IMAGENES DEMARTOLOGICAS\No melanoma\calcinosis-cutis-type-3.png,ed5504485b330eaf92f92dfddaaee32828944570daa09c9dd5665990070b027c
no_melanoma,ISIC_NON_0319.jpg,c:\Users\elpro\Documents\Github\melanoma\imagenes\dataset_balanceado_1200_estructura_original\No melanoma\ISIC_NON_0319.jpg,source,original,c:\Users\elpro\Documents\Github\melanoma\imagenes\IMAGENES DEMARTOLOGICAS\No melanoma\ISIC_0000144.jpg,e250c38a37ae1389696f2a8efcc5c25834bafb506cecd202c65cef29a80c0056
no_melanoma,ISIC_NON_0320.jpg,c:\Users\elpro\Documents\Github\melanoma\imagenes\dataset_balanceado_1200_estructura_original\No melanoma\ISIC_NON_0320.jpg,source,original,c:\Users\elpro\Documents\Github\melanoma\imagenes\IMAGENES DEMARTOLOGICAS\No melanoma\acne-type-iv-2.jpg,b2fe16daf8787492c3f1ce176c79c6118996e18adf63a67eedcb0bea37badc71
no_melanoma,ISIC_NON_0321.jpg,c:\Users\elpro\Documents\Github\melanoma\imagenes\dataset_balanceado_1200_estructura_original\No melanoma\ISIC_NON_0321.jpg,source,original,c:\Users\elpro\Documents\Github\melanoma\imagenes\IMAGENES DEMARTOLOGICAS\No melanoma\istockphoto-1184032402-612x612.jpg,a02bfd1d65930f2a30beee3f7e348e4e956842cf7dc1f7eed2533de373d1964f
no_melanoma,ISIC_NON_0322.jpg,c:\Users\elpro\Documents\Github\melanoma\imagenes\dataset_balanceado_1200_estructura_original\No melanoma\ISIC_NON_0322.jpg,source,original,c:\Users\elpro\Documents\Github\melanoma\imagenes\IMAGENES DEMARTOLOGICAS\No melanoma\ISIC_0000555.jpg,a63837a59137f8fdeea8cc2185629873b5be4a75c6007a089a632a24b5dfb9d3
no_melanoma,ISIC_NON_0323.jpg,c:\Users\elpro\Documents\Github\melanoma\imagenes\dataset_balanceado_1200_estructura_original\No melanoma\ISIC_NON_0323.jpg,source,original,c:\Users\elpro\Documents\Github\melanoma\imagenes\IMAGENES DEMARTOLOGICAS\No melanoma\sebks53.jpg,6151e2c4d117a9bda8c23354ca63f28f794af28127da4973fa69c915d82f66dc
no_melanoma,ISIC_NON_0324.jpg,c:\Users\elpro\Documents\Github\melanoma\imagenes\dataset_balanceado_1200_estructura_original\No melanoma\ISIC_NON_0324.jpg,source,original,c:\Users\elpro\Documents\Github\melanoma\imagenes\IMAGENES DEMARTOLOGICAS\No melanoma\ISIC_0000301.jpg,1d5782040d90b0a087c0444e2b74a11568a785e676c51a5857fd3d388fd57a1c
no_melanoma,ISIC_NON_0325.jpg,c:\Users\elpro\Documents\Github\melanoma\imagenes\dataset_balanceado_1200_estructura_original\No melanoma\ISIC_NON_0325.jpg,source,original,c:\Users\elpro\Documents\Github\melanoma\imagenes\IMAGENES DEMARTOLOGICAS\No melanoma\ISIC_0001102.jpg,13bf4bcc77123e96ec252a25ad4d95404c37d81f5d543d1fe42b7785928d28e1
no_melanoma,ISIC_NON_0326.jpg,c:\Users\elpro\Documents\Github\melanoma\imagenes\dataset_balanceado_1200_estructura_original\No melanoma\ISIC_NON_0326.jpg,source,original,c:\Users\elpro\Documents\Github\melanoma\imagenes\IMAGENES DEMARTOLOGICAS\No melanoma\ISIC_0000394.jpg,e7fc8e3a57a43dd7c7eea7b23725cd2b84e51535bb6cebc7120b1f4f8e720ab7
no_melanoma,ISIC_NON_0327.jpg,c:\Users\elpro\Documents\Github\melanoma\imagenes\dataset_balanceado_1200_estructura_original\No melanoma\ISIC_NON_0327.jpg,source,original,c:\Users\elpro\Documents\Github\melanoma\imagenes\IMAGENES DEMARTOLOGICAS\No melanoma\istockphoto-683424100-612x612.jpg,f725eceb08a3ac990986ae9069f371adfdea8453aed6734272b48300e6e99be6
no_melanoma,ISIC_NON_0328.jpg,c:\Users\elpro\Documents\Github\melanoma\imagenes\dataset_balanceado_1200_estructura_original\No melanoma\ISIC_NON_0328.jpg,source,original,c:\Users\elpro\Documents\Github\melanoma\imagenes\IMAGENES DEMARTOLOGICAS\No melanoma\ISIC_0000441.jpg,378b4e064e11c0666680eb1210b56551282e479c878e5896f7dfcfa378ac1ca6
no_melanoma,ISIC_NON_0329.jpg,c:\Users\elpro\Documents\Github\melanoma\imagenes\dataset_balanceado_1200_estructura_original\No melanoma\ISIC_NON_0329.jpg,source,original,c:\Users\elpro\Documents\Github\melanoma\imagenes\IMAGENES DEMARTOLOGICAS\No melanoma\ISIC_0001101.jpg,1462b53b919bd5a64d52236c5ab87b84852c5ea78db36f7e083d6704f8c6e90b
no_melanoma,ISIC_NON_0330.jpg,c:\Users\elpro\Documents\Github\melanoma\imagenes\dataset_balanceado_1200_estructura_original\No melanoma\ISIC_NON_0330.jpg,source,original,c:\Users\elpro\Documents\Github\melanoma\imagenes\IMAGENES DEMARTOLOGICAS\No melanoma\sebks40.jpg,1da85c8ecff63db76fabe59335233ee1fb27ee43e480268f0ab466bd8a9ff0df
no_melanoma,ISIC_NON_0331.jpg,c:\Users\elpro\Documents\Github\melanoma\imagenes\dataset_balanceado_1200_estructura_original\No melanoma\ISIC_NON_0331.jpg,source,original,c:\Users\elpro\Documents\Github\melanoma\imagenes\IMAGENES DEMARTOLOGICAS\No melanoma\ISIC_0000155.jpg,df125b51013ae7e1bd13d7a42b40da1765ee7c3c4d2aeebf0eac523c329946fc
no_melanoma,ISIC_NON_0332.jpg,c:\Users\elpro\Documents\Github\melanoma\imagenes\dataset_balanceado_1200_estructura_original\No melanoma\ISIC_NON_0332.jpg,source,original,c:\Users\elpro\Documents\Github\melanoma\imagenes\IMAGENES DEMARTOLOGICAS\No melanoma\impetigo-type-v.jpg,d61e769607734dc28ecb733d384493d8e81ea9c623a01c29820f6001b303dea4
no_melanoma,ISIC_NON_0333.jpg,c:\Users\elpro\Documents\Github\melanoma\imagenes\dataset_balanceado_1200_estructura_original\No melanoma\ISIC_NON_0333.jpg,source,original,c:\Users\elpro\Documents\Github\melanoma\imagenes\IMAGENES DEMARTOLOGICAS\No melanoma\ISIC_0000398.jpg,76ec8f3575f7aa477a44d93e8d840c30f41d57a265615b9dae86a32cebc34aae
no_melanoma,ISIC_NON_0334.jpg,c:\Users\elpro\Documents\Github\melanoma\imagenes\dataset_balanceado_1200_estructura_original\No melanoma\ISIC_NON_0334.jpg,source,original,c:\Users\elpro\Documents\Github\melanoma\imagenes\IMAGENES DEMARTOLOGICAS\No melanoma\istockphoto-993473556-612x612.jpg,73edd7a511a896b28f5771d0e1ab864f36530772e3da5effa82b31c1b7cc2048
no_melanoma,ISIC_NON_0335.jpg,c:\Users\elpro\Documents\Github\melanoma\imagenes\dataset_balanceado_1200_estructura_original\No melanoma\ISIC_NON_0335.jpg,source,original,c:\Users\elpro\Documents\Github\melanoma\imagenes\IMAGENES DEMARTOLOGICAS\No melanoma\ISIC_0000296.jpg,88e521b786bccb9254fae7e5604b64ec425114547418b63b4f99ade4b55fa697
no_melanoma,ISIC_NON_0336.jpg,c:\Users\elpro\Documents\Github\melanoma\imagenes\dataset_balanceado_1200_estructura_original\No melanoma\ISIC_NON_0336.jpg,source,original,c:\Users\elpro\Documents\Github\melanoma\imagenes\IMAGENES DEMARTOLOGICAS\No melanoma\avm-type-iii.jpg,3807cac220c82d3cbc2edf7ff412173cf3279ad6558874eaae8c4140092a78e5
no_melanoma,ISIC_NON_0337.jpg,c:\Users\elpro\Documents\Github\melanoma\imagenes\dataset_balanceado_1200_estructura_original\No melanoma\ISIC_NON_0337.jpg,source,original,c:\Users\elpro\Documents\Github\melanoma\imagenes\IMAGENES DEMARTOLOGICAS\No melanoma\ISIC_0000513.jpg,7b2e1fea5170cd8032cf9cbbc45fdfeb1ad68e9a76cefb52caf98585e9420c7f
no_melanoma,ISIC_NON_0338.jpg,c:\Users\elpro\Documents\Github\melanoma\imagenes\dataset_balanceado_1200_estructura_original\No melanoma\ISIC_NON_0338.jpg,source,original,c:\Users\elpro\Documents\Github\melanoma\imagenes\IMAGENES DEMARTOLOGICAS\No melanoma\bullous-impetigo-type-iv-3.jpg,a91efaf8a4a1934517c8585c48eafab485f01bfa3dc9d86f853b9a482b8bc038
no_melanoma,ISIC_NON_0339.jpg,c:\Users\elpro\Documents\Github\melanoma\imagenes\dataset_balanceado_1200_estructura_original\No melanoma\ISIC_NON_0339.jpg,source,original,c:\Users\elpro\Documents\Github\melanoma\imagenes\IMAGENES DEMARTOLOGICAS\No melanoma\atopic-dermatitis-type-i.jpg,9d5978578325f9906149323609a0865856c57b1792a80f9a17322e10b9971e42
no_melanoma,ISIC_NON_0340.jpg,c:\Users\elpro\Documents\Github\melanoma\imagenes\dataset_balanceado_1200_estructura_original\No melanoma\ISIC_NON_0340.jpg,source,original,c:\Users\elpro\Documents\Github\melanoma\imagenes\IMAGENES DEMARTOLOGICAS\No melanoma\sebks37.jpg,8c80e6d347aba4630f9c6d5f0f9318d0e815119c540c22718e687a132389f41f
no_melanoma,ISIC_NON_0341.jpg,c:\Users\elpro\Documents\Github\melanoma\imagenes\dataset_balanceado_1200_estructura_original\No melanoma\ISIC_NON_0341.jpg,source,original,c:\Users\elpro\Documents\Github\melanoma\imagenes\IMAGENES DEMARTOLOGICAS\No melanoma\sebks46.jpg,467072ac4e4a9dec8934023789a9d2f17c3740d3d1f1584aaaf47808cb159a07
no_melanoma,ISIC_NON_0342.jpg,c:\Users\elpro\Documents\Github\melanoma\imagenes\dataset_balanceado_1200_estructura_original\No melanoma\ISIC_NON_0342.jpg,source,original,c:\Users\elpro\Documents\Github\melanoma\imagenes\IMAGENES DEMARTOLOGICAS\No melanoma\sebks33.jpg,c5b06d668c426f4c3b41ee5bca11319a21cd2af885521f8b74377e08335d0d15
no_melanoma,ISIC_NON_0343.jpg,c:\Users\elpro\Documents\Github\melanoma\imagenes\dataset_balanceado_1200_estructura_original\No melanoma\ISIC_NON_0343.jpg,source,original,c:\Users\elpro\Documents\Github\melanoma\imagenes\IMAGENES DEMARTOLOGICAS\No melanoma\sebks24.jpg,21fcaf574ffcd459b25b13b15951a430724f7998cfd84bedd70f8ed14ee3cf3e
no_melanoma,ISIC_NON_0344.jpg,c:\Users\elpro\Documents\Github\melanoma\imagenes\dataset_balanceado_1200_estructura_original\No melanoma\ISIC_NON_0344.jpg,source,original,c:\Users\elpro\Documents\Github\melanoma\imagenes\IMAGENES DEMARTOLOGICAS\No melanoma\bml2.jpg,0ee4d24aa5bf2e6a0270dc6d37a2a887abc45b714cca954cd4eaa90e72062443
no_melanoma,ISIC_NON_0345.jpg,c:\Users\elpro\Documents\Github\melanoma\imagenes\dataset_balanceado_1200_estructura_original\No melanoma\ISIC_NON_0345.jpg,source,original,c:\Users\elpro\Documents\Github\melanoma\imagenes\IMAGENES DEMARTOLOGICAS\No melanoma\ISIC_0000552.jpg,ee356753534f7b60f97fb02ad3d8da1727dcf09f417c48c5f75578dcfabd16c8
no_melanoma,ISIC_NON_0346.jpg,c:\Users\elpro\Documents\Github\melanoma\imagenes\dataset_balanceado_1200_estructura_original\No melanoma\ISIC_NON_0346.jpg,source,original,c:\Users\elpro\Documents\Github\melanoma\imagenes\IMAGENES DEMARTOLOGICAS\No melanoma\sebks30.jpg,33c47bdef2b8a5fabe39e954f907d5701d24af439e2a2ccbf6b796e4090f023c
no_melanoma,ISIC_NON_0347.jpg,c:\Users\elpro\Documents\Github\melanoma\imagenes\dataset_balanceado_1200_estructura_original\No melanoma\ISIC_NON_0347.jpg,source,original,c:\Users\elpro\Documents\Github\melanoma\imagenes\IMAGENES DEMARTOLOGICAS\No melanoma\hemangioma-type-iv.jpg,1a759875c44cfcf8e9aa7dff9053836c27917182bd5bc8df3965d8708570a959
no_melanoma,ISIC_NON_0348.jpg,c:\Users\elpro\Documents\Github\melanoma\imagenes\dataset_balanceado_1200_estructura_original\No melanoma\ISIC_NON_0348.jpg,source,original,c:\Users\elpro\Documents\Github\melanoma\imagenes\IMAGENES DEMARTOLOGICAS\No melanoma\sebks38.jpg,975bae94bef57ddef32479b136be017579b78f8a5dfc0614b0e2f720f9e65bf8
no_melanoma,ISIC_NON_0349.jpg,c:\Users\elpro\Documents\Github\melanoma\imagenes\dataset_balanceado_1200_estructura_original\No melanoma\ISIC_NON_0349.jpg,source,original,c:\Users\elpro\Documents\Github\melanoma\imagenes\IMAGENES DEMARTOLOGICAS\No melanoma\avm-type-i-2.jpg,f896eaf69d1191a1c83f246f175674e0381fdc2bda9705279d04e3c4e41b408d
no_melanoma,ISIC_NON_0350.jpg,c:\Users\elpro\Documents\Github\melanoma\imagenes\dataset_balanceado_1200_estructura_original\No melanoma\ISIC_NON_0350.jpg,source,original,c:\Users\elpro\Documents\Github\melanoma\imagenes\IMAGENES DEMARTOLOGICAS\No melanoma\istockphoto-1159780581-612x612.jpg,d60bb7582fb11eec9050f60aa045cd7178830b172303f8001d8257a08d00cc04
no_melanoma,ISIC_NON_0351.jpg,c:\Users\elpro\Documents\Github\melanoma\imagenes\dataset_balanceado_1200_estructura_original\No melanoma\ISIC_NON_0351.jpg,source,original,c:\Users\elpro\Documents\Github\melanoma\imagenes\IMAGENES DEMARTOLOGICAS\No melanoma\ISIC_0001127.jpg,344b7b9ad151f2a2fb15fde3a4a6ca8897db272d718fd45eed37fab68145d502
no_melanoma,ISIC_NON_0352.jpg,c:\Users\elpro\Documents\Github\melanoma\imagenes\dataset_balanceado_1200_estructura_original\No melanoma\ISIC_NON_0352.jpg,source,original,c:\Users\elpro\Documents\Github\melanoma\imagenes\IMAGENES DEMARTOLOGICAS\No melanoma\ISIC_0000151.jpg,3da0bcac4932d15126bcb33d1280155b6c1d7b41594612b09985ce47a56531f6
no_melanoma,ISIC_NON_0353.jpg,c:\Users\elpro\Documents\Github\melanoma\imagenes\dataset_balanceado_1200_estructura_original\No melanoma\ISIC_NON_0353.jpg,augmented_from_source,flip_h+rot_180+bright_1.062+contrast_0.993+color_1.018+sharp_1.131+crop_0.902,c:\Users\elpro\Documents\Github\melanoma\imagenes\IMAGENES DEMARTOLOGICAS\No melanoma\ISIC_0000286.jpg,7ff397177bff577320266ad1c897f91d89eb60cadf23dfd004a79b336f3a2e99
no_melanoma,ISIC_NON_0354.jpg,c:\Users\elpro\Documents\Github\melanoma\imagenes\dataset_balanceado_1200_estructura_original\No melanoma\ISIC_NON_0354.jpg,augmented_from_source,rot_90+bright_1.066+contrast_0.937+color_0.939+sharp_0.998+crop_0.951+blur_0.5,c:\Users\elpro\Documents\Github\melanoma\imagenes\IMAGENES DEMARTOLOGICAS\No melanoma\calcinosis-cutis-type-2.png,ab325db65bc727a5e75c2a27104f8774295cfab5cbf53ae806b2be8ab3d8186c
no_melanoma,ISIC_NON_0355.jpg,c:\Users\elpro\Documents\Github\melanoma\imagenes\dataset_balanceado_1200_estructura_original\No melanoma\ISIC_NON_0355.jpg,augmented_from_source,rot_8+bright_0.884+contrast_1.004+color_0.959+sharp_0.979+crop_0.934,c:\Users\elpro\Documents\Github\melanoma\imagenes\IMAGENES DEMARTOLOGICAS\No melanoma\5a.jpg,4272ec40bf656c798143c83a9681308d6e097478e4fc53fcbca46771a4d09c90
no_melanoma,ISIC_NON_0356.jpg,c:\Users\elpro\Documents\Github\melanoma\imagenes\dataset_balanceado_1200_estructura_original\No melanoma\ISIC_NON_0356.jpg,augmented_from_source,flip_h+rot_8+bright_1.114+contrast_0.896+color_1.004+sharp_1.051+crop_0.979,c:\Users\elpro\Documents\Github\melanoma\imagenes\IMAGENES DEMARTOLOGICAS\No melanoma\ISIC_0000399.jpg,3164b7bde93c6c52d4f6b0462336b5e7debf64bed0cdd6d19272b24e94fcd500
no_melanoma,ISIC_NON_0357.jpg,c:\Users\elpro\Documents\Github\melanoma\imagenes\dataset_balanceado_1200_estructura_original\No melanoma\ISIC_NON_0357.jpg,augmented_from_source,flip_h+rot_-8+bright_0.941+contrast_0.884+color_1.046+sharp_1.019+crop_0.959,c:\Users\elpro\Documents\Github\melanoma\imagenes\IMAGENES DEMARTOLOGICAS\No melanoma\3a.jpeg,2ae4f9a7ff4907c80ca849b5e262437ea8cdf5b509ece6a8100e98691ee05511
no_melanoma,ISIC_NON_0358.jpg,c:\Users\elpro\Documents\Github\melanoma\imagenes\dataset_balanceado_1200_estructura_original\No melanoma\ISIC_NON_0358.jpg,augmented_from_source,bright_0.965+contrast_0.961+color_1.023+sharp_1.116+crop_0.955,c:\Users\elpro\Documents\Github\melanoma\imagenes\IMAGENES DEMARTOLOGICAS\No melanoma\ISIC_0000553.jpg,735d6128ce736d382bc513fa3d49796099052d1437a53b63dbe7caa113a2c899
no_melanoma,ISIC_NON_0359.jpg,c:\Users\elpro\Documents\Github\melanoma\imagenes\dataset_balanceado_1200_estructura_original\No melanoma\ISIC_NON_0359.jpg,augmented_from_source,flip_h+rot_5+bright_0.889+contrast_0.928+color_1.047+sharp_1.127+crop_0.925,c:\Users\elpro\Documents\Github\melanoma\imagenes\IMAGENES DEMARTOLOGICAS\No melanoma\ISIC_0000429.jpg,127bf90f68250422897538dc85fcb34d9ffce070129b358cdc63324bbea06c10
no_melanoma,ISIC_NON_0360.jpg,c:\Users\elpro\Documents\Github\melanoma\imagenes\dataset_balanceado_1200_estructura_original\No melanoma\ISIC_NON_0360.jpg,augmented_from_source,bright_1.061+contrast_0.926+color_0.977+sharp_1.106+crop_0.969+blur_0.5,c:\Users\elpro\Documents\Github\melanoma\imagenes\IMAGENES DEMARTOLOGICAS\No melanoma\sebks11.jpg,18f4f03c292cabb4c3ae0a255463caf88a5209bb36480a9e8f1d57d78b4a2ae2
no_melanoma,ISIC_NON_0361.jpg,c:\Users\elpro\Documents\Github\melanoma\imagenes\dataset_balanceado_1200_estructura_original\No melanoma\ISIC_NON_0361.jpg,augmented_from_source,flip_h+rot_5+bright_1.095+contrast_0.973+color_1.076+sharp_1.049+crop_0.940,c:\Users\elpro\Documents\Github\melanoma\imagenes\IMAGENES DEMARTOLOGICAS\No melanoma\ISIC_0001151.jpg,a83867d61c920c5222f333a74769c16cac7d2c232666232c64718b087c344b19
no_melanoma,ISIC_NON_0362.jpg,c:\Users\elpro\Documents\Github\melanoma\imagenes\dataset_balanceado_1200_estructura_original\No melanoma\ISIC_NON_0362.jpg,augmented_from_source,flip_v+rot_12+bright_1.119+contrast_0.923+color_0.967+sharp_0.971+crop_0.926,c:\Users\elpro\Documents\Github\melanoma\imagenes\IMAGENES DEMARTOLOGICAS\No melanoma\sebks55.jpg,e38bb33dbe6549c49f99daa961bffef83c81e8d25893967f32b0cb0e112cbf42
no_melanoma,ISIC_NON_0363.jpg,c:\Users\elpro\Documents\Github\melanoma\imagenes\dataset_balanceado_1200_estructura_original\No melanoma\ISIC_NON_0363.jpg,augmented_from_source,flip_v+rot_5+bright_0.964+contrast_0.890+color_1.059+sharp_1.021+crop_0.980+blur_0.5,c:\Users\elpro\Documents\Github\melanoma\imagenes\IMAGENES DEMARTOLOGICAS\No melanoma\bcc-type-i.jpg,fbb9a2524a8f2b9fe4be67b38e3636ed99b37f7fe4aa30fed980af6118dc837f
no_melanoma,ISIC_NON_0364.jpg,c:\Users\elpro\Documents\Github\melanoma\imagenes\dataset_balanceado_1200_estructura_original\No melanoma\ISIC_NON_0364.jpg,augmented_from_source,rot_180+bright_1.109+contrast_0.914+color_1.017+sharp_1.106+crop_0.903,c:\Users\elpro\Documents\Github\melanoma\imagenes\IMAGENES DEMARTOLOGICAS\No melanoma\calcinosis-cutis-type-4-2.png,d6b0edaad5f7e1742c1d2b6016b9ef0b1b5dca3271fd6a92ac5eaa134ef8b26d
no_melanoma,ISIC_NON_0365.jpg,c:\Users\elpro\Documents\Github\melanoma\imagenes\dataset_balanceado_1200_estructura_original\No melanoma\ISIC_NON_0365.jpg,augmented_from_source,flip_h+rot_12+bright_0.888+contrast_0.917+color_0.992+sharp_1.024+crop_0.936,c:\Users\elpro\Documents\Github\melanoma\imagenes\IMAGENES DEMARTOLOGICAS\No melanoma\sebks12.jpg,ed838469e2aa89eff2a4e304ddaaf0b4394bad5ef4bbe269263a0e17f0c92f5d
no_melanoma,ISIC_NON_0366.jpg,c:\Users\elpro\Documents\Github\melanoma\imagenes\dataset_balanceado_1200_estructura_original\No melanoma\ISIC_NON_0366.jpg,augmented_from_source,flip_h+rot_270+bright_1.111+contrast_0.886+color_0.950+sharp_1.054+crop_0.973,c:\Users\elpro\Documents\Github\melanoma\imagenes\IMAGENES DEMARTOLOGICAS\No melanoma\sebks49.jpg,8b2029cd10e0ea71410e6f397a9682518a41df3e023fb35ea4dd80a1c9baa2ed
no_melanoma,ISIC_NON_0367.jpg,c:\Users\elpro\Documents\Github\melanoma\imagenes\dataset_balanceado_1200_estructura_original\No melanoma\ISIC_NON_0367.jpg,augmented_from_source,flip_v+rot_12+bright_0.949+contrast_1.100+color_0.999+sharp_0.975+crop_0.968,c:\Users\elpro\Documents\Github\melanoma\imagenes\IMAGENES DEMARTOLOGICAS\No melanoma\ISIC_0001126.jpg,ff5e0d3926be0f9f761bff8bb9c9000d0e9e754603758580d1587c8f9e8847b6
no_melanoma,ISIC_NON_0368.jpg,c:\Users\elpro\Documents\Github\melanoma\imagenes\dataset_balanceado_1200_estructura_original\No melanoma\ISIC_NON_0368.jpg,augmented_from_source,flip_h+flip_v+rot_-8+bright_1.040+contrast_1.050+color_1.008+sharp_1.008+crop_0.924,c:\Users\elpro\Documents\Github\melanoma\imagenes\IMAGENES DEMARTOLOGICAS\No melanoma\ISIC_0000432.jpg,47f11fb202b57f28df77fd6125c578f121a3f3bc1ee336b1a01c6e538d0fb508
no_melanoma,ISIC_NON_0369.jpg,c:\Users\elpro\Documents\Github\melanoma\imagenes\dataset_balanceado_1200_estructura_original\No melanoma\ISIC_NON_0369.jpg,augmented_from_source,flip_h+flip_v+rot_270+bright_1.070+contrast_0.937+color_0.999+sharp_1.022+crop_0.946+blur_0.5,c:\Users\elpro\Documents\Github\melanoma\imagenes\IMAGENES DEMARTOLOGICAS\No melanoma\5b.jpeg,0197d816d276c080a92f417fb11621f956d7bb206faf7d271a808aa06f088cc0
no_melanoma,ISIC_NON_0370.jpg,c:\Users\elpro\Documents\Github\melanoma\imagenes\dataset_balanceado_1200_estructura_original\No melanoma\ISIC_NON_0370.jpg,augmented_from_source,flip_v+rot_-5+bright_1.120+contrast_1.053+color_1.004+sharp_1.104+crop_0.966,c:\Users\elpro\Documents\Github\melanoma\imagenes\IMAGENES DEMARTOLOGICAS\No melanoma\ISIC_0001143.jpg,c273c78d4dd892147dce9fd1d028bc5e92dff78b243f2d86f8b6942a801d0a8c
no_melanoma,ISIC_NON_0371.jpg,c:\Users\elpro\Documents\Github\melanoma\imagenes\dataset_balanceado_1200_estructura_original\No melanoma\ISIC_NON_0371.jpg,augmented_from_source,rot_8+bright_0.963+contrast_1.091+color_1.045+sharp_1.078+crop_0.915,c:\Users\elpro\Documents\Github\melanoma\imagenes\IMAGENES DEMARTOLOGICAS\No melanoma\ISIC_0001116.jpg,012784d52b0be179830cbd53f43505fc369458cb7905ae7cbc8400ec2412742c
no_melanoma,ISIC_NON_0372.jpg,c:\Users\elpro\Documents\Github\melanoma\imagenes\dataset_balanceado_1200_estructura_original\No melanoma\ISIC_NON_0372.jpg,augmented_from_source,rot_8+bright_0.917+contrast_0.920+color_0.972+sharp_1.092+crop_0.928,c:\Users\elpro\Documents\Github\melanoma\imagenes\IMAGENES DEMARTOLOGICAS\No melanoma\ISIC_0001124.jpg,4291f905e858a4b29312b68ecf0d882a8d60c7d4c178ccf52b638393d5dee302
no_melanoma,ISIC_NON_0373.jpg,c:\Users\elpro\Documents\Github\melanoma\imagenes\dataset_balanceado_1200_estructura_original\No melanoma\ISIC_NON_0373.jpg,augmented_from_source,flip_h+rot_8+bright_0.946+contrast_1.030+color_1.018+sharp_0.969+crop_0.951,c:\Users\elpro\Documents\Github\melanoma\imagenes\IMAGENES DEMARTOLOGICAS\No melanoma\ISIC_0000162.jpg,6fc6c5560a75316ca3cd916cf2b685290a98ff53dee2ba62e19869e7c57a1863
no_melanoma,ISIC_NON_0374.jpg,c:\Users\elpro\Documents\Github\melanoma\imagenes\dataset_balanceado_1200_estructura_original\No melanoma\ISIC_NON_0374.jpg,augmented_from_source,rot_-8+bright_1.082+contrast_1.015+color_1.052+sharp_0.956+crop_0.904,c:\Users\elpro\Documents\Github\melanoma\imagenes\IMAGENES DEMARTOLOGICAS\No melanoma\ISIC_0000517.jpg,921bab0508871a1950753b52e2c81fccf4c89a8a346017581c6a9a868b5db6a3
no_melanoma,ISIC_NON_0375.jpg,c:\Users\elpro\Documents\Github\melanoma\imagenes\dataset_balanceado_1200_estructura_original\No melanoma\ISIC_NON_0375.jpg,augmented_from_source,flip_h+rot_12+bright_1.033+contrast_1.000+color_1.020+sharp_1.008+crop_0.977,c:\Users\elpro\Documents\Github\melanoma\imagenes\IMAGENES DEMARTOLOGICAS\No melanoma\sebks27.jpg,51bf314944128cbd0d43062cb5b5c5d50af321be35a0b1c759b5c9a6b3abe89b
no_melanoma,ISIC_NON_0376.jpg,c:\Users\elpro\Documents\Github\melanoma\imagenes\dataset_balanceado_1200_estructura_original\No melanoma\ISIC_NON_0376.jpg,augmented_from_source,rot_90+bright_1.045+contrast_0.918+color_0.986+sharp_1.043+crop_0.927,c:\Users\elpro\Documents\Github\melanoma\imagenes\IMAGENES DEMARTOLOGICAS\No melanoma\sebks58.jpg,e724e372b5e1fdd207c52e7308d0b59d7e61be850f3378c8fe606f861b860ca7
no_melanoma,ISIC_NON_0377.jpg,c:\Users\elpro\Documents\Github\melanoma\imagenes\dataset_balanceado_1200_estructura_original\No melanoma\ISIC_NON_0377.jpg,augmented_from_source,flip_h+rot_-8+bright_1.114+contrast_0.911+color_0.979+sharp_1.062+crop_0.926,c:\Users\elpro\Documents\Github\melanoma\imagenes\IMAGENES DEMARTOLOGICAS\No melanoma\sebks42.jpg,a9d012d606de82550df49a57ca1e09902e2921459c01d0e99f487c96d6679cfa
no_melanoma,ISIC_NON_0378.jpg,c:\Users\elpro\Documents\Github\melanoma\imagenes\dataset_balanceado_1200_estructura_original\No melanoma\ISIC_NON_0378.jpg,augmented_from_source,flip_h+flip_v+rot_-12+bright_1.107+contrast_1.087+color_0.987+sharp_1.143+crop_0.972,c:\Users\elpro\Documents\Github\melanoma\imagenes\IMAGENES DEMARTOLOGICAS\No melanoma\acne-type-v-2.jpg,442fc5cfeaab8afed441b8835c73185a4a9482a2fbcf25b6141e4712ada8ed25
no_melanoma,ISIC_NON_0379.jpg,c:\Users\elpro\Documents\Github\melanoma\imagenes\dataset_balanceado_1200_estructura_original\No melanoma\ISIC_NON_0379.jpg,augmented_from_source,flip_v+rot_180+bright_1.000+contrast_1.004+color_1.000+sharp_1.012+crop_0.902,c:\Users\elpro\Documents\Github\melanoma\imagenes\IMAGENES DEMARTOLOGICAS\No melanoma\ISIC_0001125.jpg,79e8755f2b01b537274d5f17ae5db3ef3af6b7e78322c08b7836fc1f1ff24866
no_melanoma,ISIC_NON_0380.jpg,c:\Users\elpro\Documents\Github\melanoma\imagenes\dataset_balanceado_1200_estructura_original\No melanoma\ISIC_NON_0380.jpg,augmented_from_source,flip_h+bright_0.948+contrast_1.023+color_1.055+sharp_1.085+crop_0.923+blur_0.5,c:\Users\elpro\Documents\Github\melanoma\imagenes\IMAGENES DEMARTOLOGICAS\No melanoma\avm-type-1-fix.jpg,d1917ed424f4701a64dc2f3ea95e59b7594018d81e88b4eb116876f8c2a424ad
no_melanoma,ISIC_NON_0381.jpg,c:\Users\elpro\Documents\Github\melanoma\imagenes\dataset_balanceado_1200_estructura_original\No melanoma\ISIC_NON_0381.jpg,augmented_from_source,flip_h+rot_-8+bright_1.063+contrast_0.968+color_0.984+sharp_1.064+crop_0.916+blur_0.5,c:\Users\elpro\Documents\Github\melanoma\imagenes\IMAGENES DEMARTOLOGICAS\No melanoma\ISIC_0001149.jpg,39482b33084aafcae7287a538ef9b0b5f96d689b614b425e55f4d86e4757cd98
no_melanoma,ISIC_NON_0382.jpg,c:\Users\elpro\Documents\Github\melanoma\imagenes\dataset_balanceado_1200_estructura_original\No melanoma\ISIC_NON_0382.jpg,augmented_from_source,rot_-12+bright_1.078+contrast_1.030+color_1.018+sharp_0.976+crop_0.908,c:\Users\elpro\Documents\Github\melanoma\imagenes\IMAGENES DEMARTOLOGICAS\No melanoma\ISIC_0000395.jpg,23636a683fc340591c50a7c9fc0946ac59c09f3519e24c70c5f99cd497f4f1b4
no_melanoma,ISIC_NON_0383.jpg,c:\Users\elpro\Documents\Github\melanoma\imagenes\dataset_balanceado_1200_estructura_original\No melanoma\ISIC_NON_0383.jpg,augmented_from_source,rot_180+bright_0.928+contrast_1.002+color_1.000+sharp_0.959+crop_0.911,c:\Users\elpro\Documents\Github\melanoma\imagenes\IMAGENES DEMARTOLOGICAS\No melanoma\ISIC_0000142.jpg,3fe64e48556145492c1ff37c36a38abaefb8dc6b9f304201e9ef2a25fc0b46d4
no_melanoma,ISIC_NON_0384.jpg,c:\Users\elpro\Documents\Github\melanoma\imagenes\dataset_balanceado_1200_estructura_original\No melanoma\ISIC_NON_0384.jpg,augmented_from_source,flip_h+rot_180+bright_0.959+contrast_1.027+color_0.946+sharp_1.148+crop_0.959,c:\Users\elpro\Documents\Github\melanoma\imagenes\IMAGENES DEMARTOLOGICAS\No melanoma\ISIC_0000404.jpg,34d4fd6303f90baeb04774012b340fcc7aff2ea6a79b701f7d900cad12d8904d
no_melanoma,ISIC_NON_0385.jpg,c:\Users\elpro\Documents\Github\melanoma\imagenes\dataset_balanceado_1200_estructura_original\No melanoma\ISIC_NON_0385.jpg,augmented_from_source,rot_12+bright_0.952+contrast_1.076+color_0.979+sharp_1.085+crop_0.978,c:\Users\elpro\Documents\Github\melanoma\imagenes\IMAGENES DEMARTOLOGICAS\No melanoma\ISIC_0000531.jpg,062d6585dc1f71ef1eb6e26bd8f53fc4c7933751cf1c48fd49ead8a6cecf9460
no_melanoma,ISIC_NON_0386.jpg,c:\Users\elpro\Documents\Github\melanoma\imagenes\dataset_balanceado_1200_estructura_original\No melanoma\ISIC_NON_0386.jpg,augmented_from_source,bright_1.023+contrast_0.944+color_1.025+sharp_1.144+crop_0.946,c:\Users\elpro\Documents\Github\melanoma\imagenes\IMAGENES DEMARTOLOGICAS\No melanoma\istockphoto-645778074-612x612.jpg,ec99acde9f1bc42985009a30a4289aa89e05347bcbb768864ad530a75e1da074
no_melanoma,ISIC_NON_0387.jpg,c:\Users\elpro\Documents\Github\melanoma\imagenes\dataset_balanceado_1200_estructura_original\No melanoma\ISIC_NON_0387.jpg,augmented_from_source,flip_h+rot_12+bright_1.066+contrast_0.971+color_1.051+sharp_0.998+crop_0.946+blur_0.5,c:\Users\elpro\Documents\Github\melanoma\imagenes\IMAGENES DEMARTOLOGICAS\No melanoma\4a (1).jpg,05a7cf10aea472a5de0101cbdeb948138c042e5cca60a80f73eb0d0c7dfb8c07
no_melanoma,ISIC_NON_0388.jpg,c:\Users\elpro\Documents\Github\melanoma\imagenes\dataset_balanceado_1200_estructura_original\No melanoma\ISIC_NON_0388.jpg,augmented_from_source,flip_h+flip_v+rot_270+bright_0.978+contrast_1.066+color_1.067+sharp_1.125+crop_0.959,c:\Users\elpro\Documents\Github\melanoma\imagenes\IMAGENES DEMARTOLOGICAS\No melanoma\ISIC_0000154.jpg,fc25a3f333dd2407e82516dc24970eab034d5f2617d0c6db61aaf98bdd031101
no_melanoma,ISIC_NON_0389.jpg,c:\Users\elpro\Documents\Github\melanoma\imagenes\dataset_balanceado_1200_estructura_original\No melanoma\ISIC_NON_0389.jpg,augmented_from_source,rot_5+bright_1.006+contrast_0.955+color_0.948+sharp_1.132+crop_0.927,c:\Users\elpro\Documents\Github\melanoma\imagenes\IMAGENES DEMARTOLOGICAS\No melanoma\ISIC_0000078.jpg,297242a1a6da3825479c3652ae0b912ca9a04610558ddd1e225bcd6a3a3d3d39
no_melanoma,ISIC_NON_0390.jpg,c:\Users\elpro\Documents\Github\melanoma\imagenes\dataset_balanceado_1200_estructura_original\No melanoma\ISIC_NON_0390.jpg,augmented_from_source,flip_h+rot_270+bright_0.947+contrast_0.952+color_1.071+sharp_1.146+crop_0.962,c:\Users\elpro\Documents\Github\melanoma\imagenes\IMAGENES DEMARTOLOGICAS\No melanoma\sebks21.jpg,7984c33e9019d6b3756d9be5953e0925f9a14f77b7a60771788eb3afb2c014f1
no_melanoma,ISIC_NON_0391.jpg,c:\Users\elpro\Documents\Github\melanoma\imagenes\dataset_balanceado_1200_estructura_original\No melanoma\ISIC_NON_0391.jpg,augmented_from_source,flip_h+rot_8+bright_1.104+contrast_1.071+color_0.964+sharp_0.974+crop_0.954,c:\Users\elpro\Documents\Github\melanoma\imagenes\IMAGENES DEMARTOLOGICAS\No melanoma\4a.jpg,f4c232dc04e31ee951b9aba161b7766c8934168b42bf6dcb34957e155f097163
no_melanoma,ISIC_NON_0392.jpg,c:\Users\elpro\Documents\Github\melanoma\imagenes\dataset_balanceado_1200_estructura_original\No melanoma\ISIC_NON_0392.jpg,augmented_from_source,rot_-12+bright_0.890+contrast_1.109+color_0.933+sharp_1.135+crop_0.952,c:\Users\elpro\Documents\Github\melanoma\imagenes\IMAGENES DEMARTOLOGICAS\No melanoma\hemangioma-type1-1.jpg,f055982188e79a4fb81345c83dc9a660c461b77575da9847cf87a0adb1c39e01
no_melanoma,ISIC_NON_0393.jpg,c:\Users\elpro\Documents\Github\melanoma\imagenes\dataset_balanceado_1200_estructura_original\No melanoma\ISIC_NON_0393.jpg,augmented_from_source,rot_8+bright_1.047+contrast_0.913+color_1.019+sharp_1.067+crop_0.919,c:\Users\elpro\Documents\Github\melanoma\imagenes\IMAGENES DEMARTOLOGICAS\No melanoma\sebks50.jpg,0673ba78387308d1c76eb13f31a34bfd45454c76457ac38970c4a31d9d9a81c0
no_melanoma,ISIC_NON_0394.jpg,c:\Users\elpro\Documents\Github\melanoma\imagenes\dataset_balanceado_1200_estructura_original\No melanoma\ISIC_NON_0394.jpg,augmented_from_source,flip_h+flip_v+rot_-8+bright_1.052+contrast_0.904+color_1.043+sharp_0.951+crop_0.944,c:\Users\elpro\Documents\Github\melanoma\imagenes\IMAGENES DEMARTOLOGICAS\No melanoma\alopecia-areata-type-4-2.png,576a583802a65c76538bd60efc256f00b16827fb38eee72a9850818d3d91ea1e
no_melanoma,ISIC_NON_0395.jpg,c:\Users\elpro\Documents\Github\melanoma\imagenes\dataset_balanceado_1200_estructura_original\No melanoma\ISIC_NON_0395.jpg,augmented_from_source,rot_270+bright_1.061+contrast_0.949+color_0.966+sharp_0.962+crop_0.961,c:\Users\elpro\Documents\Github\melanoma\imagenes\IMAGENES DEMARTOLOGICAS\No melanoma\ISIC_0000412.jpg,6520786e7d914d97951692b3078dddae5d15c78154d4a5ce0503ec7277cad3b8
no_melanoma,ISIC_NON_0396.jpg,c:\Users\elpro\Documents\Github\melanoma\imagenes\dataset_balanceado_1200_estructura_original\No melanoma\ISIC_NON_0396.jpg,augmented_from_source,bright_1.099+contrast_0.922+color_1.061+sharp_0.985+crop_0.974,c:\Users\elpro\Documents\Github\melanoma\imagenes\IMAGENES DEMARTOLOGICAS\No melanoma\istockphoto-867129572-612x612.jpg,d17b5ece740ab233866a35397a49fb7306f654049e9afb2ac9f2f5dfd82ab564
no_melanoma,ISIC_NON_0397.jpg,c:\Users\elpro\Documents\Github\melanoma\imagenes\dataset_balanceado_1200_estructura_original\No melanoma\ISIC_NON_0397.jpg,augmented_from_source,rot_-12+bright_1.090+contrast_0.882+color_1.011+sharp_0.971+crop_0.979,c:\Users\elpro\Documents\Github\melanoma\imagenes\IMAGENES DEMARTOLOGICAS\No melanoma\ISIC_0000171.jpg,e28d38359477b7f6776dd6965810c1b97a9479426bbcae80b537a1644bc27700
no_melanoma,ISIC_NON_0398.jpg,c:\Users\elpro\Documents\Github\melanoma\imagenes\dataset_balanceado_1200_estructura_original\No melanoma\ISIC_NON_0398.jpg,augmented_from_source,rot_180+bright_1.084+contrast_0.992+color_0.951+sharp_0.973+crop_0.913,c:\Users\elpro\Documents\Github\melanoma\imagenes\IMAGENES DEMARTOLOGICAS\No melanoma\sebks17.jpg,199419ebc141eea59c8d7007737841c49a185a4748559f711946dd77d44d7f78
no_melanoma,ISIC_NON_0399.jpg,c:\Users\elpro\Documents\Github\melanoma\imagenes\dataset_balanceado_1200_estructura_original\No melanoma\ISIC_NON_0399.jpg,augmented_from_source,flip_h+rot_-12+bright_1.016+contrast_1.062+color_0.948+sharp_1.121+crop_0.972,c:\Users\elpro\Documents\Github\melanoma\imagenes\IMAGENES DEMARTOLOGICAS\No melanoma\ISIC_0000298.jpg,19183f5b857ffdd4872dfd7ecd44e12990de7303cc0fc83a3bb8ef81d68237a2
no_melanoma,ISIC_NON_0400.jpg,c:\Users\elpro\Documents\Github\melanoma\imagenes\dataset_balanceado_1200_estructura_original\No melanoma\ISIC_NON_0400.jpg,augmented_from_source,flip_h+flip_v+rot_180+bright_0.995+contrast_1.105+color_0.921+sharp_1.027+crop_0.936,c:\Users\elpro\Documents\Github\melanoma\imagenes\IMAGENES DEMARTOLOGICAS\No melanoma\sebks56.jpg,45348677ba9a57a83a34c3812f657aa196a10da72560c27ec7645af979334ef7
no_melanoma,ISIC_NON_0401.jpg,c:\Users\elpro\Documents\Github\melanoma\imagenes\dataset_balanceado_1200_estructura_original\No melanoma\ISIC_NON_0401.jpg,augmented_from_source,flip_v+rot_-8+bright_1.046+contrast_0.895+color_0.939+sharp_1.011+crop_0.932,c:\Users\elpro\Documents\Github\melanoma\imagenes\IMAGENES DEMARTOLOGICAS\No melanoma\sebks61.jpg,879a821e4e38fae7090fee57e1857222d10571f98d1ffcf33089785ecf095a69
no_melanoma,ISIC_NON_0402.jpg,c:\Users\elpro\Documents\Github\melanoma\imagenes\dataset_balanceado_1200_estructura_original\No melanoma\ISIC_NON_0402.jpg,augmented_from_source,rot_-8+bright_1.028+contrast_0.933+color_0.941+sharp_0.981+crop_0.960,c:\Users\elpro\Documents\Github\melanoma\imagenes\IMAGENES DEMARTOLOGICAS\No melanoma\ISIC_0000390.jpg,ad9e79b246d99fbf2739250503f4090644a46297ef76112cdc79ec286e5e4226
no_melanoma,ISIC_NON_0403.jpg,c:\Users\elpro\Documents\Github\melanoma\imagenes\dataset_balanceado_1200_estructura_original\No melanoma\ISIC_NON_0403.jpg,augmented_from_source,rot_8+bright_1.072+contrast_1.078+color_1.042+sharp_1.086+crop_0.948,c:\Users\elpro\Documents\Github\melanoma\imagenes\IMAGENES DEMARTOLOGICAS\No melanoma\2b.jpeg,3c3d312235993d400321a6b326c4e0598f7147d008158daace1a578d3fa1581d
no_melanoma,ISIC_NON_0404.jpg,c:\Users\elpro\Documents\Github\melanoma\imagenes\dataset_balanceado_1200_estructura_original\No melanoma\ISIC_NON_0404.jpg,augmented_from_source,rot_12+bright_0.907+contrast_1.079+color_1.064+sharp_0.990+crop_0.943,c:\Users\elpro\Documents\Github\melanoma\imagenes\IMAGENES DEMARTOLOGICAS\No melanoma\ISIC_0000519.jpg,6c264918c6621d0b20ff844e2571619b52424b74ef9a22494089c5180e92c842
no_melanoma,ISIC_NON_0405.jpg,c:\Users\elpro\Documents\Github\melanoma\imagenes\dataset_balanceado_1200_estructura_original\No melanoma\ISIC_NON_0405.jpg,augmented_from_source,flip_h+rot_12+bright_0.997+contrast_1.096+color_0.991+sharp_0.961+crop_0.911,c:\Users\elpro\Documents\Github\melanoma\imagenes\IMAGENES DEMARTOLOGICAS\No melanoma\acne-type-vi.jpg,370edb3c7aa3b0b9ef874df69f2fb5b5970c7d91cb9f4d785d72f073ea23085a
no_melanoma,ISIC_NON_0406.jpg,c:\Users\elpro\Documents\Github\melanoma\imagenes\dataset_balanceado_1200_estructura_original\No melanoma\ISIC_NON_0406.jpg,augmented_from_source,rot_-12+bright_1.054+contrast_0.975+color_1.051+sharp_1.099+crop_0.946,c:\Users\elpro\Documents\Github\melanoma\imagenes\IMAGENES DEMARTOLOGICAS\No melanoma\istockphoto-2131956735-612x612.jpg,6aab1b12ce8fab62ab63f6d84b18122cf7551457c1be6c182db5bd0795893eaf
no_melanoma,ISIC_NON_0407.jpg,c:\Users\elpro\Documents\Github\melanoma\imagenes\dataset_balanceado_1200_estructura_original\No melanoma\ISIC_NON_0407.jpg,augmented_from_source,flip_h+rot_90+bright_1.117+contrast_0.993+color_0.966+sharp_0.986+crop_0.911,c:\Users\elpro\Documents\Github\melanoma\imagenes\IMAGENES DEMARTOLOGICAS\No melanoma\istockphoto-1203970435-612x612.jpg,bb551f4f64a00c14e6980042e7bd7b161eb199f4dbd2a7a8637ce36baef8acef
no_melanoma,ISIC_NON_0408.jpg,c:\Users\elpro\Documents\Github\melanoma\imagenes\dataset_balanceado_1200_estructura_original\No melanoma\ISIC_NON_0408.jpg,augmented_from_source,rot_-5+bright_0.970+contrast_1.044+color_1.026+sharp_1.058+crop_0.952,c:\Users\elpro\Documents\Github\melanoma\imagenes\IMAGENES DEMARTOLOGICAS\No melanoma\sebks35.jpg,26c30c3be8fbaecde5368f13f3e914bb7ed8d0d3a62eeebd353a5786d177591d
no_melanoma,ISIC_NON_0409.jpg,c:\Users\elpro\Documents\Github\melanoma\imagenes\dataset_balanceado_1200_estructura_original\No melanoma\ISIC_NON_0409.jpg,augmented_from_source,rot_270+bright_1.080+contrast_1.061+color_1.077+sharp_1.043+crop_0.958,c:\Users\elpro\Documents\Github\melanoma\imagenes\IMAGENES DEMARTOLOGICAS\No melanoma\ISIC_0001100.jpg,d22b708260da03e668db7cf8a902fbb614dd7dd93b135856565202cb4a8608b4
no_melanoma,ISIC_NON_0410.jpg,c:\Users\elpro\Documents\Github\melanoma\imagenes\dataset_balanceado_1200_estructura_original\No melanoma\ISIC_NON_0410.jpg,augmented_from_source,flip_h+rot_180+bright_0.946+contrast_1.105+color_1.036+sharp_0.973+crop_0.965,c:\Users\elpro\Documents\Github\melanoma\imagenes\IMAGENES DEMARTOLOGICAS\No melanoma\ISIC_0000434.jpg,95a306d3ad857c10441da805d275e9e3db3eb2410e2ef54693f3b2219024d8f3
no_melanoma,ISIC_NON_0411.jpg,c:\Users\elpro\Documents\Github\melanoma\imagenes\dataset_balanceado_1200_estructura_original\No melanoma\ISIC_NON_0411.jpg,augmented_from_source,flip_v+rot_270+bright_0.896+contrast_1.023+color_0.991+sharp_1.084+crop_0.970+blur_0.5,c:\Users\elpro\Documents\Github\melanoma\imagenes\IMAGENES DEMARTOLOGICAS\No melanoma\ISIC_0000287.jpg,258d0bdc41229bf3a623708e2788e418cf3b59ea98fef9fa23ffa825d71845f7
no_melanoma,ISIC_NON_0412.jpg,c:\Users\elpro\Documents\Github\melanoma\imagenes\dataset_balanceado_1200_estructura_original\No melanoma\ISIC_NON_0412.jpg,augmented_from_source,flip_h+bright_0.914+contrast_1.118+color_0.957+sharp_1.133+crop_0.946,c:\Users\elpro\Documents\Github\melanoma\imagenes\IMAGENES DEMARTOLOGICAS\No melanoma\ISIC_0000277.jpg,3454876866168abea61368f3ead6bff9e322d6ff1fcafd611878501da9719b27
no_melanoma,ISIC_NON_0413.jpg,c:\Users\elpro\Documents\Github\melanoma\imagenes\dataset_balanceado_1200_estructura_original\No melanoma\ISIC_NON_0413.jpg,augmented_from_source,flip_v+rot_180+bright_1.117+contrast_1.005+color_0.986+sharp_1.005+crop_0.945,c:\Users\elpro\Documents\Github\melanoma\imagenes\IMAGENES DEMARTOLOGICAS\No melanoma\ISIC_0001133.jpg,c9ef91a63b84a1bde5b3c898c1364f48107243dea2b9da3f00900143e69defa3
no_melanoma,ISIC_NON_0414.jpg,c:\Users\elpro\Documents\Github\melanoma\imagenes\dataset_balanceado_1200_estructura_original\No melanoma\ISIC_NON_0414.jpg,augmented_from_source,flip_h+rot_-8+bright_1.106+contrast_1.041+color_1.046+sharp_1.014+crop_0.933,c:\Users\elpro\Documents\Github\melanoma\imagenes\IMAGENES DEMARTOLOGICAS\No melanoma\ISIC_0001103.jpg,1a013ddc24dd3733a350689a534982e387806e8fe4dc4e3203604afd4af59465
no_melanoma,ISIC_NON_0415.jpg,c:\Users\elpro\Documents\Github\melanoma\imagenes\dataset_balanceado_1200_estructura_original\No melanoma\ISIC_NON_0415.jpg,augmented_from_source,rot_270+bright_0.952+contrast_1.050+color_1.049+sharp_1.133+crop_0.945,c:\Users\elpro\Documents\Github\melanoma\imagenes\IMAGENES DEMARTOLOGICAS\No melanoma\ISIC_0000466.jpg,832798ea773cdce340d23b17938df2487c01e1bc66c0dcbfc96df261a58a5735
no_melanoma,ISIC_NON_0416.jpg,c:\Users\elpro\Documents\Github\melanoma\imagenes\dataset_balanceado_1200_estructura_original\No melanoma\ISIC_NON_0416.jpg,augmented_from_source,flip_h+rot_-8+bright_1.035+contrast_1.101+color_1.056+sharp_0.968+crop_0.958,c:\Users\elpro\Documents\Github\melanoma\imagenes\IMAGENES DEMARTOLOGICAS\No melanoma\ISIC_0000157.jpg,2a54058abc10cc625aa052568f2816b2c6be7fd33f0d1a0af30c9edadbee73b8
no_melanoma,ISIC_NON_0417.jpg,c:\Users\elpro\Documents\Github\melanoma\imagenes\dataset_balanceado_1200_estructura_original\No melanoma\ISIC_NON_0417.jpg,augmented_from_source,rot_90+bright_0.925+contrast_1.063+color_1.036+sharp_1.062+crop_0.938,c:\Users\elpro\Documents\Github\melanoma\imagenes\IMAGENES DEMARTOLOGICAS\No melanoma\calcinosis-cutis-type-5-2.png,99fe7ef823414c3ee22a5ce9cdae3577724d8d02204095bc370d3f8595436976
no_melanoma,ISIC_NON_0418.jpg,c:\Users\elpro\Documents\Github\melanoma\imagenes\dataset_balanceado_1200_estructura_original\No melanoma\ISIC_NON_0418.jpg,augmented_from_source,flip_v+rot_270+bright_1.111+contrast_0.908+color_1.080+sharp_1.046+crop_0.919,c:\Users\elpro\Documents\Github\melanoma\imagenes\IMAGENES DEMARTOLOGICAS\No melanoma\sebks32.jpg,f9abe19343fcd0ee26880e0c993981e298f2a78a1fcc84e3dd6f24165e91b16b
no_melanoma,ISIC_NON_0419.jpg,c:\Users\elpro\Documents\Github\melanoma\imagenes\dataset_balanceado_1200_estructura_original\No melanoma\ISIC_NON_0419.jpg,augmented_from_source,flip_h+rot_-12+bright_0.971+contrast_1.008+color_0.977+sharp_1.002+crop_0.941+blur_0.5,c:\Users\elpro\Documents\Github\melanoma\imagenes\IMAGENES DEMARTOLOGICAS\No melanoma\ISIC_0001132.jpg,180ccf29344afc379b40fbe50106215a21a192afede42a95413be1e9bc12a8fc
no_melanoma,ISIC_NON_0420.jpg,c:\Users\elpro\Documents\Github\melanoma\imagenes\dataset_balanceado_1200_estructura_original\No melanoma\ISIC_NON_0420.jpg,augmented_from_source,rot_-8+bright_1.099+contrast_0.969+color_0.986+sharp_1.063+crop_0.918,c:\Users\elpro\Documents\Github\melanoma\imagenes\IMAGENES DEMARTOLOGICAS\No melanoma\sebks54.jpg,97e56a115a559379dfe72934254f03c351aee801ef57924dfc7a5fbd113ba310
no_melanoma,ISIC_NON_0421.jpg,c:\Users\elpro\Documents\Github\melanoma\imagenes\dataset_balanceado_1200_estructura_original\No melanoma\ISIC_NON_0421.jpg,augmented_from_source,rot_-5+bright_0.951+contrast_0.927+color_0.957+sharp_1.064+crop_0.920,c:\Users\elpro\Documents\Github\melanoma\imagenes\IMAGENES DEMARTOLOGICAS\No melanoma\impetigo-type-vi.jpg,268319c4be94e3b0b78612445f9793f00faf92de458265f434c954c50f4b2452
no_melanoma,ISIC_NON_0422.jpg,c:\Users\elpro\Documents\Github\melanoma\imagenes\dataset_balanceado_1200_estructura_original\No melanoma\ISIC_NON_0422.jpg,augmented_from_source,rot_5+bright_0.991+contrast_1.056+color_0.976+sharp_0.978+crop_0.944,c:\Users\elpro\Documents\Github\melanoma\imagenes\IMAGENES DEMARTOLOGICAS\No melanoma\ISIC_0000004.jpg,0536889aef8dc35813d27d25bb00ffe903972417c73b0e8ed66dd7fea7c85751
no_melanoma,ISIC_NON_0423.jpg,c:\Users\elpro\Documents\Github\melanoma\imagenes\dataset_balanceado_1200_estructura_original\No melanoma\ISIC_NON_0423.jpg,augmented_from_source,rot_90+bright_1.107+contrast_1.040+color_1.042+sharp_1.032+crop_0.967,c:\Users\elpro\Documents\Github\melanoma\imagenes\IMAGENES DEMARTOLOGICAS\No melanoma\hemangioma-type5-1.jpg,df56c81a5d957131af80845d1a3e58a721183f436168b98fbdc03298df6d2fee
no_melanoma,ISIC_NON_0424.jpg,c:\Users\elpro\Documents\Github\melanoma\imagenes\dataset_balanceado_1200_estructura_original\No melanoma\ISIC_NON_0424.jpg,augmented_from_source,flip_h+rot_-8+bright_0.895+contrast_1.033+color_1.069+sharp_1.133+crop_0.953,c:\Users\elpro\Documents\Github\melanoma\imagenes\IMAGENES DEMARTOLOGICAS\No melanoma\ISIC_0000148.jpg,70e0d7d09acba03b0b036053bb8d44eca75b69220df443ee1f6040259df69538
no_melanoma,ISIC_NON_0425.jpg,c:\Users\elpro\Documents\Github\melanoma\imagenes\dataset_balanceado_1200_estructura_original\No melanoma\ISIC_NON_0425.jpg,augmented_from_source,flip_h+flip_v+rot_-12+bright_1.009+contrast_0.949+color_1.000+sharp_1.090+crop_0.934,c:\Users\elpro\Documents\Github\melanoma\imagenes\IMAGENES DEMARTOLOGICAS\No melanoma\sebks34.jpg,e1d22068aefd27800c0967dd39366fd5b5346a8ed83a0b81cb290a5bad286149
no_melanoma,ISIC_NON_0426.jpg,c:\Users\elpro\Documents\Github\melanoma\imagenes\dataset_balanceado_1200_estructura_original\No melanoma\ISIC_NON_0426.jpg,augmented_from_source,flip_v+rot_12+bright_1.006+contrast_1.076+color_0.963+sharp_1.029+crop_0.930,c:\Users\elpro\Documents\Github\melanoma\imagenes\IMAGENES DEMARTOLOGICAS\No melanoma\ISIC_0000147.jpg,764aa2d3c13e3e7c11bbeb6f4bd7c64e6f2f436bfd8e85790f634a59b6def485
no_melanoma,ISIC_NON_0427.jpg,c:\Users\elpro\Documents\Github\melanoma\imagenes\dataset_balanceado_1200_estructura_original\No melanoma\ISIC_NON_0427.jpg,augmented_from_source,flip_v+rot_90+bright_1.037+contrast_1.086+color_1.042+sharp_0.969+crop_0.930+blur_0.5,c:\Users\elpro\Documents\Github\melanoma\imagenes\IMAGENES DEMARTOLOGICAS\No melanoma\ISIC_0000440.jpg,6356b839e046996df61903f216d8c27d3000a2ac366fa98995c9951235f36223
no_melanoma,ISIC_NON_0428.jpg,c:\Users\elpro\Documents\Github\melanoma\imagenes\dataset_balanceado_1200_estructura_original\No melanoma\ISIC_NON_0428.jpg,augmented_from_source,flip_h+flip_v+rot_5+bright_1.083+contrast_1.035+color_0.973+sharp_1.145+crop_0.978,c:\Users\elpro\Documents\Github\melanoma\imagenes\IMAGENES DEMARTOLOGICAS\No melanoma\acanthosis-nigricans-type-iv.jpg,ab26b2ef562d1163486d0ece1eba96712ec55a32211de2b5d6a7dcea850566f3
no_melanoma,ISIC_NON_0429.jpg,c:\Users\elpro\Documents\Github\melanoma\imagenes\dataset_balanceado_1200_estructura_original\No melanoma\ISIC_NON_0429.jpg,augmented_from_source,rot_12+bright_0.994+contrast_0.891+color_0.932+sharp_1.135+crop_0.972+blur_0.5,c:\Users\elpro\Documents\Github\melanoma\imagenes\IMAGENES DEMARTOLOGICAS\No melanoma\ISIC_0000145.jpg,50068a6ef5dd05c4c5b91ce83d2527995a696d01fcb92eea65c15b0fdb86cf39
no_melanoma,ISIC_NON_0430.jpg,c:\Users\elpro\Documents\Github\melanoma\imagenes\dataset_balanceado_1200_estructura_original\No melanoma\ISIC_NON_0430.jpg,augmented_from_source,rot_270+bright_1.021+contrast_1.061+color_1.034+sharp_1.030+crop_0.906,c:\Users\elpro\Documents\Github\melanoma\imagenes\IMAGENES DEMARTOLOGICAS\No melanoma\ISIC_0001112.jpg,465ed606287f2abd8fe6a134fe4511781970ae8b169b0c47785c792826a325b1
no_melanoma,ISIC_NON_0431.jpg,c:\Users\elpro\Documents\Github\melanoma\imagenes\dataset_balanceado_1200_estructura_original\No melanoma\ISIC_NON_0431.jpg,augmented_from_source,rot_8+bright_0.960+contrast_1.061+color_0.942+sharp_1.148+crop_0.958,c:\Users\elpro\Documents\Github\melanoma\imagenes\IMAGENES DEMARTOLOGICAS\No melanoma\ISIC_0000428.jpg,3d8be1d6949e39221a97322c736089a7aa77c6754d05b27bc4b8f367515a480a
no_melanoma,ISIC_NON_0432.jpg,c:\Users\elpro\Documents\Github\melanoma\imagenes\dataset_balanceado_1200_estructura_original\No melanoma\ISIC_NON_0432.jpg,augmented_from_source,flip_h+rot_90+bright_0.962+contrast_1.065+color_1.073+sharp_1.029+crop_0.962,c:\Users\elpro\Documents\Github\melanoma\imagenes\IMAGENES DEMARTOLOGICAS\No melanoma\ISIC_0000288.jpg,02fc7eb96aacd0a987dc77804d9838c6b153cf586d7eb8b6a9d01a54706cf811
no_melanoma,ISIC_NON_0433.jpg,c:\Users\elpro\Documents\Github\melanoma\imagenes\dataset_balanceado_1200_estructura_original\No melanoma\ISIC_NON_0433.jpg,augmented_from_source,rot_-8+bright_1.013+contrast_0.970+color_0.950+sharp_1.067+crop_0.930,c:\Users\elpro\Documents\Github\melanoma\imagenes\IMAGENES DEMARTOLOGICAS\No melanoma\ISIC_0000153.jpg,43375fda01b39ebb3f1191a4663ea1f3f9ddf0a15a95c07dfce2aca23420b750
no_melanoma,ISIC_NON_0434.jpg,c:\Users\elpro\Documents\Github\melanoma\imagenes\dataset_balanceado_1200_estructura_original\No melanoma\ISIC_NON_0434.jpg,augmented_from_source,flip_v+rot_180+bright_0.971+contrast_1.068+color_0.945+sharp_1.028+crop_0.929,c:\Users\elpro\Documents\Github\melanoma\imagenes\IMAGENES DEMARTOLOGICAS\No melanoma\ISIC_0000551.jpg,31be2d6a26baa6c7dd3e0d4c9c0bef30d54ce2b9d276ac1ba7b78af80a7bd1e0
no_melanoma,ISIC_NON_0435.jpg,c:\Users\elpro\Documents\Github\melanoma\imagenes\dataset_balanceado_1200_estructura_original\No melanoma\ISIC_NON_0435.jpg,augmented_from_source,flip_h+rot_90+bright_0.912+contrast_0.925+color_0.992+sharp_1.061+crop_0.933,c:\Users\elpro\Documents\Github\melanoma\imagenes\IMAGENES DEMARTOLOGICAS\No melanoma\ISIC_0000420.jpg,581146f1d18e7ba86d389bd88ef9c8162f79521a8fddb2abc69a081375ef5a16
no_melanoma,ISIC_NON_0436.jpg,c:\Users\elpro\Documents\Github\melanoma\imagenes\dataset_balanceado_1200_estructura_original\No melanoma\ISIC_NON_0436.jpg,augmented_from_source,flip_h+rot_-8+bright_1.087+contrast_0.883+color_0.986+sharp_1.106+crop_0.958,c:\Users\elpro\Documents\Github\melanoma\imagenes\IMAGENES DEMARTOLOGICAS\No melanoma\ISIC_0000035.jpg,0ca41f6d73efde6182d7688ab5141bb17ba0e7ea215309695daec7b679f3bba8
no_melanoma,ISIC_NON_0437.jpg,c:\Users\elpro\Documents\Github\melanoma\imagenes\dataset_balanceado_1200_estructura_original\No melanoma\ISIC_NON_0437.jpg,augmented_from_source,flip_v+rot_-12+bright_0.952+contrast_0.998+color_0.930+sharp_1.037+crop_0.934,c:\Users\elpro\Documents\Github\melanoma\imagenes\IMAGENES DEMARTOLOGICAS\No melanoma\bml3.jpg,a6939f29d0c996df18429ca7a491a3b69e2bc11a22e0015b590f2d5392e88411
no_melanoma,ISIC_NON_0438.jpg,c:\Users\elpro\Documents\Github\melanoma\imagenes\dataset_balanceado_1200_estructura_original\No melanoma\ISIC_NON_0438.jpg,augmented_from_source,rot_5+bright_1.023+contrast_0.927+color_0.937+sharp_1.011+crop_0.976,c:\Users\elpro\Documents\Github\melanoma\imagenes\IMAGENES DEMARTOLOGICAS\No melanoma\ISIC_0000158.jpg,844965c7b392ff5cd6b664af447c7438e3ed7cdb0ee1e5942c0cc46a92a6846d
no_melanoma,ISIC_NON_0439.jpg,c:\Users\elpro\Documents\Github\melanoma\imagenes\dataset_balanceado_1200_estructura_original\No melanoma\ISIC_NON_0439.jpg,augmented_from_source,rot_-8+bright_0.983+contrast_1.078+color_1.024+sharp_1.069+crop_0.924,c:\Users\elpro\Documents\Github\melanoma\imagenes\IMAGENES DEMARTOLOGICAS\No melanoma\istockphoto-1159780582-612x612.jpg,7f0a1384fada1fe73567e99ee68c4c72e6a49da76332c40a8e9dd01ea3cc9ce8
no_melanoma,ISIC_NON_0440.jpg,c:\Users\elpro\Documents\Github\melanoma\imagenes\dataset_balanceado_1200_estructura_original\No melanoma\ISIC_NON_0440.jpg,augmented_from_source,flip_h+rot_-8+bright_0.950+contrast_1.047+color_0.999+sharp_1.065+crop_0.919,c:\Users\elpro\Documents\Github\melanoma\imagenes\IMAGENES DEMARTOLOGICAS\No melanoma\ISIC_0000160.jpg,9f07e96210ca34de1beddca31ff7878a013737008cd14969e51d37c01fc8e1ac
no_melanoma,ISIC_NON_0441.jpg,c:\Users\elpro\Documents\Github\melanoma\imagenes\dataset_balanceado_1200_estructura_original\No melanoma\ISIC_NON_0441.jpg,augmented_from_source,flip_h+flip_v+rot_12+bright_0.928+contrast_1.119+color_0.949+sharp_1.104+crop_0.902,c:\Users\elpro\Documents\Github\melanoma\imagenes\IMAGENES DEMARTOLOGICAS\No melanoma\ISIC_0000285.jpg,dd447de6d0550d88bd2e805564f44790f6077c8fa226985e765ed811bb0d2360
no_melanoma,ISIC_NON_0442.jpg,c:\Users\elpro\Documents\Github\melanoma\imagenes\dataset_balanceado_1200_estructura_original\No melanoma\ISIC_NON_0442.jpg,augmented_from_source,flip_h+rot_90+bright_1.077+contrast_1.071+color_0.985+sharp_1.050+crop_0.951,c:\Users\elpro\Documents\Github\melanoma\imagenes\IMAGENES DEMARTOLOGICAS\No melanoma\alopecia-areata-type-5-1.png,ad5b86ba7e94df1daa7dd94f2a134b2016f5d878eeb7f216d0138c3547f32e64
no_melanoma,ISIC_NON_0443.jpg,c:\Users\elpro\Documents\Github\melanoma\imagenes\dataset_balanceado_1200_estructura_original\No melanoma\ISIC_NON_0443.jpg,augmented_from_source,rot_90+bright_0.988+contrast_1.024+color_1.013+sharp_1.057+crop_0.974,c:\Users\elpro\Documents\Github\melanoma\imagenes\IMAGENES DEMARTOLOGICAS\No melanoma\acne-type-iv.jpg,2ecb688ab5d46bd8437c1f44b5eec1cc7a74e3b61062bc862eeec14b3493cd9d
no_melanoma,ISIC_NON_0444.jpg,c:\Users\elpro\Documents\Github\melanoma\imagenes\dataset_balanceado_1200_estructura_original\No melanoma\ISIC_NON_0444.jpg,augmented_from_source,rot_8+bright_1.023+contrast_1.099+color_0.937+sharp_1.000+crop_0.953,c:\Users\elpro\Documents\Github\melanoma\imagenes\IMAGENES DEMARTOLOGICAS\No melanoma\ISIC_0001121.jpg,b172ed278e5837419e1a9503afc9902860f8a6decf538b67406ba5829b41204d
no_melanoma,ISIC_NON_0445.jpg,c:\Users\elpro\Documents\Github\melanoma\imagenes\dataset_balanceado_1200_estructura_original\No melanoma\ISIC_NON_0445.jpg,augmented_from_source,rot_-5+bright_1.112+contrast_0.960+color_1.047+sharp_0.971+crop_0.908,c:\Users\elpro\Documents\Github\melanoma\imagenes\IMAGENES DEMARTOLOGICAS\No melanoma\ISIC_0000282.jpg,153644fc5ee70729ddaa020815925d4f6f4b2fe086a7702d4197060b8e984992
no_melanoma,ISIC_NON_0446.jpg,c:\Users\elpro\Documents\Github\melanoma\imagenes\dataset_balanceado_1200_estructura_original\No melanoma\ISIC_NON_0446.jpg,augmented_from_source,rot_270+bright_0.987+contrast_0.974+color_1.044+sharp_1.068+crop_0.940,c:\Users\elpro\Documents\Github\melanoma\imagenes\IMAGENES DEMARTOLOGICAS\No melanoma\sebks25.jpg,7ce4d0e4bf2fa8ed772efd61f97c7ac03529b077ac37df7b6fe374ec304b4289
no_melanoma,ISIC_NON_0447.jpg,c:\Users\elpro\Documents\Github\melanoma\imagenes\dataset_balanceado_1200_estructura_original\No melanoma\ISIC_NON_0447.jpg,augmented_from_source,flip_h+rot_90+bright_0.908+contrast_1.106+color_0.943+sharp_1.012+crop_0.936,c:\Users\elpro\Documents\Github\melanoma\imagenes\IMAGENES DEMARTOLOGICAS\No melanoma\acne-type-i.jpg,4e8f602756b4416ee269e99fcfe1b2535a8cd9854a9f79f2212d4806c0be4fb7
no_melanoma,ISIC_NON_0448.jpg,c:\Users\elpro\Documents\Github\melanoma\imagenes\dataset_balanceado_1200_estructura_original\No melanoma\ISIC_NON_0448.jpg,augmented_from_source,flip_h+rot_5+bright_0.957+contrast_0.952+color_1.050+sharp_0.973+crop_0.968,c:\Users\elpro\Documents\Github\melanoma\imagenes\IMAGENES DEMARTOLOGICAS\No melanoma\ISIC_0000411.jpg,3ff98d12cf42ff543399c85779a2cb2a7f1aea8f2d3578cf83354c1e9f943ddf
no_melanoma,ISIC_NON_0449.jpg,c:\Users\elpro\Documents\Github\melanoma\imagenes\dataset_balanceado_1200_estructura_original\No melanoma\ISIC_NON_0449.jpg,augmented_from_source,rot_8+bright_0.918+contrast_1.014+color_1.073+sharp_0.996+crop_0.932,c:\Users\elpro\Documents\Github\melanoma\imagenes\IMAGENES DEMARTOLOGICAS\No melanoma\ISIC_0001135.jpg,01db6e855dc51b1ea525577f84243acc671ed997d8685e7e23e9326613c69289
no_melanoma,ISIC_NON_0450.jpg,c:\Users\elpro\Documents\Github\melanoma\imagenes\dataset_balanceado_1200_estructura_original\No melanoma\ISIC_NON_0450.jpg,augmented_from_source,flip_h+flip_v+rot_12+bright_1.092+contrast_0.988+color_0.989+sharp_0.951+crop_0.917,c:\Users\elpro\Documents\Github\melanoma\imagenes\IMAGENES DEMARTOLOGICAS\No melanoma\ISIC_0000405.jpg,fb5673d424e46560855e56da04f811668ea90934f16ce88c84fe52ad1bcce973
no_melanoma,ISIC_NON_0451.jpg,c:\Users\elpro\Documents\Github\melanoma\imagenes\dataset_balanceado_1200_estructura_original\No melanoma\ISIC_NON_0451.jpg,augmented_from_source,flip_h+flip_v+rot_8+bright_0.925+contrast_0.958+color_0.993+sharp_1.002+crop_0.969,c:\Users\elpro\Documents\Github\melanoma\imagenes\IMAGENES DEMARTOLOGICAS\No melanoma\hemangioma-type-v-2.jpg,e7feca9ede549d15d2142d33949d93d02235ba15e20e82e53e37c2e529b25114
no_melanoma,ISIC_NON_0452.jpg,c:\Users\elpro\Documents\Github\melanoma\imagenes\dataset_balanceado_1200_estructura_original\No melanoma\ISIC_NON_0452.jpg,augmented_from_source,flip_h+flip_v+rot_-8+bright_1.083+contrast_1.028+color_1.050+sharp_1.091+crop_0.924+blur_0.5,c:\Users\elpro\Documents\Github\melanoma\imagenes\IMAGENES DEMARTOLOGICAS\No melanoma\ISIC_0000547.jpg,bbc6dcbce4c18f7b4cfc085b716d0638760c42d5bc9e157fedc501582ddfc98f
no_melanoma,ISIC_NON_0453.jpg,c:\Users\elpro\Documents\Github\melanoma\imagenes\dataset_balanceado_1200_estructura_original\No melanoma\ISIC_NON_0453.jpg,augmented_from_source,flip_h+rot_180+bright_0.970+contrast_0.914+color_0.982+sharp_1.069+crop_0.946,c:\Users\elpro\Documents\Github\melanoma\imagenes\IMAGENES DEMARTOLOGICAS\No melanoma\istockphoto-1203970432-612x612.jpg,d8e0f2dc7b94b2779dccb16b0bbd3b3a9fcf6cd7afafe2ce65b8250aeb80585e
no_melanoma,ISIC_NON_0454.jpg,c:\Users\elpro\Documents\Github\melanoma\imagenes\dataset_balanceado_1200_estructura_original\No melanoma\ISIC_NON_0454.jpg,augmented_from_source,rot_180+bright_1.013+contrast_0.998+color_0.942+sharp_1.013+crop_0.936,c:\Users\elpro\Documents\Github\melanoma\imagenes\IMAGENES DEMARTOLOGICAS\No melanoma\ISIC_0000168.jpg,906807ac32db49b769dc6c5c7d264d4a043417ddb46af16400deb55fe8fb9212
no_melanoma,ISIC_NON_0455.jpg,c:\Users\elpro\Documents\Github\melanoma\imagenes\dataset_balanceado_1200_estructura_original\No melanoma\ISIC_NON_0455.jpg,augmented_from_source,flip_h+flip_v+rot_-5+bright_1.111+contrast_1.001+color_0.999+sharp_1.087+crop_0.933,c:\Users\elpro\Documents\Github\melanoma\imagenes\IMAGENES DEMARTOLOGICAS\No melanoma\ISIC_0001119.jpg,0b147b8935530846632004db8fb56f94a350b7591220b589d92b104cd5276012
no_melanoma,ISIC_NON_0456.jpg,c:\Users\elpro\Documents\Github\melanoma\imagenes\dataset_balanceado_1200_estructura_original\No melanoma\ISIC_NON_0456.jpg,augmented_from_source,rot_270+bright_0.950+contrast_0.946+color_1.006+sharp_0.984+crop_0.937,c:\Users\elpro\Documents\Github\melanoma\imagenes\IMAGENES DEMARTOLOGICAS\No melanoma\hemangioma-type-iii-2.jpg,315e7671686f22933a482cb7ce1c6b78aa90ae79a072e5c243546d9be97095ad
no_melanoma,ISIC_NON_0457.jpg,c:\Users\elpro\Documents\Github\melanoma\imagenes\dataset_balanceado_1200_estructura_original\No melanoma\ISIC_NON_0457.jpg,augmented_from_source,rot_8+bright_1.078+contrast_0.968+color_1.052+sharp_0.958+crop_0.958+blur_0.5,c:\Users\elpro\Documents\Github\melanoma\imagenes\IMAGENES DEMARTOLOGICAS\No melanoma\ISIC_0000056.jpg,715577874debeaaab67e53fca180c653478a4570891d620cc8de557d175b07d9
no_melanoma,ISIC_NON_0458.jpg,c:\Users\elpro\Documents\Github\melanoma\imagenes\dataset_balanceado_1200_estructura_original\No melanoma\ISIC_NON_0458.jpg,augmented_from_source,rot_-12+bright_1.090+contrast_0.888+color_0.962+sharp_1.122+crop_0.907,c:\Users\elpro\Documents\Github\melanoma\imagenes\IMAGENES DEMARTOLOGICAS\No melanoma\ISIC_0001110.jpg,cfc2466ce7d6eac9fdc1747295d222ac5c30834d4ce291c61b3124d2d67d2f17
no_melanoma,ISIC_NON_0459.jpg,c:\Users\elpro\Documents\Github\melanoma\imagenes\dataset_balanceado_1200_estructura_original\No melanoma\ISIC_NON_0459.jpg,augmented_from_source,flip_h+rot_-8+bright_1.087+contrast_1.026+color_0.989+sharp_1.073+crop_0.963,c:\Users\elpro\Documents\Github\melanoma\imagenes\IMAGENES DEMARTOLOGICAS\No melanoma\ISIC_0000140.jpg,44800ba4c9bf0bac2400b58650bd352b822f40718b129afd98afaf29b9a74fc2
no_melanoma,ISIC_NON_0460.jpg,c:\Users\elpro\Documents\Github\melanoma\imagenes\dataset_balanceado_1200_estructura_original\No melanoma\ISIC_NON_0460.jpg,augmented_from_source,rot_12+bright_1.009+contrast_0.958+color_1.033+sharp_1.008+crop_0.921,c:\Users\elpro\Documents\Github\melanoma\imagenes\IMAGENES DEMARTOLOGICAS\No melanoma\ISIC_0000292.jpg,535e8de11f91cdbc8fc41cc4caac365060a0eb919c4a78f93c8a1ff7c6cecc8a
no_melanoma,ISIC_NON_0461.jpg,c:\Users\elpro\Documents\Github\melanoma\imagenes\dataset_balanceado_1200_estructura_original\No melanoma\ISIC_NON_0461.jpg,augmented_from_source,flip_h+rot_-5+bright_1.101+contrast_1.118+color_1.059+sharp_0.975+crop_0.969,c:\Users\elpro\Documents\Github\melanoma\imagenes\IMAGENES DEMARTOLOGICAS\No melanoma\sebks01.jpg,ab5804c6522c5418c20c76ed3f589c650f747a6f184abfd5529491f210973957
no_melanoma,ISIC_NON_0462.jpg,c:\Users\elpro\Documents\Github\melanoma\imagenes\dataset_balanceado_1200_estructura_original\No melanoma\ISIC_NON_0462.jpg,augmented_from_source,rot_-5+bright_0.997+contrast_1.019+color_0.963+sharp_1.033+crop_0.936,c:\Users\elpro\Documents\Github\melanoma\imagenes\IMAGENES DEMARTOLOGICAS\No melanoma\q1-2.jpg,90cad809c5781d170914b2ea77d301e388875b2379bdfb74182670ed911fee9f
no_melanoma,ISIC_NON_0463.jpg,c:\Users\elpro\Documents\Github\melanoma\imagenes\dataset_balanceado_1200_estructura_original\No melanoma\ISIC_NON_0463.jpg,augmented_from_source,rot_-8+bright_0.989+contrast_0.997+color_1.013+sharp_1.124+crop_0.968,c:\Users\elpro\Documents\Github\melanoma\imagenes\IMAGENES DEMARTOLOGICAS\No melanoma\istockphoto-832622674-612x612.jpg,79237cfcc36c8bec2c452adb5096dd08da07af5ba21b12b4aab3fdb4f1cc88b3
no_melanoma,ISIC_NON_0464.jpg,c:\Users\elpro\Documents\Github\melanoma\imagenes\dataset_balanceado_1200_estructura_original\No melanoma\ISIC_NON_0464.jpg,augmented_from_source,rot_90+bright_1.071+contrast_0.975+color_1.075+sharp_1.115+crop_0.940,c:\Users\elpro\Documents\Github\melanoma\imagenes\IMAGENES DEMARTOLOGICAS\No melanoma\sebks36.jpg,1d8cd4d3315e1806da3b7fd5ec7435bb440818f838b948c302e7c50d1e779888
no_melanoma,ISIC_NON_0465.jpg,c:\Users\elpro\Documents\Github\melanoma\imagenes\dataset_balanceado_1200_estructura_original\No melanoma\ISIC_NON_0465.jpg,augmented_from_source,flip_v+rot_5+bright_1.069+contrast_1.095+color_1.042+sharp_0.959+crop_0.950+blur_0.5,c:\Users\elpro\Documents\Github\melanoma\imagenes\IMAGENES DEMARTOLOGICAS\No melanoma\ISIC_0000438.jpg,fe261566b8c131a7f6032193d0493e428c90afa938c749987d8491d8864fe481
no_melanoma,ISIC_NON_0466.jpg,c:\Users\elpro\Documents\Github\melanoma\imagenes\dataset_balanceado_1200_estructura_original\No melanoma\ISIC_NON_0466.jpg,augmented_from_source,bright_1.118+contrast_0.983+color_1.079+sharp_1.132+crop_0.971,c:\Users\elpro\Documents\Github\melanoma\imagenes\IMAGENES DEMARTOLOGICAS\No melanoma\alopecia-areata-type-4-1.png,cfc3b6783acfef423a98f62b972fc4f3ffc8e3e4fae90daa8fe772efdfc2834f
no_melanoma,ISIC_NON_0467.jpg,c:\Users\elpro\Documents\Github\melanoma\imagenes\dataset_balanceado_1200_estructura_original\No melanoma\ISIC_NON_0467.jpg,augmented_from_source,flip_v+rot_-8+bright_0.940+contrast_0.969+color_1.065+sharp_0.983+crop_0.932,c:\Users\elpro\Documents\Github\melanoma\imagenes\IMAGENES DEMARTOLOGICAS\No melanoma\ISIC_0000402.jpg,7e77308019fb1c12a234417577d846b5a7d7dcfe835e5e94535bbfec77664dc5
no_melanoma,ISIC_NON_0468.jpg,c:\Users\elpro\Documents\Github\melanoma\imagenes\dataset_balanceado_1200_estructura_original\No melanoma\ISIC_NON_0468.jpg,augmented_from_source,flip_h+flip_v+rot_270+bright_0.994+contrast_0.912+color_0.956+sharp_1.086+crop_0.901,c:\Users\elpro\Documents\Github\melanoma\imagenes\IMAGENES DEMARTOLOGICAS\No melanoma\hemangioma-type-iv-2.jpg,33b8647c11980f2c69fc95e0cfdd64e33f8525f41f6d132de0fff7c6b948242d
no_melanoma,ISIC_NON_0469.jpg,c:\Users\elpro\Documents\Github\melanoma\imagenes\dataset_balanceado_1200_estructura_original\No melanoma\ISIC_NON_0469.jpg,augmented_from_source,rot_180+bright_0.995+contrast_0.935+color_0.934+sharp_1.111+crop_0.908+blur_0.5,c:\Users\elpro\Documents\Github\melanoma\imagenes\IMAGENES DEMARTOLOGICAS\No melanoma\istockphoto-1205364922-612x612.jpg,f91354c37d5e077319d5373864753db05ddc7ea40f16f149db728b27c8f4cf5e
no_melanoma,ISIC_NON_0470.jpg,c:\Users\elpro\Documents\Github\melanoma\imagenes\dataset_balanceado_1200_estructura_original\No melanoma\ISIC_NON_0470.jpg,augmented_from_source,rot_180+bright_1.034+contrast_1.043+color_0.931+sharp_1.063+crop_0.949,c:\Users\elpro\Documents\Github\melanoma\imagenes\IMAGENES DEMARTOLOGICAS\No melanoma\istockphoto-2131954285-612x612.jpg,7b8a13390ea11eeb1ea22cea968b38ae39688f557a883df06758190bdc510284
no_melanoma,ISIC_NON_0471.jpg,c:\Users\elpro\Documents\Github\melanoma\imagenes\dataset_balanceado_1200_estructura_original\No melanoma\ISIC_NON_0471.jpg,augmented_from_source,flip_h+rot_-5+bright_1.028+contrast_0.986+color_0.955+sharp_1.129+crop_0.911,c:\Users\elpro\Documents\Github\melanoma\imagenes\IMAGENES DEMARTOLOGICAS\No melanoma\ISIC_0000415.jpg,f67b84b76c5ffc56caaf4b0e992761c40a1bb3e1e4a7cfbae3eebfe1e47d1b63
no_melanoma,ISIC_NON_0472.jpg,c:\Users\elpro\Documents\Github\melanoma\imagenes\dataset_balanceado_1200_estructura_original\No melanoma\ISIC_NON_0472.jpg,augmented_from_source,flip_h+rot_180+bright_0.939+contrast_1.035+color_0.960+sharp_1.070+crop_0.958,c:\Users\elpro\Documents\Github\melanoma\imagenes\IMAGENES DEMARTOLOGICAS\No melanoma\acne-type-iii-2.jpg,361e188a355ee8538a2e094fc96bc6df09259cb21341dbb947bf9ac474e94131
no_melanoma,ISIC_NON_0473.jpg,c:\Users\elpro\Documents\Github\melanoma\imagenes\dataset_balanceado_1200_estructura_original\No melanoma\ISIC_NON_0473.jpg,augmented_from_source,rot_8+bright_1.026+contrast_0.925+color_0.983+sharp_1.079+crop_0.963,c:\Users\elpro\Documents\Github\melanoma\imagenes\IMAGENES DEMARTOLOGICAS\No melanoma\2a.jpeg,5fb755ca2d776b7886189ceebb239be64a04cca8cbf4708ae959e6686ef0cd04
no_melanoma,ISIC_NON_0474.jpg,c:\Users\elpro\Documents\Github\melanoma\imagenes\dataset_balanceado_1200_estructura_original\No melanoma\ISIC_NON_0474.jpg,augmented_from_source,flip_h+rot_90+bright_1.007+contrast_1.115+color_1.078+sharp_1.137+crop_0.911,c:\Users\elpro\Documents\Github\melanoma\imagenes\IMAGENES DEMARTOLOGICAS\No melanoma\ISIC_0000520.jpg,a50286dfb98f1939967c27b905177a4f13a1fc4789c1567141cc18c3de6ef7ed
no_melanoma,ISIC_NON_0475.jpg,c:\Users\elpro\Documents\Github\melanoma\imagenes\dataset_balanceado_1200_estructura_original\No melanoma\ISIC_NON_0475.jpg,augmented_from_source,flip_h+rot_90+bright_0.884+contrast_0.896+color_0.962+sharp_0.958+crop_0.905,c:\Users\elpro\Documents\Github\melanoma\imagenes\IMAGENES DEMARTOLOGICAS\No melanoma\3b (1).jpg,5ae95a631efbc5eb639c59381523ee0e9e6b8c4765a9a1080bf5f2ccb1428480
no_melanoma,ISIC_NON_0476.jpg,c:\Users\elpro\Documents\Github\melanoma\imagenes\dataset_balanceado_1200_estructura_original\No melanoma\ISIC_NON_0476.jpg,augmented_from_source,rot_-5+bright_1.048+contrast_0.900+color_1.006+sharp_1.073+crop_0.922,c:\Users\elpro\Documents\Github\melanoma\imagenes\IMAGENES DEMARTOLOGICAS\No melanoma\atopic-dermatitis-type-vi-2.jpg,550a3cc091a1da0e7b32a0063794774b7620d7a07bb2b26a35156b07444df722
no_melanoma,ISIC_NON_0477.jpg,c:\Users\elpro\Documents\Github\melanoma\imagenes\dataset_balanceado_1200_estructura_original\No melanoma\ISIC_NON_0477.jpg,augmented_from_source,flip_h+rot_8+bright_0.958+contrast_1.021+color_1.042+sharp_1.080+crop_0.951,c:\Users\elpro\Documents\Github\melanoma\imagenes\IMAGENES DEMARTOLOGICAS\No melanoma\5c.jpg,397ac44fbcec309d21d51c3c2d44ae1534c1ea10cc256a6310b59010a0aa5d06
no_melanoma,ISIC_NON_0478.jpg,c:\Users\elpro\Documents\Github\melanoma\imagenes\dataset_balanceado_1200_estructura_original\No melanoma\ISIC_NON_0478.jpg,augmented_from_source,flip_v+rot_90+bright_1.102+contrast_0.908+color_1.018+sharp_0.961+crop_0.953+blur_0.5,c:\Users\elpro\Documents\Github\melanoma\imagenes\IMAGENES DEMARTOLOGICAS\No melanoma\ISIC_0000174.jpg,52392ed616368a65e96d69d3631869936c70645dbb8d0738a74abe21f93f97c7
no_melanoma,ISIC_NON_0479.jpg,c:\Users\elpro\Documents\Github\melanoma\imagenes\dataset_balanceado_1200_estructura_original\No melanoma\ISIC_NON_0479.jpg,augmented_from_source,rot_180+bright_0.999+contrast_0.963+color_1.003+sharp_1.115+crop_0.921,c:\Users\elpro\Documents\Github\melanoma\imagenes\IMAGENES DEMARTOLOGICAS\No melanoma\acanthosis-nigricans-type-v.jpg,b7f52a0c0d553e8afbb361cd615d3502699c06dc6f4339677d887e826182f7d5
no_melanoma,ISIC_NON_0480.jpg,c:\Users\elpro\Documents\Github\melanoma\imagenes\dataset_balanceado_1200_estructura_original\No melanoma\ISIC_NON_0480.jpg,augmented_from_source,rot_90+bright_1.065+contrast_0.887+color_1.049+sharp_1.004+crop_0.905,c:\Users\elpro\Documents\Github\melanoma\imagenes\IMAGENES DEMARTOLOGICAS\No melanoma\ISIC_0000141.jpg,bdc401dbbf43c937f562c9cec432cb9e6828fafc4e8040a21d498eafb8393d01
no_melanoma,ISIC_NON_0481.jpg,c:\Users\elpro\Documents\Github\melanoma\imagenes\dataset_balanceado_1200_estructura_original\No melanoma\ISIC_NON_0481.jpg,augmented_from_source,flip_v+rot_12+bright_0.920+contrast_0.918+color_1.044+sharp_1.129+crop_0.954,c:\Users\elpro\Documents\Github\melanoma\imagenes\IMAGENES DEMARTOLOGICAS\No melanoma\ISIC_0000295.jpg,ce7a1feb0d180f3ecd6092f35f7fd6ac8dc0da5c633ac2ed0d9a7670604c5286
no_melanoma,ISIC_NON_0482.jpg,c:\Users\elpro\Documents\Github\melanoma\imagenes\dataset_balanceado_1200_estructura_original\No melanoma\ISIC_NON_0482.jpg,augmented_from_source,flip_h+bright_0.939+contrast_0.993+color_0.981+sharp_0.980+crop_0.974,c:\Users\elpro\Documents\Github\melanoma\imagenes\IMAGENES DEMARTOLOGICAS\No melanoma\ISIC_0000550.jpg,1207f1d286da9fedcd8e2a752bd1c4a1ab5d41df479e17062982589ade3bb694
no_melanoma,ISIC_NON_0483.jpg,c:\Users\elpro\Documents\Github\melanoma\imagenes\dataset_balanceado_1200_estructura_original\No melanoma\ISIC_NON_0483.jpg,augmented_from_source,rot_270+bright_0.957+contrast_0.980+color_1.035+sharp_1.004+crop_0.906,c:\Users\elpro\Documents\Github\melanoma\imagenes\IMAGENES DEMARTOLOGICAS\No melanoma\sebks16.jpg,60f2e30a98008bc72f37d458ce96b4719e3dff603ea6cfa1a89de73f7aa50e40
no_melanoma,ISIC_NON_0484.jpg,c:\Users\elpro\Documents\Github\melanoma\imagenes\dataset_balanceado_1200_estructura_original\No melanoma\ISIC_NON_0484.jpg,augmented_from_source,flip_v+rot_8+bright_1.116+contrast_1.109+color_0.931+sharp_1.043+crop_0.923,c:\Users\elpro\Documents\Github\melanoma\imagenes\IMAGENES DEMARTOLOGICAS\No melanoma\ISIC_0000450.jpg,926110da71d6626176d42fde5e2bb4eab3b84db51cc3d85ab54645811f93130a
no_melanoma,ISIC_NON_0485.jpg,c:\Users\elpro\Documents\Github\melanoma\imagenes\dataset_balanceado_1200_estructura_original\No melanoma\ISIC_NON_0485.jpg,augmented_from_source,flip_v+rot_270+bright_0.950+contrast_1.068+color_1.038+sharp_0.999+crop_0.929,c:\Users\elpro\Documents\Github\melanoma\imagenes\IMAGENES DEMARTOLOGICAS\No melanoma\ISIC_0000462.jpg,2f16765b2210dd04081d16ed52345730c7315a20e3557cec863851a1fc48f502
no_melanoma,ISIC_NON_0486.jpg,c:\Users\elpro\Documents\Github\melanoma\imagenes\dataset_balanceado_1200_estructura_original\No melanoma\ISIC_NON_0486.jpg,augmented_from_source,rot_270+bright_0.916+contrast_1.104+color_0.924+sharp_1.058+crop_0.951+blur_0.5,c:\Users\elpro\Documents\Github\melanoma\imagenes\IMAGENES DEMARTOLOGICAS\No melanoma\ISIC_0000076.jpg,66a7ccb84ef7143b02de6454030bb8dcc48eaed0112a6fce2ec0f62061a3ca70
no_melanoma,ISIC_NON_0487.jpg,c:\Users\elpro\Documents\Github\melanoma\imagenes\dataset_balanceado_1200_estructura_original\No melanoma\ISIC_NON_0487.jpg,augmented_from_source,rot_-12+bright_0.905+contrast_1.007+color_0.958+sharp_1.048+crop_0.905,c:\Users\elpro\Documents\Github\melanoma\imagenes\IMAGENES DEMARTOLOGICAS\No melanoma\sebks08.jpg,7ae091b99806825bbdd5c0aff40ffbfb586cc419982686537cf5c8a1b5907249
no_melanoma,ISIC_NON_0488.jpg,c:\Users\elpro\Documents\Github\melanoma\imagenes\dataset_balanceado_1200_estructura_original\No melanoma\ISIC_NON_0488.jpg,augmented_from_source,flip_h+flip_v+rot_8+bright_0.979+contrast_1.095+color_0.993+sharp_1.100+crop_0.946,c:\Users\elpro\Documents\Github\melanoma\imagenes\IMAGENES DEMARTOLOGICAS\No melanoma\sebks07.jpg,12bef30300a14cdd5b042b088fcca4d3c06942aa590c5aff8214be69e458ea77
no_melanoma,ISIC_NON_0489.jpg,c:\Users\elpro\Documents\Github\melanoma\imagenes\dataset_balanceado_1200_estructura_original\No melanoma\ISIC_NON_0489.jpg,augmented_from_source,flip_h+bright_0.984+contrast_1.111+color_0.958+sharp_1.002+crop_0.925,c:\Users\elpro\Documents\Github\melanoma\imagenes\IMAGENES DEMARTOLOGICAS\No melanoma\ISIC_0000176.jpg,39f88f1528407fb1bf634f15314bef32fec7fcf4947b300bb070b732a29f5ffd
no_melanoma,ISIC_NON_0490.jpg,c:\Users\elpro\Documents\Github\melanoma\imagenes\dataset_balanceado_1200_estructura_original\No melanoma\ISIC_NON_0490.jpg,augmented_from_source,flip_h+flip_v+rot_270+bright_0.913+contrast_1.065+color_0.937+sharp_0.971+crop_0.936+blur_0.5,c:\Users\elpro\Documents\Github\melanoma\imagenes\IMAGENES DEMARTOLOGICAS\No melanoma\sebks44.jpg,0f12e5664986edcbd4dbdef2685ef1eca9251e1a8a7a229838c2093d441956a9
no_melanoma,ISIC_NON_0491.jpg,c:\Users\elpro\Documents\Github\melanoma\imagenes\dataset_balanceado_1200_estructura_original\No melanoma\ISIC_NON_0491.jpg,augmented_from_source,flip_h+rot_5+bright_0.954+contrast_0.944+color_0.939+sharp_0.982+crop_0.955,c:\Users\elpro\Documents\Github\melanoma\imagenes\IMAGENES DEMARTOLOGICAS\No melanoma\ISIC_0001108.jpg,eb685aa7e67b9e76d396a44d531a87c259038075edbd0089c72be1091b9ba3cf
no_melanoma,ISIC_NON_0492.jpg,c:\Users\elpro\Documents\Github\melanoma\imagenes\dataset_balanceado_1200_estructura_original\No melanoma\ISIC_NON_0492.jpg,augmented_from_source,flip_v+rot_270+bright_1.112+contrast_0.975+color_0.928+sharp_1.010+crop_0.966,c:\Users\elpro\Documents\Github\melanoma\imagenes\IMAGENES DEMARTOLOGICAS\No melanoma\ISIC_0000401.jpg,0ccc3295db8bc56ff7d76b470b898f8ec14b9ee296e1daba0d0f0c889bad9337
no_melanoma,ISIC_NON_0493.jpg,c:\Users\elpro\Documents\Github\melanoma\imagenes\dataset_balanceado_1200_estructura_original\No melanoma\ISIC_NON_0493.jpg,augmented_from_source,rot_8+bright_0.940+contrast_0.991+color_1.049+sharp_0.978+crop_0.901,c:\Users\elpro\Documents\Github\melanoma\imagenes\IMAGENES DEMARTOLOGICAS\No melanoma\hemangioma-type4-2.jpg,b6b5c1b70df8666bdcf85741bfe3c2e1689cf56f75d251c867180c5809e825a6
no_melanoma,ISIC_NON_0494.jpg,c:\Users\elpro\Documents\Github\melanoma\imagenes\dataset_balanceado_1200_estructura_original\No melanoma\ISIC_NON_0494.jpg,augmented_from_source,flip_h+rot_90+bright_1.020+contrast_0.942+color_1.050+sharp_0.954+crop_0.905,c:\Users\elpro\Documents\Github\melanoma\imagenes\IMAGENES DEMARTOLOGICAS\No melanoma\ISIC_0000165.jpg,d90e3da4e08b8f22a8f528b705782fa7730a2cc45e79e6446f14ba7e7f794d7b
no_melanoma,ISIC_NON_0495.jpg,c:\Users\elpro\Documents\Github\melanoma\imagenes\dataset_balanceado_1200_estructura_original\No melanoma\ISIC_NON_0495.jpg,augmented_from_source,flip_h+rot_-8+bright_0.909+contrast_1.106+color_0.928+sharp_1.135+crop_0.935,c:\Users\elpro\Documents\Github\melanoma\imagenes\IMAGENES DEMARTOLOGICAS\No melanoma\ISIC_0001148.jpg,41974c435888c1b582d525783553388012071151c33892281441922e27bd4b9f
no_melanoma,ISIC_NON_0496.jpg,c:\Users\elpro\Documents\Github\melanoma\imagenes\dataset_balanceado_1200_estructura_original\No melanoma\ISIC_NON_0496.jpg,augmented_from_source,flip_h+rot_-8+bright_0.932+contrast_0.925+color_0.965+sharp_1.127+crop_0.903,c:\Users\elpro\Documents\Github\melanoma\imagenes\IMAGENES DEMARTOLOGICAS\No melanoma\ISIC_0000549.jpg,fbfbd5121c714955c760f0224056369f516d02fb403c71112e0189ee86341977
no_melanoma,ISIC_NON_0497.jpg,c:\Users\elpro\Documents\Github\melanoma\imagenes\dataset_balanceado_1200_estructura_original\No melanoma\ISIC_NON_0497.jpg,augmented_from_source,flip_h+rot_5+bright_0.895+contrast_0.947+color_0.942+sharp_0.990+crop_0.971,c:\Users\elpro\Documents\Github\melanoma\imagenes\IMAGENES DEMARTOLOGICAS\No melanoma\istockphoto-1203970577-612x612.jpg,3f8a0c267c1d998c0bb4fec16c4c1c630abf907d7b5d901fae1b513798cf6e5f
no_melanoma,ISIC_NON_0498.jpg,c:\Users\elpro\Documents\Github\melanoma\imagenes\dataset_balanceado_1200_estructura_original\No melanoma\ISIC_NON_0498.jpg,augmented_from_source,rot_-5+bright_1.068+contrast_0.966+color_1.007+sharp_1.047+crop_0.973,c:\Users\elpro\Documents\Github\melanoma\imagenes\IMAGENES DEMARTOLOGICAS\No melanoma\ISIC_0001105.jpg,3e48df3ad875bd671e2cb1f01935ca1ecff374dfa564dd85759d1255b76c11ec
no_melanoma,ISIC_NON_0499.jpg,c:\Users\elpro\Documents\Github\melanoma\imagenes\dataset_balanceado_1200_estructura_original\No melanoma\ISIC_NON_0499.jpg,augmented_from_source,flip_h+rot_270+bright_0.887+contrast_1.075+color_0.965+sharp_1.112+crop_0.938,c:\Users\elpro\Documents\Github\melanoma\imagenes\IMAGENES DEMARTOLOGICAS\No melanoma\sebks22.jpg,ba1c4da8dd06d16ea77e0f50406dc5d57638ec36a3fd9d4fae3f73637c4aca6d
no_melanoma,ISIC_NON_0500.jpg,c:\Users\elpro\Documents\Github\melanoma\imagenes\dataset_balanceado_1200_estructura_original\No melanoma\ISIC_NON_0500.jpg,augmented_from_source,flip_h+flip_v+rot_270+bright_1.038+contrast_0.944+color_1.051+sharp_1.133+crop_0.904,c:\Users\elpro\Documents\Github\melanoma\imagenes\IMAGENES DEMARTOLOGICAS\No melanoma\ISIC_0000445.jpg,586a3cd17a70e9b1ca01e7474f5cfc0522231aeee4480ef317c8587679fa72e7
no_melanoma,ISIC_NON_0501.jpg,c:\Users\elpro\Documents\Github\melanoma\imagenes\dataset_balanceado_1200_estructura_original\No melanoma\ISIC_NON_0501.jpg,augmented_from_source,rot_180+bright_0.922+contrast_1.022+color_1.049+sharp_1.090+crop_0.973,c:\Users\elpro\Documents\Github\melanoma\imagenes\IMAGENES DEMARTOLOGICAS\No melanoma\sebks48.jpg,596755207c956928e0f6f42517145685ba6800e664dea453d70878459001fc90
no_melanoma,ISIC_NON_0502.jpg,c:\Users\elpro\Documents\Github\melanoma\imagenes\dataset_balanceado_1200_estructura_original\No melanoma\ISIC_NON_0502.jpg,augmented_from_source,rot_12+bright_1.108+contrast_1.081+color_1.050+sharp_1.144+crop_0.943+blur_0.5,c:\Users\elpro\Documents\Github\melanoma\imagenes\IMAGENES DEMARTOLOGICAS\No melanoma\istockphoto-685018796-612x612.jpg,6ce2e8546e47b2c1968c1e75916c4a82e30ce4a94d5334ca773741cf37f2afc9
no_melanoma,ISIC_NON_0503.jpg,c:\Users\elpro\Documents\Github\melanoma\imagenes\dataset_balanceado_1200_estructura_original\No melanoma\ISIC_NON_0503.jpg,augmented_from_source,flip_h+bright_1.006+contrast_0.880+color_1.067+sharp_0.990+crop_0.910+blur_0.5,c:\Users\elpro\Documents\Github\melanoma\imagenes\IMAGENES DEMARTOLOGICAS\No melanoma\ISIC_0001120.jpg,ab110cd2e5e04703b453d1a01d4c1f66a922d660e73cb0da4d2ab1ee7c88726a
no_melanoma,ISIC_NON_0504.jpg,c:\Users\elpro\Documents\Github\melanoma\imagenes\dataset_balanceado_1200_estructura_original\No melanoma\ISIC_NON_0504.jpg,augmented_from_source,flip_h+rot_180+bright_1.066+contrast_1.083+color_1.058+sharp_1.142+crop_0.930+blur_0.5,c:\Users\elpro\Documents\Github\melanoma\imagenes\IMAGENES DEMARTOLOGICAS\No melanoma\ISIC_0000518.jpg,2ef10110dcf246695c1744553b37bdbd6029f0322a3c315d5537d7bf337953f8
no_melanoma,ISIC_NON_0505.jpg,c:\Users\elpro\Documents\Github\melanoma\imagenes\dataset_balanceado_1200_estructura_original\No melanoma\ISIC_NON_0505.jpg,augmented_from_source,flip_h+flip_v+rot_180+bright_1.056+contrast_0.985+color_1.022+sharp_1.047+crop_0.925,c:\Users\elpro\Documents\Github\melanoma\imagenes\IMAGENES DEMARTOLOGICAS\No melanoma\3a.png,7864ed5abc83dbc448ef7b56389076c575bc739f7bfab29fbe4db0fcfe8f9a99
no_melanoma,ISIC_NON_0506.jpg,c:\Users\elpro\Documents\Github\melanoma\imagenes\dataset_balanceado_1200_estructura_original\No melanoma\ISIC_NON_0506.jpg,augmented_from_source,rot_270+bright_1.040+contrast_1.075+color_0.981+sharp_1.097+crop_0.924+blur_0.5,c:\Users\elpro\Documents\Github\melanoma\imagenes\IMAGENES DEMARTOLOGICAS\No melanoma\atopic-dermatitis-type-iii.jpg,a4fc090c98b9560c03a9b45419bfde5c5c0d95225f2fb9a066dcc58ba6a2c294
no_melanoma,ISIC_NON_0507.jpg,c:\Users\elpro\Documents\Github\melanoma\imagenes\dataset_balanceado_1200_estructura_original\No melanoma\ISIC_NON_0507.jpg,augmented_from_source,rot_12+bright_0.888+contrast_1.025+color_1.067+sharp_1.144+crop_0.918,c:\Users\elpro\Documents\Github\melanoma\imagenes\IMAGENES DEMARTOLOGICAS\No melanoma\ISIC_0000166.jpg,c175411fb02cee517c7d6d34c2e664761676edf29e4f9c4c48ecdf56c45f111a
no_melanoma,ISIC_NON_0508.jpg,c:\Users\elpro\Documents\Github\melanoma\imagenes\dataset_balanceado_1200_estructura_original\No melanoma\ISIC_NON_0508.jpg,augmented_from_source,flip_h+rot_270+bright_0.963+contrast_0.957+color_1.022+sharp_1.143+crop_0.966,c:\Users\elpro\Documents\Github\melanoma\imagenes\IMAGENES DEMARTOLOGICAS\No melanoma\sebks03.jpg,c9eb64cad409d0da6569a193647d3b514dca3bfe399fe903742948fe94c602a6
no_melanoma,ISIC_NON_0509.jpg,c:\Users\elpro\Documents\Github\melanoma\imagenes\dataset_balanceado_1200_estructura_original\No melanoma\ISIC_NON_0509.jpg,augmented_from_source,flip_h+flip_v+rot_90+bright_0.964+contrast_1.069+color_1.035+sharp_0.960+crop_0.935,c:\Users\elpro\Documents\Github\melanoma\imagenes\IMAGENES DEMARTOLOGICAS\No melanoma\ISIC_0000502.jpg,bf470cb348781338b2fa6f99e51c4d3c501e7b6559eb233f2b45160bc6b08b7e
no_melanoma,ISIC_NON_0510.jpg,c:\Users\elpro\Documents\Github\melanoma\imagenes\dataset_balanceado_1200_estructura_original\No melanoma\ISIC_NON_0510.jpg,augmented_from_source,flip_h+rot_8+bright_0.970+contrast_1.079+color_1.046+sharp_1.066+crop_0.961,c:\Users\elpro\Documents\Github\melanoma\imagenes\IMAGENES DEMARTOLOGICAS\No melanoma\ISIC_0000463.jpg,a7d4e6024d905a6f28d7b26f4c19c425e2cae92a8b3d498bd95f15126a75090d
no_melanoma,ISIC_NON_0511.jpg,c:\Users\elpro\Documents\Github\melanoma\imagenes\dataset_balanceado_1200_estructura_original\No melanoma\ISIC_NON_0511.jpg,augmented_from_source,flip_v+bright_0.956+contrast_1.108+color_0.932+sharp_0.984+crop_0.930,c:\Users\elpro\Documents\Github\melanoma\imagenes\IMAGENES DEMARTOLOGICAS\No melanoma\ISIC_0000307.jpg,77f6225e7c35922cc7c1c3ef685b4b7b690c8b5a1121ecd43237a4d3a5e1726d
no_melanoma,ISIC_NON_0512.jpg,c:\Users\elpro\Documents\Github\melanoma\imagenes\dataset_balanceado_1200_estructura_original\No melanoma\ISIC_NON_0512.jpg,augmented_from_source,flip_v+rot_12+bright_1.116+contrast_1.094+color_1.033+sharp_1.036+crop_0.952,c:\Users\elpro\Documents\Github\melanoma\imagenes\IMAGENES DEMARTOLOGICAS\No melanoma\calcinosis-cutis-type-1.png,fba044a8f20f591afa4e31ea2addb999e913e0839409ca1c3f3b2cf24362d697
no_melanoma,ISIC_NON_0513.jpg,c:\Users\elpro\Documents\Github\melanoma\imagenes\dataset_balanceado_1200_estructura_original\No melanoma\ISIC_NON_0513.jpg,augmented_from_source,flip_h+flip_v+rot_270+bright_0.978+contrast_1.013+color_1.068+sharp_1.058+crop_0.953+blur_0.5,c:\Users\elpro\Documents\Github\melanoma\imagenes\IMAGENES DEMARTOLOGICAS\No melanoma\istockphoto-1159780580-612x612.jpg,b28dcc353c09864e78a0e5860fece85818d0016c7648a6f40d9bec4a2a0b8fa3
no_melanoma,ISIC_NON_0514.jpg,c:\Users\elpro\Documents\Github\melanoma\imagenes\dataset_balanceado_1200_estructura_original\No melanoma\ISIC_NON_0514.jpg,augmented_from_source,flip_h+rot_5+bright_0.917+contrast_0.967+color_0.988+sharp_1.009+crop_0.953,c:\Users\elpro\Documents\Github\melanoma\imagenes\IMAGENES DEMARTOLOGICAS\No melanoma\hemangioma-type-iii.jpg,555f965b0bda0a63374fb998e36da60bb4475d732fbf1b80074a7827f163fefe
no_melanoma,ISIC_NON_0515.jpg,c:\Users\elpro\Documents\Github\melanoma\imagenes\dataset_balanceado_1200_estructura_original\No melanoma\ISIC_NON_0515.jpg,augmented_from_source,flip_h+flip_v+rot_-12+bright_1.114+contrast_0.994+color_0.938+sharp_1.107+crop_0.938+blur_0.5,c:\Users\elpro\Documents\Github\melanoma\imagenes\IMAGENES DEMARTOLOGICAS\No melanoma\ISIC_0001118.jpg,5097e447002f7da7f41407c1d6d794a03e54a736bb05da50d0419d450a1d66c4
no_melanoma,ISIC_NON_0516.jpg,c:\Users\elpro\Documents\Github\melanoma\imagenes\dataset_balanceado_1200_estructura_original\No melanoma\ISIC_NON_0516.jpg,augmented_from_source,flip_v+rot_-5+bright_0.969+contrast_0.987+color_0.962+sharp_1.043+crop_0.918,c:\Users\elpro\Documents\Github\melanoma\imagenes\IMAGENES DEMARTOLOGICAS\No melanoma\istockphoto-853518906-612x612.jpg,bb40d70f9d4b2f91d76cf56e4bbf8a986907cd971e7a96cb085d9a478b3d425c
no_melanoma,ISIC_NON_0517.jpg,c:\Users\elpro\Documents\Github\melanoma\imagenes\dataset_balanceado_1200_estructura_original\No melanoma\ISIC_NON_0517.jpg,augmented_from_source,flip_v+rot_-8+bright_1.074+contrast_0.979+color_1.041+sharp_0.996+crop_0.905,c:\Users\elpro\Documents\Github\melanoma\imagenes\IMAGENES DEMARTOLOGICAS\No melanoma\sebks18.jpg,dd7d77e216e73f236abfd58a5b17dac80330904bcf87f8deb8a77557a61e5ec1
no_melanoma,ISIC_NON_0518.jpg,c:\Users\elpro\Documents\Github\melanoma\imagenes\dataset_balanceado_1200_estructura_original\No melanoma\ISIC_NON_0518.jpg,augmented_from_source,rot_5+bright_1.017+contrast_0.937+color_0.968+sharp_1.029+crop_0.968,c:\Users\elpro\Documents\Github\melanoma\imagenes\IMAGENES DEMARTOLOGICAS\No melanoma\sebks29.jpg,240e14da6681101ddcc861fffb28c8ac3c45480476981db7b7fe2ce7b0def218
no_melanoma,ISIC_NON_0519.jpg,c:\Users\elpro\Documents\Github\melanoma\imagenes\dataset_balanceado_1200_estructura_original\No melanoma\ISIC_NON_0519.jpg,augmented_from_source,rot_12+bright_0.915+contrast_1.108+color_0.992+sharp_1.140+crop_0.913+blur_0.5,c:\Users\elpro\Documents\Github\melanoma\imagenes\IMAGENES DEMARTOLOGICAS\No melanoma\istockphoto-685018848-612x612.jpg,c019d4f3ef320ba300592c65050f2b76c6d7680e3e4bafac8f93878d971254ed
no_melanoma,ISIC_NON_0520.jpg,c:\Users\elpro\Documents\Github\melanoma\imagenes\dataset_balanceado_1200_estructura_original\No melanoma\ISIC_NON_0520.jpg,augmented_from_source,flip_h+rot_-5+bright_0.928+contrast_1.077+color_0.944+sharp_1.069+crop_0.926+blur_0.5,c:\Users\elpro\Documents\Github\melanoma\imagenes\IMAGENES DEMARTOLOGICAS\No melanoma\ISIC_0000314.jpg,6aaae924733dcd8607d5f9723d764fada1b787107cc1e74a7d1f54d31ce31e38
no_melanoma,ISIC_NON_0521.jpg,c:\Users\elpro\Documents\Github\melanoma\imagenes\dataset_balanceado_1200_estructura_original\No melanoma\ISIC_NON_0521.jpg,augmented_from_source,rot_-12+bright_1.005+contrast_1.100+color_0.922+sharp_1.090+crop_0.947,c:\Users\elpro\Documents\Github\melanoma\imagenes\IMAGENES DEMARTOLOGICAS\No melanoma\ISIC_0000548.jpg,8470980fabb37fe881360392c9a40add96ef067e25ac1714c708f1b0fbc8b908
no_melanoma,ISIC_NON_0522.jpg,c:\Users\elpro\Documents\Github\melanoma\imagenes\dataset_balanceado_1200_estructura_original\No melanoma\ISIC_NON_0522.jpg,augmented_from_source,flip_h+rot_90+bright_1.102+contrast_1.015+color_0.936+sharp_1.007+crop_0.943,c:\Users\elpro\Documents\Github\melanoma\imagenes\IMAGENES DEMARTOLOGICAS\No melanoma\ISIC_0000312.jpg,c13c81c0ed018fe5e0d96570a07ac5b30fa9192adbf54c1d5b4eb5a0bdd153d6
no_melanoma,ISIC_NON_0523.jpg,c:\Users\elpro\Documents\Github\melanoma\imagenes\dataset_balanceado_1200_estructura_original\No melanoma\ISIC_NON_0523.jpg,augmented_from_source,rot_5+bright_0.889+contrast_0.946+color_0.943+sharp_1.072+crop_0.955,c:\Users\elpro\Documents\Github\melanoma\imagenes\IMAGENES DEMARTOLOGICAS\No melanoma\6a.jpg,63dac5c3edbe530d633134c777544b383c2dea72a4c62f4fd70f65ab17cb9a2d
no_melanoma,ISIC_NON_0524.jpg,c:\Users\elpro\Documents\Github\melanoma\imagenes\dataset_balanceado_1200_estructura_original\No melanoma\ISIC_NON_0524.jpg,augmented_from_source,flip_h+flip_v+rot_5+bright_1.101+contrast_1.095+color_0.923+sharp_1.113+crop_0.924,c:\Users\elpro\Documents\Github\melanoma\imagenes\IMAGENES DEMARTOLOGICAS\No melanoma\sebks28.jpg,a9cd74ac94e5d9be311f04dc20bdc49f7e74d8c24ea64b609240f4b3bbc4dd65
no_melanoma,ISIC_NON_0525.jpg,c:\Users\elpro\Documents\Github\melanoma\imagenes\dataset_balanceado_1200_estructura_original\No melanoma\ISIC_NON_0525.jpg,augmented_from_source,rot_270+bright_0.912+contrast_1.114+color_0.991+sharp_1.115+crop_0.922,c:\Users\elpro\Documents\Github\melanoma\imagenes\IMAGENES DEMARTOLOGICAS\No melanoma\ISIC_0000522.jpg,e32cfcff9046a414b88cffd84202b23ce0dc0022b289230bfdfd587bbfafe2a2
no_melanoma,ISIC_NON_0526.jpg,c:\Users\elpro\Documents\Github\melanoma\imagenes\dataset_balanceado_1200_estructura_original\No melanoma\ISIC_NON_0526.jpg,augmented_from_source,flip_h+rot_5+bright_1.062+contrast_1.088+color_1.051+sharp_1.053+crop_0.913,c:\Users\elpro\Documents\Github\melanoma\imagenes\IMAGENES DEMARTOLOGICAS\No melanoma\istockphoto-963732384-612x612.jpg,41185ce87d761ca05afb04914418bd4c5e016a0b8c5eb5615586f3463ca99565
no_melanoma,ISIC_NON_0527.jpg,c:\Users\elpro\Documents\Github\melanoma\imagenes\dataset_balanceado_1200_estructura_original\No melanoma\ISIC_NON_0527.jpg,augmented_from_source,rot_12+bright_0.887+contrast_0.926+color_1.053+sharp_1.117+crop_0.920,c:\Users\elpro\Documents\Github\melanoma\imagenes\IMAGENES DEMARTOLOGICAS\No melanoma\ISIC_0000164.jpg,884fb69f338228323d996121c21f3b9f6a188c0fbeda86207c78e6c188ba4dd9
no_melanoma,ISIC_NON_0528.jpg,c:\Users\elpro\Documents\Github\melanoma\imagenes\dataset_balanceado_1200_estructura_original\No melanoma\ISIC_NON_0528.jpg,augmented_from_source,rot_5+bright_1.001+contrast_1.032+color_0.940+sharp_0.956+crop_0.930,c:\Users\elpro\Documents\Github\melanoma\imagenes\IMAGENES DEMARTOLOGICAS\No melanoma\ISIC_0001140.jpg,6e91fda9fa49f5691b00352d81e15764941e80ae19df50d5334535a735d2f243
no_melanoma,ISIC_NON_0529.jpg,c:\Users\elpro\Documents\Github\melanoma\imagenes\dataset_balanceado_1200_estructura_original\No melanoma\ISIC_NON_0529.jpg,augmented_from_source,flip_h+rot_-8+bright_0.919+contrast_1.095+color_1.040+sharp_1.088+crop_0.923,c:\Users\elpro\Documents\Github\melanoma\imagenes\IMAGENES DEMARTOLOGICAS\No melanoma\ISIC_0000410.jpg,df0faa5da65339ce1857ccc492eb2cef8b598575fc82e6703c6eafccf1d368b3
no_melanoma,ISIC_NON_0530.jpg,c:\Users\elpro\Documents\Github\melanoma\imagenes\dataset_balanceado_1200_estructura_original\No melanoma\ISIC_NON_0530.jpg,augmented_from_source,rot_270+bright_1.035+contrast_1.043+color_0.963+sharp_1.032+crop_0.902,c:\Users\elpro\Documents\Github\melanoma\imagenes\IMAGENES DEMARTOLOGICAS\No melanoma\istockphoto-639493968-612x612.jpg,e1c8ccabbe383e6fc80e6935d8d4d5d5f1a21cf04305839f17b68469ef43c03c
no_melanoma,ISIC_NON_0531.jpg,c:\Users\elpro\Documents\Github\melanoma\imagenes\dataset_balanceado_1200_estructura_original\No melanoma\ISIC_NON_0531.jpg,augmented_from_source,flip_h+flip_v+bright_0.934+contrast_1.026+color_1.071+sharp_1.093+crop_0.957,c:\Users\elpro\Documents\Github\melanoma\imagenes\IMAGENES DEMARTOLOGICAS\No melanoma\sebks04.jpg,f8de0d6a20f5d6a4a2ca325a563fa6d177720fa3284ab24c0f528172f1b284d9
no_melanoma,ISIC_NON_0532.jpg,c:\Users\elpro\Documents\Github\melanoma\imagenes\dataset_balanceado_1200_estructura_original\No melanoma\ISIC_NON_0532.jpg,augmented_from_source,rot_270+bright_0.992+contrast_1.043+color_1.052+sharp_1.029+crop_0.908,c:\Users\elpro\Documents\Github\melanoma\imagenes\IMAGENES DEMARTOLOGICAS\No melanoma\ISIC_0000293.jpg,a05dcff00d1cd0f9f6a530100f86ca7b8058fb1007f4ba8bc8b18d7919a0347e
no_melanoma,ISIC_NON_0533.jpg,c:\Users\elpro\Documents\Github\melanoma\imagenes\dataset_balanceado_1200_estructura_original\No melanoma\ISIC_NON_0533.jpg,augmented_from_source,rot_90+bright_0.996+contrast_0.961+color_0.964+sharp_1.015+crop_0.922,c:\Users\elpro\Documents\Github\melanoma\imagenes\IMAGENES DEMARTOLOGICAS\No melanoma\ISIC_0000300.jpg,fed21e449403ee4a64e5d6069f32445b52ab1e302f1dac8eb2c2daa7002c821b
no_melanoma,ISIC_NON_0534.jpg,c:\Users\elpro\Documents\Github\melanoma\imagenes\dataset_balanceado_1200_estructura_original\No melanoma\ISIC_NON_0534.jpg,augmented_from_source,flip_v+rot_8+bright_1.064+contrast_1.096+color_1.049+sharp_1.110+crop_0.948+blur_0.5,c:\Users\elpro\Documents\Github\melanoma\imagenes\IMAGENES DEMARTOLOGICAS\No melanoma\ISIC_0000139.jpg,3ece623b7260f6238136be33cb0a249fe4099a194a27fda1a4103683d4304423
no_melanoma,ISIC_NON_0535.jpg,c:\Users\elpro\Documents\Github\melanoma\imagenes\dataset_balanceado_1200_estructura_original\No melanoma\ISIC_NON_0535.jpg,augmented_from_source,flip_h+rot_-12+bright_0.942+contrast_0.980+color_0.982+sharp_0.957+crop_0.957,c:\Users\elpro\Documents\Github\melanoma\imagenes\IMAGENES DEMARTOLOGICAS\No melanoma\ISIC_0000511.jpg,b6b7e4524f49210a5ad3a91eafb3b83f839b7c0cfb1e3db9e3708a7f5bd48977
no_melanoma,ISIC_NON_0536.jpg,c:\Users\elpro\Documents\Github\melanoma\imagenes\dataset_balanceado_1200_estructura_original\No melanoma\ISIC_NON_0536.jpg,augmented_from_source,rot_5+bright_1.098+contrast_1.041+color_1.001+sharp_1.119+crop_0.967+blur_0.5,c:\Users\elpro\Documents\Github\melanoma\imagenes\IMAGENES DEMARTOLOGICAS\No melanoma\bcc-type-vi.jpg,c93f98dabd180e1396f6aa8e42303caf1669291afad3e4b3ca27a4cba0bd688b
no_melanoma,ISIC_NON_0537.jpg,c:\Users\elpro\Documents\Github\melanoma\imagenes\dataset_balanceado_1200_estructura_original\No melanoma\ISIC_NON_0537.jpg,augmented_from_source,flip_h+rot_8+bright_1.063+contrast_0.924+color_1.029+sharp_1.017+crop_0.907,c:\Users\elpro\Documents\Github\melanoma\imagenes\IMAGENES DEMARTOLOGICAS\No melanoma\impetigo-type-ii-2.jpg,4cd3577ebf2479ab1e6123a845481b3ae2c4bb031821219596dcd6c1aa4629d5
no_melanoma,ISIC_NON_0538.jpg,c:\Users\elpro\Documents\Github\melanoma\imagenes\dataset_balanceado_1200_estructura_original\No melanoma\ISIC_NON_0538.jpg,augmented_from_source,flip_h+rot_-8+bright_0.969+contrast_1.021+color_0.994+sharp_0.974+crop_0.904,c:\Users\elpro\Documents\Github\melanoma\imagenes\IMAGENES DEMARTOLOGICAS\No melanoma\ISIC_0000161.jpg,c5aca20d53a88fe74e816933d9457c1a43c9722f9e657f7a30403551c4e9a08f
no_melanoma,ISIC_NON_0539.jpg,c:\Users\elpro\Documents\Github\melanoma\imagenes\dataset_balanceado_1200_estructura_original\No melanoma\ISIC_NON_0539.jpg,augmented_from_source,flip_h+flip_v+rot_-5+bright_1.007+contrast_0.979+color_1.059+sharp_0.980+crop_0.979,c:\Users\elpro\Documents\Github\melanoma\imagenes\IMAGENES DEMARTOLOGICAS\No melanoma\istockphoto-1203970596-612x612.jpg,b71d0fd70568496befb970fb38c076268ddacecd3510e0c649317165ec322096
no_melanoma,ISIC_NON_0540.jpg,c:\Users\elpro\Documents\Github\melanoma\imagenes\dataset_balanceado_1200_estructura_original\No melanoma\ISIC_NON_0540.jpg,augmented_from_source,rot_180+bright_0.956+contrast_1.052+color_1.045+sharp_1.048+crop_0.950,c:\Users\elpro\Documents\Github\melanoma\imagenes\IMAGENES DEMARTOLOGICAS\No melanoma\ISIC_0000302.jpg,10dad677ee4a9395e93979fc7582f606a6ed31ce5f34e2ce383630ed6d1c942c
no_melanoma,ISIC_NON_0541.jpg,c:\Users\elpro\Documents\Github\melanoma\imagenes\dataset_balanceado_1200_estructura_original\No melanoma\ISIC_NON_0541.jpg,augmented_from_source,flip_h+rot_180+bright_1.018+contrast_0.918+color_1.046+sharp_1.106+crop_0.910,c:\Users\elpro\Documents\Github\melanoma\imagenes\IMAGENES DEMARTOLOGICAS\No melanoma\ISIC_0001106.jpg,556e1eca2cf6e4aa3db2bf55262e985ff32383c2fd8f5fd77c254e7fa9950b14
no_melanoma,ISIC_NON_0542.jpg,c:\Users\elpro\Documents\Github\melanoma\imagenes\dataset_balanceado_1200_estructura_original\No melanoma\ISIC_NON_0542.jpg,augmented_from_source,flip_h+bright_0.889+contrast_0.928+color_0.980+sharp_0.953+crop_0.926+blur_0.5,c:\Users\elpro\Documents\Github\melanoma\imagenes\IMAGENES DEMARTOLOGICAS\No melanoma\sebks20.jpg,3d7b250e5457d2b65dcf74a82d7a07b75872d9f405539e2d07d6ac29326575e2
no_melanoma,ISIC_NON_0543.jpg,c:\Users\elpro\Documents\Github\melanoma\imagenes\dataset_balanceado_1200_estructura_original\No melanoma\ISIC_NON_0543.jpg,augmented_from_source,flip_h+rot_270+bright_1.046+contrast_0.963+color_0.941+sharp_1.027+crop_0.947,c:\Users\elpro\Documents\Github\melanoma\imagenes\IMAGENES DEMARTOLOGICAS\No melanoma\istockphoto-1185724552-612x612.jpg,0deea350372db7dd44f6395aa588765f39cd870592b06b677f878ee71a0a3707
no_melanoma,ISIC_NON_0544.jpg,c:\Users\elpro\Documents\Github\melanoma\imagenes\dataset_balanceado_1200_estructura_original\No melanoma\ISIC_NON_0544.jpg,augmented_from_source,flip_h+rot_8+bright_1.023+contrast_0.961+color_1.062+sharp_1.149+crop_0.927,c:\Users\elpro\Documents\Github\melanoma\imagenes\IMAGENES DEMARTOLOGICAS\No melanoma\sebks26.jpg,6dce1fb2c74967fab049a0bce18e3075932517ea07222501783b31d932c7e094
no_melanoma,ISIC_NON_0545.jpg,c:\Users\elpro\Documents\Github\melanoma\imagenes\dataset_balanceado_1200_estructura_original\No melanoma\ISIC_NON_0545.jpg,augmented_from_source,flip_h+rot_-5+bright_0.885+contrast_0.934+color_1.078+sharp_0.992+crop_0.902,c:\Users\elpro\Documents\Github\melanoma\imagenes\IMAGENES DEMARTOLOGICAS\No melanoma\ISIC_0000143.jpg,d8c239ff2dfd072d82aff7c91d41b7dccbef2433eea761fe97c1d12622884679
no_melanoma,ISIC_NON_0546.jpg,c:\Users\elpro\Documents\Github\melanoma\imagenes\dataset_balanceado_1200_estructura_original\No melanoma\ISIC_NON_0546.jpg,augmented_from_source,flip_v+rot_-12+bright_1.065+contrast_1.030+color_1.015+sharp_0.960+crop_0.909,c:\Users\elpro\Documents\Github\melanoma\imagenes\IMAGENES DEMARTOLOGICAS\No melanoma\avm-type-iv.jpg,36250b3f4dc88f8de753f2bbdf3286a61bf1f5c502528f96694f548856635c8d
no_melanoma,ISIC_NON_0547.jpg,c:\Users\elpro\Documents\Github\melanoma\imagenes\dataset_balanceado_1200_estructura_original\No melanoma\ISIC_NON_0547.jpg,augmented_from_source,flip_h+rot_8+bright_0.941+contrast_1.048+color_0.953+sharp_1.087+crop_0.901,c:\Users\elpro\Documents\Github\melanoma\imagenes\IMAGENES DEMARTOLOGICAS\No melanoma\ISIC_0000149.jpg,75b97b1fd38de57e809be869d217e3a80ff9078fc3ec55b5caaabbde9c6a7f21
no_melanoma,ISIC_NON_0548.jpg,c:\Users\elpro\Documents\Github\melanoma\imagenes\dataset_balanceado_1200_estructura_original\No melanoma\ISIC_NON_0548.jpg,augmented_from_source,flip_h+rot_180+bright_0.981+contrast_1.096+color_1.002+sharp_1.074+crop_0.923,c:\Users\elpro\Documents\Github\melanoma\imagenes\IMAGENES DEMARTOLOGICAS\No melanoma\ISIC_0000150.jpg,49edb1bf2a5bc24d73cd8bcf78369548dd52b3782ae5619b78b50ac9149ca7c5
no_melanoma,ISIC_NON_0549.jpg,c:\Users\elpro\Documents\Github\melanoma\imagenes\dataset_balanceado_1200_estructura_original\No melanoma\ISIC_NON_0549.jpg,augmented_from_source,flip_h+rot_8+bright_1.114+contrast_0.966+color_0.986+sharp_0.982+crop_0.944,c:\Users\elpro\Documents\Github\melanoma\imagenes\IMAGENES DEMARTOLOGICAS\No melanoma\ISIC_0000280.jpg,508a1badc02d4cddca4ea427615aff0ddc56a5767292bbbb3a8ce1869d1459e6
no_melanoma,ISIC_NON_0550.jpg,c:\Users\elpro\Documents\Github\melanoma\imagenes\dataset_balanceado_1200_estructura_original\No melanoma\ISIC_NON_0550.jpg,augmented_from_source,flip_h+flip_v+bright_1.041+contrast_1.098+color_1.054+sharp_1.084+crop_0.912+blur_0.5,c:\Users\elpro\Documents\Github\melanoma\imagenes\IMAGENES DEMARTOLOGICAS\No melanoma\sebks39.jpg,0f82e78c190b4d366da1008d69eb8da2ac4c669c8b9b01531ff489f9ffdd0703
no_melanoma,ISIC_NON_0551.jpg,c:\Users\elpro\Documents\Github\melanoma\imagenes\dataset_balanceado_1200_estructura_original\No melanoma\ISIC_NON_0551.jpg,augmented_from_source,rot_270+bright_0.990+contrast_1.115+color_0.962+sharp_0.960+crop_0.965,c:\Users\elpro\Documents\Github\melanoma\imagenes\IMAGENES DEMARTOLOGICAS\No melanoma\sebks57.jpg,de151f027177dba551805c6ce0216d1243a9869340ff8f3efbfdcafdb77e6e66
no_melanoma,ISIC_NON_0552.jpg,c:\Users\elpro\Documents\Github\melanoma\imagenes\dataset_balanceado_1200_estructura_original\No melanoma\ISIC_NON_0552.jpg,augmented_from_source,rot_90+bright_0.903+contrast_1.062+color_0.927+sharp_1.120+crop_0.953,c:\Users\elpro\Documents\Github\melanoma\imagenes\IMAGENES DEMARTOLOGICAS\No melanoma\ISIC_0000526.jpg,1bc6eb3541f0124e595bfb81302a1db13c9debee2eea6123c49c29b48097de2d
no_melanoma,ISIC_NON_0553.jpg,c:\Users\elpro\Documents\Github\melanoma\imagenes\dataset_balanceado_1200_estructura_original\No melanoma\ISIC_NON_0553.jpg,augmented_from_source,flip_h+rot_90+bright_0.969+contrast_0.962+color_0.938+sharp_1.030+crop_0.937,c:\Users\elpro\Documents\Github\melanoma\imagenes\IMAGENES DEMARTOLOGICAS\No melanoma\ISIC_0000305.jpg,f0985ae691633622a7b7cb3d1acf8a8dade10a3c6c0a12503d1c3b973150587a
no_melanoma,ISIC_NON_0554.jpg,c:\Users\elpro\Documents\Github\melanoma\imagenes\dataset_balanceado_1200_estructura_original\No melanoma\ISIC_NON_0554.jpg,augmented_from_source,rot_90+bright_0.912+contrast_1.054+color_1.077+sharp_1.119+crop_0.908,c:\Users\elpro\Documents\Github\melanoma\imagenes\IMAGENES DEMARTOLOGICAS\No melanoma\ISIC_0000281.jpg,9d8690256dafeab35f88df4bb14f9f112b3b4cf146b92d83490e6c8ddac363a2
no_melanoma,ISIC_NON_0555.jpg,c:\Users\elpro\Documents\Github\melanoma\imagenes\dataset_balanceado_1200_estructura_original\No melanoma\ISIC_NON_0555.jpg,augmented_from_source,flip_v+rot_-5+bright_1.067+contrast_1.027+color_1.058+sharp_1.126+crop_0.958,c:\Users\elpro\Documents\Github\melanoma\imagenes\IMAGENES DEMARTOLOGICAS\No melanoma\4a.jpeg,39568cb5d8615d0a3732d1e79e6dfa8218bdbb1f3b597236452c0ccfad92c119
no_melanoma,ISIC_NON_0556.jpg,c:\Users\elpro\Documents\Github\melanoma\imagenes\dataset_balanceado_1200_estructura_original\No melanoma\ISIC_NON_0556.jpg,augmented_from_source,flip_h+bright_0.895+contrast_1.037+color_0.922+sharp_1.124+crop_0.942,c:\Users\elpro\Documents\Github\melanoma\imagenes\IMAGENES DEMARTOLOGICAS\No melanoma\acne-type-v.jpg,f65fd705022efea58bcedae33ecf96337542f82d376e0ee8d6df4f1d7f2fbce9
no_melanoma,ISIC_NON_0557.jpg,c:\Users\elpro\Documents\Github\melanoma\imagenes\dataset_balanceado_1200_estructura_original\No melanoma\ISIC_NON_0557.jpg,augmented_from_source,flip_h+rot_-8+bright_1.005+contrast_1.045+color_1.019+sharp_1.037+crop_0.958,c:\Users\elpro\Documents\Github\melanoma\imagenes\IMAGENES DEMARTOLOGICAS\No melanoma\bcc-type-i-2.jpg,b01a6b3793809581d4f15f47c13aecddadfa52f8fcea528cf34123cb62ee55d9
no_melanoma,ISIC_NON_0558.jpg,c:\Users\elpro\Documents\Github\melanoma\imagenes\dataset_balanceado_1200_estructura_original\No melanoma\ISIC_NON_0558.jpg,augmented_from_source,flip_v+rot_8+bright_1.094+contrast_1.027+color_0.922+sharp_1.137+crop_0.940,c:\Users\elpro\Documents\Github\melanoma\imagenes\IMAGENES DEMARTOLOGICAS\No melanoma\impetigo-type-iii.jpg,766007244d5a5756b357704f225677698a2ad4206b560257f3db9fcebd0b3109
no_melanoma,ISIC_NON_0559.jpg,c:\Users\elpro\Documents\Github\melanoma\imagenes\dataset_balanceado_1200_estructura_original\No melanoma\ISIC_NON_0559.jpg,augmented_from_source,flip_h+rot_270+bright_0.959+contrast_0.947+color_1.001+sharp_1.060+crop_0.930,c:\Users\elpro\Documents\Github\melanoma\imagenes\IMAGENES DEMARTOLOGICAS\No melanoma\ISIC_0000469.jpg,9b054ab32ec207183e3812454e1e9d94cf1268d834072e679245b30e87b71f05
no_melanoma,ISIC_NON_0560.jpg,c:\Users\elpro\Documents\Github\melanoma\imagenes\dataset_balanceado_1200_estructura_original\No melanoma\ISIC_NON_0560.jpg,augmented_from_source,rot_5+bright_0.987+contrast_0.908+color_1.000+sharp_1.081+crop_0.908,c:\Users\elpro\Documents\Github\melanoma\imagenes\IMAGENES DEMARTOLOGICAS\No melanoma\ISIC_0000170.jpg,fd3ff45eb1eacd9849c02e1b0e2fb57ccb43efbb9c19ea6fb06096fa8fadf964
no_melanoma,ISIC_NON_0561.jpg,c:\Users\elpro\Documents\Github\melanoma\imagenes\dataset_balanceado_1200_estructura_original\No melanoma\ISIC_NON_0561.jpg,augmented_from_source,flip_h+flip_v+rot_12+bright_1.111+contrast_1.033+color_1.062+sharp_1.062+crop_0.952,c:\Users\elpro\Documents\Github\melanoma\imagenes\IMAGENES DEMARTOLOGICAS\No melanoma\ISIC_0000278.jpg,4b7f518505632d94e19964efec9332ee2f8786ec2f3168233d65c6cf088897ec
no_melanoma,ISIC_NON_0562.jpg,c:\Users\elpro\Documents\Github\melanoma\imagenes\dataset_balanceado_1200_estructura_original\No melanoma\ISIC_NON_0562.jpg,augmented_from_source,flip_h+flip_v+rot_5+bright_0.960+contrast_1.064+color_1.016+sharp_1.093+crop_0.929+blur_0.5,c:\Users\elpro\Documents\Github\melanoma\imagenes\IMAGENES DEMARTOLOGICAS\No melanoma\ISIC_0000311.jpg,f4a1b31c4b7db3306bc954b7a27465678c615f28b331278b1e10571d4a5490a8
no_melanoma,ISIC_NON_0563.jpg,c:\Users\elpro\Documents\Github\melanoma\imagenes\dataset_balanceado_1200_estructura_original\No melanoma\ISIC_NON_0563.jpg,augmented_from_source,flip_v+rot_-8+bright_1.079+contrast_1.111+color_0.967+sharp_1.054+crop_0.956,c:\Users\elpro\Documents\Github\melanoma\imagenes\IMAGENES DEMARTOLOGICAS\No melanoma\atopic-dermatitis-type-iv-2.jpg,d4a302697c7ca2235dc7c6555b9f710fd413faba5af39863ecaddbf48a256a0a
no_melanoma,ISIC_NON_0564.jpg,c:\Users\elpro\Documents\Github\melanoma\imagenes\dataset_balanceado_1200_estructura_original\No melanoma\ISIC_NON_0564.jpg,augmented_from_source,rot_-5+bright_0.906+contrast_1.027+color_0.950+sharp_1.136+crop_0.931,c:\Users\elpro\Documents\Github\melanoma\imagenes\IMAGENES DEMARTOLOGICAS\No melanoma\infantile-hemangioma-5.png,67a74315ce8d74265f0b6182e6b475b1ede91879fc3a273f09c11431248a7b22
no_melanoma,ISIC_NON_0565.jpg,c:\Users\elpro\Documents\Github\melanoma\imagenes\dataset_balanceado_1200_estructura_original\No melanoma\ISIC_NON_0565.jpg,augmented_from_source,flip_v+rot_-5+bright_0.891+contrast_1.032+color_1.028+sharp_0.975+crop_0.971,c:\Users\elpro\Documents\Github\melanoma\imagenes\IMAGENES DEMARTOLOGICAS\No melanoma\3b.jpg,8d6826fd9a06679780ebf993809002c13b49bfa62d631aca89978c14ef2999a1
no_melanoma,ISIC_NON_0566.jpg,c:\Users\elpro\Documents\Github\melanoma\imagenes\dataset_balanceado_1200_estructura_original\No melanoma\ISIC_NON_0566.jpg,augmented_from_source,bright_1.007+contrast_0.892+color_1.070+sharp_1.118+crop_0.939,c:\Users\elpro\Documents\Github\melanoma\imagenes\IMAGENES DEMARTOLOGICAS\No melanoma\ISIC_0000297.jpg,4f5d59dceaa6b88ac8d00b20bed90867a5bebdf4c41022ab52d153984a35da18
no_melanoma,ISIC_NON_0567.jpg,c:\Users\elpro\Documents\Github\melanoma\imagenes\dataset_balanceado_1200_estructura_original\No melanoma\ISIC_NON_0567.jpg,augmented_from_source,flip_h+rot_90+bright_0.973+contrast_1.024+color_1.061+sharp_1.051+crop_0.931,c:\Users\elpro\Documents\Github\melanoma\imagenes\IMAGENES DEMARTOLOGICAS\No melanoma\ISIC_0000070.jpg,53979a4f36cb9c2ff3ca613770f0d2894e387ea2ad87d09ff87255cf04304aad
no_melanoma,ISIC_NON_0568.jpg,c:\Users\elpro\Documents\Github\melanoma\imagenes\dataset_balanceado_1200_estructura_original\No melanoma\ISIC_NON_0568.jpg,augmented_from_source,flip_h+rot_180+bright_0.913+contrast_1.025+color_1.062+sharp_1.052+crop_0.967,c:\Users\elpro\Documents\Github\melanoma\imagenes\IMAGENES DEMARTOLOGICAS\No melanoma\ISIC_0000310.jpg,c79c81460c21a2d8a04dd9a5a531d638addc37345b5de672fe7f96c2fda1d590
no_melanoma,ISIC_NON_0569.jpg,c:\Users\elpro\Documents\Github\melanoma\imagenes\dataset_balanceado_1200_estructura_original\No melanoma\ISIC_NON_0569.jpg,augmented_from_source,rot_270+bright_0.930+contrast_1.051+color_1.030+sharp_1.134+crop_0.911,c:\Users\elpro\Documents\Github\melanoma\imagenes\IMAGENES DEMARTOLOGICAS\No melanoma\ISIC_0000173.jpg,915078b982283cb059412585d47b998a123d391d61ccb1c05b734c0da5b6596c
no_melanoma,ISIC_NON_0570.jpg,c:\Users\elpro\Documents\Github\melanoma\imagenes\dataset_balanceado_1200_estructura_original\No melanoma\ISIC_NON_0570.jpg,augmented_from_source,rot_-8+bright_1.015+contrast_1.020+color_1.071+sharp_1.092+crop_0.954,c:\Users\elpro\Documents\Github\melanoma\imagenes\IMAGENES DEMARTOLOGICAS\No melanoma\sebks02.jpg,bc67a757c9a131ff3b05c8dcd13156a2e329ff7ee8c64e3e1182c28866ae07d7
no_melanoma,ISIC_NON_0571.jpg,c:\Users\elpro\Documents\Github\melanoma\imagenes\dataset_balanceado_1200_estructura_original\No melanoma\ISIC_NON_0571.jpg,augmented_from_source,rot_8+bright_0.906+contrast_0.971+color_0.928+sharp_0.961+crop_0.921,c:\Users\elpro\Documents\Github\melanoma\imagenes\IMAGENES DEMARTOLOGICAS\No melanoma\impetigo-type-vi-2 (1).jpg,b06621b7d21c500aeb2a36edcd556d6809a2d167112b7a80cf825fba562949cc
no_melanoma,ISIC_NON_0572.jpg,c:\Users\elpro\Documents\Github\melanoma\imagenes\dataset_balanceado_1200_estructura_original\No melanoma\ISIC_NON_0572.jpg,augmented_from_source,flip_h+flip_v+rot_-12+bright_0.929+contrast_1.010+color_0.977+sharp_1.041+crop_0.949,c:\Users\elpro\Documents\Github\melanoma\imagenes\IMAGENES DEMARTOLOGICAS\No melanoma\ISIC_0000554.jpg,d79eb3b784d532767046abb60921c84058a4ae0b262e14f89dffda88ffcf21dc
no_melanoma,ISIC_NON_0573.jpg,c:\Users\elpro\Documents\Github\melanoma\imagenes\dataset_balanceado_1200_estructura_original\No melanoma\ISIC_NON_0573.jpg,augmented_from_source,flip_v+rot_-12+bright_1.046+contrast_0.891+color_0.981+sharp_1.033+crop_0.963+blur_0.5,c:\Users\elpro\Documents\Github\melanoma\imagenes\IMAGENES DEMARTOLOGICAS\No melanoma\atopic-dermatitis-type-v-2.jpg,a3de3c1773200b73a7dca87bf7769e0d9089bdf0bf8e820d35312d4fa421e3a6
no_melanoma,ISIC_NON_0574.jpg,c:\Users\elpro\Documents\Github\melanoma\imagenes\dataset_balanceado_1200_estructura_original\No melanoma\ISIC_NON_0574.jpg,augmented_from_source,flip_v+rot_5+bright_1.079+contrast_1.099+color_1.033+sharp_1.080+crop_0.960,c:\Users\elpro\Documents\Github\melanoma\imagenes\IMAGENES DEMARTOLOGICAS\No melanoma\istockphoto-987809326-612x612.jpg,d1c1644ee0998a124e67562b2565949ff209935e306b6488de316f2caf61032f
no_melanoma,ISIC_NON_0575.jpg,c:\Users\elpro\Documents\Github\melanoma\imagenes\dataset_balanceado_1200_estructura_original\No melanoma\ISIC_NON_0575.jpg,augmented_from_source,rot_180+bright_1.116+contrast_0.898+color_1.074+sharp_1.097+crop_0.910,c:\Users\elpro\Documents\Github\melanoma\imagenes\IMAGENES DEMARTOLOGICAS\No melanoma\istockphoto-1159780565-612x612.jpg,c7c539ceffe8b97bc1a0ac133e7db51d5d2b4dddc41035927507b402a57805ee
no_melanoma,ISIC_NON_0576.jpg,c:\Users\elpro\Documents\Github\melanoma\imagenes\dataset_balanceado_1200_estructura_original\No melanoma\ISIC_NON_0576.jpg,augmented_from_source,flip_h+flip_v+rot_-12+bright_0.881+contrast_0.992+color_1.070+sharp_0.958+crop_0.974,c:\Users\elpro\Documents\Github\melanoma\imagenes\IMAGENES DEMARTOLOGICAS\No melanoma\sebks13.jpg,d9084b3dd22d52762d6d168c4160d8966deb38c8c60a6781747b9f2eaa12b673
no_melanoma,ISIC_NON_0577.jpg,c:\Users\elpro\Documents\Github\melanoma\imagenes\dataset_balanceado_1200_estructura_original\No melanoma\ISIC_NON_0577.jpg,augmented_from_source,rot_5+bright_1.070+contrast_1.012+color_0.932+sharp_1.092+crop_0.942+blur_0.5,c:\Users\elpro\Documents\Github\melanoma\imagenes\IMAGENES DEMARTOLOGICAS\No melanoma\avm-type-iv-2.jpg,1e322bb6945a20f65aca1b5f1914d9486ba9daee4be970b7f85db082a4189096
no_melanoma,ISIC_NON_0578.jpg,c:\Users\elpro\Documents\Github\melanoma\imagenes\dataset_balanceado_1200_estructura_original\No melanoma\ISIC_NON_0578.jpg,augmented_from_source,rot_8+bright_0.977+contrast_0.964+color_1.061+sharp_1.083+crop_0.926,c:\Users\elpro\Documents\Github\melanoma\imagenes\IMAGENES DEMARTOLOGICAS\No melanoma\ISIC_0000393.jpg,2551cfd810323ca72315109cddc6c2ce8ad9f0947de2b51de4944de95c1532a9
no_melanoma,ISIC_NON_0579.jpg,c:\Users\elpro\Documents\Github\melanoma\imagenes\dataset_balanceado_1200_estructura_original\No melanoma\ISIC_NON_0579.jpg,augmented_from_source,rot_8+bright_1.078+contrast_1.115+color_0.921+sharp_1.084+crop_0.936,c:\Users\elpro\Documents\Github\melanoma\imagenes\IMAGENES DEMARTOLOGICAS\No melanoma\ISIC_0000521.jpg,2f69fe2fce0f44b683a8de453357d5d0388195f3f9bdcb44fc2219b0caa76469
no_melanoma,ISIC_NON_0580.jpg,c:\Users\elpro\Documents\Github\melanoma\imagenes\dataset_balanceado_1200_estructura_original\No melanoma\ISIC_NON_0580.jpg,augmented_from_source,rot_90+bright_0.973+contrast_1.010+color_0.965+sharp_1.132+crop_0.966,c:\Users\elpro\Documents\Github\melanoma\imagenes\IMAGENES DEMARTOLOGICAS\No melanoma\atopic-dermatitis-type-v.jpg,a8a970f0ed250c0f63391d87ec7f98946f175ff90006bb499191c9c387183b04
no_melanoma,ISIC_NON_0581.jpg,c:\Users\elpro\Documents\Github\melanoma\imagenes\dataset_balanceado_1200_estructura_original\No melanoma\ISIC_NON_0581.jpg,augmented_from_source,flip_h+flip_v+rot_270+bright_0.957+contrast_0.900+color_0.935+sharp_1.144+crop_0.962,c:\Users\elpro\Documents\Github\melanoma\imagenes\IMAGENES DEMARTOLOGICAS\No melanoma\ISIC_0001134.jpg,f3041d69eab0f0e3916e44d000f534158caa17e78f735305567cca35a72e9cd2
no_melanoma,ISIC_NON_0582.jpg,c:\Users\elpro\Documents\Github\melanoma\imagenes\dataset_balanceado_1200_estructura_original\No melanoma\ISIC_NON_0582.jpg,augmented_from_source,flip_h+rot_270+bright_1.088+contrast_0.982+color_0.937+sharp_1.058+crop_0.956,c:\Users\elpro\Documents\Github\melanoma\imagenes\IMAGENES DEMARTOLOGICAS\No melanoma\ISIC_0000159.jpg,2d4a837d48b64115b14a4d2517f915c772509102e1e5d385e0d4c29402bccbf6
no_melanoma,ISIC_NON_0583.jpg,c:\Users\elpro\Documents\Github\melanoma\imagenes\dataset_balanceado_1200_estructura_original\No melanoma\ISIC_NON_0583.jpg,augmented_from_source,flip_h+rot_-8+bright_0.889+contrast_0.898+color_0.948+sharp_1.000+crop_0.906,c:\Users\elpro\Documents\Github\melanoma\imagenes\IMAGENES DEMARTOLOGICAS\No melanoma\ISIC_0000406.jpg,1b8e8517fcec641384a21313b6035b02f703cc3e330dfcb8baa6d331a07eedbd
no_melanoma,ISIC_NON_0584.jpg,c:\Users\elpro\Documents\Github\melanoma\imagenes\dataset_balanceado_1200_estructura_original\No melanoma\ISIC_NON_0584.jpg,augmented_from_source,flip_h+rot_-8+bright_0.884+contrast_1.042+color_1.006+sharp_1.078+crop_0.949+blur_0.5,c:\Users\elpro\Documents\Github\melanoma\imagenes\IMAGENES DEMARTOLOGICAS\No melanoma\3b.jpeg,98c0029fdd7492b30fc6beebe684709a5db19eef2040f7c5d173257e2e279314
no_melanoma,ISIC_NON_0585.jpg,c:\Users\elpro\Documents\Github\melanoma\imagenes\dataset_balanceado_1200_estructura_original\No melanoma\ISIC_NON_0585.jpg,augmented_from_source,rot_8+bright_0.905+contrast_1.069+color_0.968+sharp_0.967+crop_0.961,c:\Users\elpro\Documents\Github\melanoma\imagenes\IMAGENES DEMARTOLOGICAS\No melanoma\acne-type-i-2.jpg,7685521cfb24359e46d0f95fa36cb1f5128fd0367ffd30938963340190f1746b
no_melanoma,ISIC_NON_0586.jpg,c:\Users\elpro\Documents\Github\melanoma\imagenes\dataset_balanceado_1200_estructura_original\No melanoma\ISIC_NON_0586.jpg,augmented_from_source,rot_8+bright_0.933+contrast_1.059+color_1.047+sharp_1.120+crop_0.924,c:\Users\elpro\Documents\Github\melanoma\imagenes\IMAGENES DEMARTOLOGICAS\No melanoma\istockphoto-637710998-612x612.jpg,99cc967b3ae71fcb16523a0cbc915a8dcd3a336833d514f045757a125e8c4563
no_melanoma,ISIC_NON_0587.jpg,c:\Users\elpro\Documents\Github\melanoma\imagenes\dataset_balanceado_1200_estructura_original\No melanoma\ISIC_NON_0587.jpg,augmented_from_source,rot_-8+bright_1.110+contrast_0.883+color_1.060+sharp_0.978+crop_0.903,c:\Users\elpro\Documents\Github\melanoma\imagenes\IMAGENES DEMARTOLOGICAS\No melanoma\ISIC_0000304.jpg,85ed93434aad1fb3b0cb5621fa3225a3f155e971e1e0cdae574a112b84593509
no_melanoma,ISIC_NON_0588.jpg,c:\Users\elpro\Documents\Github\melanoma\imagenes\dataset_balanceado_1200_estructura_original\No melanoma\ISIC_NON_0588.jpg,augmented_from_source,flip_v+rot_270+bright_1.060+contrast_1.097+color_0.975+sharp_1.033+crop_0.952,c:\Users\elpro\Documents\Github\melanoma\imagenes\IMAGENES DEMARTOLOGICAS\No melanoma\ISIC_0001142.jpg,aafd44a3ed7b6e0696918b2d486fa38b6b124b8ef2d5de2959e419e0286595a0
no_melanoma,ISIC_NON_0589.jpg,c:\Users\elpro\Documents\Github\melanoma\imagenes\dataset_balanceado_1200_estructura_original\No melanoma\ISIC_NON_0589.jpg,augmented_from_source,flip_h+rot_270+bright_0.908+contrast_1.041+color_1.011+sharp_0.961+crop_0.960,c:\Users\elpro\Documents\Github\melanoma\imagenes\IMAGENES DEMARTOLOGICAS\No melanoma\bullous-impetigo-type-iv-2.jpg,d2a453298eff16dd1eda1399df4fa4f9a9d2942a5906042c5d637f972ec9e83f
no_melanoma,ISIC_NON_0590.jpg,c:\Users\elpro\Documents\Github\melanoma\imagenes\dataset_balanceado_1200_estructura_original\No melanoma\ISIC_NON_0590.jpg,augmented_from_source,flip_h+rot_-12+bright_0.904+contrast_1.054+color_0.998+sharp_1.016+crop_0.910+blur_0.5,c:\Users\elpro\Documents\Github\melanoma\imagenes\IMAGENES DEMARTOLOGICAS\No melanoma\alopecia-areata-type-5-2.png,916d19f85696101ff86bbf792f1d7e587e5fcce1d39f79081db0def22e4ca347
no_melanoma,ISIC_NON_0591.jpg,c:\Users\elpro\Documents\Github\melanoma\imagenes\dataset_balanceado_1200_estructura_original\No melanoma\ISIC_NON_0591.jpg,augmented_from_source,rot_-8+bright_0.997+contrast_0.959+color_1.026+sharp_1.089+crop_0.912,c:\Users\elpro\Documents\Github\melanoma\imagenes\IMAGENES DEMARTOLOGICAS\No melanoma\6b.jpg,a91c6cda0ed1b799aa8b219e3932466f28fc94b5ac1086e304ebf7dc11bb50fe
no_melanoma,ISIC_NON_0592.jpg,c:\Users\elpro\Documents\Github\melanoma\imagenes\dataset_balanceado_1200_estructura_original\No melanoma\ISIC_NON_0592.jpg,augmented_from_source,flip_h+rot_270+bright_1.051+contrast_1.034+color_0.964+sharp_1.022+crop_0.954,c:\Users\elpro\Documents\Github\melanoma\imagenes\IMAGENES DEMARTOLOGICAS\No melanoma\ISIC_0000309.jpg,2541be580a3fc3d79ddba8b1c6faff62df12af98b7d633fa52f965ed5b15aa07
no_melanoma,ISIC_NON_0593.jpg,c:\Users\elpro\Documents\Github\melanoma\imagenes\dataset_balanceado_1200_estructura_original\No melanoma\ISIC_NON_0593.jpg,augmented_from_source,flip_h+rot_8+bright_0.906+contrast_1.035+color_0.933+sharp_1.006+crop_0.966,c:\Users\elpro\Documents\Github\melanoma\imagenes\IMAGENES DEMARTOLOGICAS\No melanoma\istockphoto-1349019596-612x612.jpg,b0404d87eb4f2c92d0a1737240810a221dd44f7314da0c7e647e90018534c298
no_melanoma,ISIC_NON_0594.jpg,c:\Users\elpro\Documents\Github\melanoma\imagenes\dataset_balanceado_1200_estructura_original\No melanoma\ISIC_NON_0594.jpg,augmented_from_source,flip_v+rot_90+bright_1.094+contrast_1.084+color_1.021+sharp_1.113+crop_0.946,c:\Users\elpro\Documents\Github\melanoma\imagenes\IMAGENES DEMARTOLOGICAS\No melanoma\ISIC_0000400.jpg,5a4a540251e66fd47ef3ab28ff7f82cd2a43a7c682b3d2a0ae83f142551dd832
no_melanoma,ISIC_NON_0595.jpg,c:\Users\elpro\Documents\Github\melanoma\imagenes\dataset_balanceado_1200_estructura_original\No melanoma\ISIC_NON_0595.jpg,augmented_from_source,rot_8+bright_0.993+contrast_1.066+color_0.979+sharp_0.995+crop_0.962,c:\Users\elpro\Documents\Github\melanoma\imagenes\IMAGENES DEMARTOLOGICAS\No melanoma\bcc-type-iii.jpg,17a98742e74fc0ce7711c3f7ebed3912546664e9ef994755b70594619962cdb4
no_melanoma,ISIC_NON_0596.jpg,c:\Users\elpro\Documents\Github\melanoma\imagenes\dataset_balanceado_1200_estructura_original\No melanoma\ISIC_NON_0596.jpg,augmented_from_source,rot_8+bright_0.883+contrast_0.937+color_1.074+sharp_1.146+crop_0.955,c:\Users\elpro\Documents\Github\melanoma\imagenes\IMAGENES DEMARTOLOGICAS\No melanoma\ISIC_0000444.jpg,75dbf89fb9fa354078d8668c1c054219d968e3f41868f98ada2a14d81371f65d
no_melanoma,ISIC_NON_0597.jpg,c:\Users\elpro\Documents\Github\melanoma\imagenes\dataset_balanceado_1200_estructura_original\No melanoma\ISIC_NON_0597.jpg,augmented_from_source,flip_h+rot_180+bright_1.057+contrast_0.996+color_0.977+sharp_0.994+crop_0.939,c:\Users\elpro\Documents\Github\melanoma\imagenes\IMAGENES DEMARTOLOGICAS\No melanoma\ISIC_0001131.jpg,d894fa5997bdaad8ca70d71fb49e0a1e1255d3661ee1c6c1c04d750027a24ce9
no_melanoma,ISIC_NON_0598.jpg,c:\Users\elpro\Documents\Github\melanoma\imagenes\dataset_balanceado_1200_estructura_original\No melanoma\ISIC_NON_0598.jpg,augmented_from_source,flip_h+flip_v+rot_-8+bright_0.973+contrast_1.100+color_1.061+sharp_0.958+crop_0.952,c:\Users\elpro\Documents\Github\melanoma\imagenes\IMAGENES DEMARTOLOGICAS\No melanoma\lentigo-simplex5.jpg,11a0cb72d7fbda65fc236f932cb49393d7802e1104d88f97377c1559b1d42262
no_melanoma,ISIC_NON_0599.jpg,c:\Users\elpro\Documents\Github\melanoma\imagenes\dataset_balanceado_1200_estructura_original\No melanoma\ISIC_NON_0599.jpg,augmented_from_source,rot_-12+bright_1.019+contrast_1.017+color_0.980+sharp_1.026+crop_0.947,c:\Users\elpro\Documents\Github\melanoma\imagenes\IMAGENES DEMARTOLOGICAS\No melanoma\acne-type-iii.jpg,f3dc283e138ec7e26bc9524554679ead8080f710a867dd5c70d1edccd06488d2
no_melanoma,ISIC_NON_0600.jpg,c:\Users\elpro\Documents\Github\melanoma\imagenes\dataset_balanceado_1200_estructura_original\No melanoma\ISIC_NON_0600.jpg,augmented_from_source,flip_h+rot_8+bright_0.977+contrast_1.076+color_0.975+sharp_1.109+crop_0.971,c:\Users\elpro\Documents\Github\melanoma\imagenes\IMAGENES DEMARTOLOGICAS\No melanoma\ISIC_0000516.jpg,91ef0e800003244a477c7a0c613c2844257b01980111ad06110e6ae14aaebbda
nodular,ISIC_NOD_0001.jpg,c:\Users\elpro\Documents\Github\melanoma\imagenes\dataset_balanceado_1200_estructura_original\Nodular\ISIC_NOD_0001.jpg,source,original,c:\Users\elpro\Documents\Github\melanoma\imagenes\IMAGENES DEMARTOLOGICAS\Nodular\mel_nodular-053489_39.jpg,57b9fe659a5c4d6e54de71f66b4184f671f72090537638b961bef75a32b03fc8
nodular,ISIC_NOD_0002.jpg,c:\Users\elpro\Documents\Github\melanoma\imagenes\dataset_balanceado_1200_estructura_original\Nodular\ISIC_NOD_0002.jpg,source,original,c:\Users\elpro\Documents\Github\melanoma\imagenes\IMAGENES DEMARTOLOGICAS\Nodular\mel_nodular-053489_24.jpg,bb16d1e433c203df16c83056acaa39795828e2b04752c3277341032049403ed8
nodular,ISIC_NOD_0003.jpg,c:\Users\elpro\Documents\Github\melanoma\imagenes\dataset_balanceado_1200_estructura_original\Nodular\ISIC_NOD_0003.jpg,source,original,c:\Users\elpro\Documents\Github\melanoma\imagenes\IMAGENES DEMARTOLOGICAS\Nodular\mel_nodular-053489_48.jpg,a63dd44cfe4f914783759084214abbc1e8a0d0a652669807e5227c0ec0e5bf56
nodular,ISIC_NOD_0004.jpg,c:\Users\elpro\Documents\Github\melanoma\imagenes\dataset_balanceado_1200_estructura_original\Nodular\ISIC_NOD_0004.jpg,source,original,c:\Users\elpro\Documents\Github\melanoma\imagenes\IMAGENES DEMARTOLOGICAS\Nodular\mel_nodular-053489_49.jpg,bbf5db923861ec69423f3534a9498bf85d76fee2d80095adfda361087dcd4cce
nodular,ISIC_NOD_0005.jpg,c:\Users\elpro\Documents\Github\melanoma\imagenes\dataset_balanceado_1200_estructura_original\Nodular\ISIC_NOD_0005.jpg,source,original,c:\Users\elpro\Documents\Github\melanoma\imagenes\IMAGENES DEMARTOLOGICAS\Nodular\mel_nodular-053489_26.jpg,654ac4dcc91648bb7f68b55daf0ec5c17144e559679f934b26d5aab3f6d147c8
nodular,ISIC_NOD_0006.jpg,c:\Users\elpro\Documents\Github\melanoma\imagenes\dataset_balanceado_1200_estructura_original\Nodular\ISIC_NOD_0006.jpg,source,original,c:\Users\elpro\Documents\Github\melanoma\imagenes\IMAGENES DEMARTOLOGICAS\Nodular\mel_nodular-053489_42.jpg,e822d75c3852112319f9fdfa1b907e4f35efe28b657fb93b909e27d2a937dbd2
nodular,ISIC_NOD_0007.jpg,c:\Users\elpro\Documents\Github\melanoma\imagenes\dataset_balanceado_1200_estructura_original\Nodular\ISIC_NOD_0007.jpg,source,original,c:\Users\elpro\Documents\Github\melanoma\imagenes\IMAGENES DEMARTOLOGICAS\Nodular\nodula-melanoma2.jpg,b1e573b1a84ef4bd42703abc04944d7ab5c2ec1b081f0aeba795aef4b0d6df54
nodular,ISIC_NOD_0008.jpg,c:\Users\elpro\Documents\Github\melanoma\imagenes\dataset_balanceado_1200_estructura_original\Nodular\ISIC_NOD_0008.jpg,source,original,c:\Users\elpro\Documents\Github\melanoma\imagenes\IMAGENES DEMARTOLOGICAS\Nodular\mel_nodular-053489_28.jpg,10c2a0f2d21f1e969df7fbe992f2b01719f75ca690dbf8e5d2b23dab87286a83
nodular,ISIC_NOD_0009.jpg,c:\Users\elpro\Documents\Github\melanoma\imagenes\dataset_balanceado_1200_estructura_original\Nodular\ISIC_NOD_0009.jpg,source,original,c:\Users\elpro\Documents\Github\melanoma\imagenes\IMAGENES DEMARTOLOGICAS\Nodular\mel_nodular-053489_4.jpg,e25866a752ede713b3dcd31c44dc6597187a9894cdf3ad08ce2e0c5084779166
nodular,ISIC_NOD_0010.jpg,c:\Users\elpro\Documents\Github\melanoma\imagenes\dataset_balanceado_1200_estructura_original\Nodular\ISIC_NOD_0010.jpg,source,original,c:\Users\elpro\Documents\Github\melanoma\imagenes\IMAGENES DEMARTOLOGICAS\Nodular\mel_nodular-053489_53.jpg,20f61cc768540174647565f5e1ec097999820b8801bb7b8d8308a7f55719cb96
nodular,ISIC_NOD_0011.jpg,c:\Users\elpro\Documents\Github\melanoma\imagenes\dataset_balanceado_1200_estructura_original\Nodular\ISIC_NOD_0011.jpg,source,original,c:\Users\elpro\Documents\Github\melanoma\imagenes\IMAGENES DEMARTOLOGICAS\Nodular\mel_nodular-053489_56.jpg,391d9d706f392b693b2cc8d77618e61c411ea08efd12e7587b44d1dc8b745b3a
nodular,ISIC_NOD_0012.jpg,c:\Users\elpro\Documents\Github\melanoma\imagenes\dataset_balanceado_1200_estructura_original\Nodular\ISIC_NOD_0012.jpg,source,original,c:\Users\elpro\Documents\Github\melanoma\imagenes\IMAGENES DEMARTOLOGICAS\Nodular\mel_nodular-053489_25.jpg,4db5259b0c54f6adf32cd9fe0d1042e2399a427583548c3bcba25797eab72df5
nodular,ISIC_NOD_0013.jpg,c:\Users\elpro\Documents\Github\melanoma\imagenes\dataset_balanceado_1200_estructura_original\Nodular\ISIC_NOD_0013.jpg,source,original,c:\Users\elpro\Documents\Github\melanoma\imagenes\IMAGENES DEMARTOLOGICAS\Nodular\nm1.jpg,c4ee568a91595c947f0951f0bfd069b705620bf608fdc0582fc42d61abe9042b
nodular,ISIC_NOD_0014.jpg,c:\Users\elpro\Documents\Github\melanoma\imagenes\dataset_balanceado_1200_estructura_original\Nodular\ISIC_NOD_0014.jpg,source,original,c:\Users\elpro\Documents\Github\melanoma\imagenes\IMAGENES DEMARTOLOGICAS\Nodular\nm3.jpg,0f64c288e7b28cce21870cf3ed17d3d22d2eab725ea210567b45dd7db3f976eb
nodular,ISIC_NOD_0015.jpg,c:\Users\elpro\Documents\Github\melanoma\imagenes\dataset_balanceado_1200_estructura_original\Nodular\ISIC_NOD_0015.jpg,source,original,c:\Users\elpro\Documents\Github\melanoma\imagenes\IMAGENES DEMARTOLOGICAS\Nodular\mel_nodular-053489_52.jpg,55444eba5f0e21ef64ffb417a064fe599207332c33fb8c498babe9860651715f
nodular,ISIC_NOD_0016.jpg,c:\Users\elpro\Documents\Github\melanoma\imagenes\dataset_balanceado_1200_estructura_original\Nodular\ISIC_NOD_0016.jpg,source,original,c:\Users\elpro\Documents\Github\melanoma\imagenes\IMAGENES DEMARTOLOGICAS\Nodular\mel_nodular-053489_57.jpg,f8e6ec43d4779e6c46dffb4cd8015a32e833329031310e7b6baf450545261f23
nodular,ISIC_NOD_0017.jpg,c:\Users\elpro\Documents\Github\melanoma\imagenes\dataset_balanceado_1200_estructura_original\Nodular\ISIC_NOD_0017.jpg,source,original,c:\Users\elpro\Documents\Github\melanoma\imagenes\IMAGENES DEMARTOLOGICAS\Nodular\mel_nodular-053489_59.jpg,8760569d189ec867822ddb40639412419f30bb43478a89699503042d85f88047
nodular,ISIC_NOD_0018.jpg,c:\Users\elpro\Documents\Github\melanoma\imagenes\dataset_balanceado_1200_estructura_original\Nodular\ISIC_NOD_0018.jpg,source,original,c:\Users\elpro\Documents\Github\melanoma\imagenes\IMAGENES DEMARTOLOGICAS\Nodular\mel_nodular-053489_63.jpg,b2ede5d405f8fe3ce600f5addded26d873aed91df7d7f24a810c47f9172eb50e
nodular,ISIC_NOD_0019.jpg,c:\Users\elpro\Documents\Github\melanoma\imagenes\dataset_balanceado_1200_estructura_original\Nodular\ISIC_NOD_0019.jpg,source,original,c:\Users\elpro\Documents\Github\melanoma\imagenes\IMAGENES DEMARTOLOGICAS\Nodular\nm4.jpg,17864e661f8a15e2d0c091d6c0ab0524fc3d6b7ddd8ae7196f09e3a62a40b5f0
nodular,ISIC_NOD_0020.jpg,c:\Users\elpro\Documents\Github\melanoma\imagenes\dataset_balanceado_1200_estructura_original\Nodular\ISIC_NOD_0020.jpg,source,original,c:\Users\elpro\Documents\Github\melanoma\imagenes\IMAGENES DEMARTOLOGICAS\Nodular\mel_nodular-053489_20.jpg,6cfb9aeb9112860ed8f94adbf3d6b48600f2518913bcd4c1b5b2e7093e790846
nodular,ISIC_NOD_0021.jpg,c:\Users\elpro\Documents\Github\melanoma\imagenes\dataset_balanceado_1200_estructura_original\Nodular\ISIC_NOD_0021.jpg,source,original,c:\Users\elpro\Documents\Github\melanoma\imagenes\IMAGENES DEMARTOLOGICAS\Nodular\mel_nodular-053489_41.jpg,6b7d05a3f20d97000d24169f86c8134ed2e51c51390cc4680438500a31775467
nodular,ISIC_NOD_0022.jpg,c:\Users\elpro\Documents\Github\melanoma\imagenes\dataset_balanceado_1200_estructura_original\Nodular\ISIC_NOD_0022.jpg,source,original,c:\Users\elpro\Documents\Github\melanoma\imagenes\IMAGENES DEMARTOLOGICAS\Nodular\mel_nodular-053489_19.jpg,097e24874546a906b4b63210130c2e034fa4fcf3fdb3e99ace7717b904de42aa
nodular,ISIC_NOD_0023.jpg,c:\Users\elpro\Documents\Github\melanoma\imagenes\dataset_balanceado_1200_estructura_original\Nodular\ISIC_NOD_0023.jpg,source,original,c:\Users\elpro\Documents\Github\melanoma\imagenes\IMAGENES DEMARTOLOGICAS\Nodular\mel_nodular-053489_36.jpg,49d171239897111bb1a7e4d94c03e8b96d44f5b9605518117685746ad4406c85
nodular,ISIC_NOD_0024.jpg,c:\Users\elpro\Documents\Github\melanoma\imagenes\dataset_balanceado_1200_estructura_original\Nodular\ISIC_NOD_0024.jpg,source,original,c:\Users\elpro\Documents\Github\melanoma\imagenes\IMAGENES DEMARTOLOGICAS\Nodular\nm9-big.jpg,3f72d7d8e004194ef7938df44dae4291e23f1e31eb58606557c10536a92ab944
nodular,ISIC_NOD_0025.jpg,c:\Users\elpro\Documents\Github\melanoma\imagenes\dataset_balanceado_1200_estructura_original\Nodular\ISIC_NOD_0025.jpg,source,original,c:\Users\elpro\Documents\Github\melanoma\imagenes\IMAGENES DEMARTOLOGICAS\Nodular\mel_nodular-053489_17.jpg,c9dcbe04d7ebfd9a6719e89cbc94c74683bf2a3179cdf1864652ca415202f8ab
nodular,ISIC_NOD_0026.jpg,c:\Users\elpro\Documents\Github\melanoma\imagenes\dataset_balanceado_1200_estructura_original\Nodular\ISIC_NOD_0026.jpg,source,original,c:\Users\elpro\Documents\Github\melanoma\imagenes\IMAGENES DEMARTOLOGICAS\Nodular\mel_nodular-053489_21.jpg,23bb2e0238b45c345bf69d24edb0ffd4cfbf87ab56526323335aecb2f380f332
nodular,ISIC_NOD_0027.jpg,c:\Users\elpro\Documents\Github\melanoma\imagenes\dataset_balanceado_1200_estructura_original\Nodular\ISIC_NOD_0027.jpg,source,original,c:\Users\elpro\Documents\Github\melanoma\imagenes\IMAGENES DEMARTOLOGICAS\Nodular\mel_nodular-053489_30.jpg,34a580ad1132bd4e5ef9f99fa4ff13ac8fdfd9047521faf56a353b54d0f920fa
nodular,ISIC_NOD_0028.jpg,c:\Users\elpro\Documents\Github\melanoma\imagenes\dataset_balanceado_1200_estructura_original\Nodular\ISIC_NOD_0028.jpg,source,original,c:\Users\elpro\Documents\Github\melanoma\imagenes\IMAGENES DEMARTOLOGICAS\Nodular\mel_nodular-053489_6.jpg,f2bc06ac9f79ad7f4462756b0c3b5ff8d2ebe46abcff563040b5b8189c438cf5
nodular,ISIC_NOD_0029.jpg,c:\Users\elpro\Documents\Github\melanoma\imagenes\dataset_balanceado_1200_estructura_original\Nodular\ISIC_NOD_0029.jpg,source,original,c:\Users\elpro\Documents\Github\melanoma\imagenes\IMAGENES DEMARTOLOGICAS\Nodular\nm2 (1).jpg,811f144298247ea2d6978a1a6a54003d9102276c647eea14093e947e3af75992
nodular,ISIC_NOD_0030.jpg,c:\Users\elpro\Documents\Github\melanoma\imagenes\dataset_balanceado_1200_estructura_original\Nodular\ISIC_NOD_0030.jpg,source,original,c:\Users\elpro\Documents\Github\melanoma\imagenes\IMAGENES DEMARTOLOGICAS\Nodular\mel_nodular-053489_12.jpg,1768364ffe0579a0e17f05d340d46a0dedcf4de39538e7684f44692d5f61c035
nodular,ISIC_NOD_0031.jpg,c:\Users\elpro\Documents\Github\melanoma\imagenes\dataset_balanceado_1200_estructura_original\Nodular\ISIC_NOD_0031.jpg,source,original,c:\Users\elpro\Documents\Github\melanoma\imagenes\IMAGENES DEMARTOLOGICAS\Nodular\mel_nodular-053489_18.jpg,8a7ccb56f7afed9abb0b088618ffbe1a9c7662023662bd581e6975f02c99c389
nodular,ISIC_NOD_0032.jpg,c:\Users\elpro\Documents\Github\melanoma\imagenes\dataset_balanceado_1200_estructura_original\Nodular\ISIC_NOD_0032.jpg,source,original,c:\Users\elpro\Documents\Github\melanoma\imagenes\IMAGENES DEMARTOLOGICAS\Nodular\mel_nodular-053489_72.jpg,e8dadc5ebb9fe2c9cadc6c002b33bad81ed4c306cd1505c013abbda107330c64
nodular,ISIC_NOD_0033.jpg,c:\Users\elpro\Documents\Github\melanoma\imagenes\dataset_balanceado_1200_estructura_original\Nodular\ISIC_NOD_0033.jpg,source,original,c:\Users\elpro\Documents\Github\melanoma\imagenes\IMAGENES DEMARTOLOGICAS\Nodular\mel_nodular-053489_40.jpg,befebee62aa19c2f606535e7aef401372d01f2c3454fd4d66f2c794e02fb03e8
nodular,ISIC_NOD_0034.jpg,c:\Users\elpro\Documents\Github\melanoma\imagenes\dataset_balanceado_1200_estructura_original\Nodular\ISIC_NOD_0034.jpg,source,original,c:\Users\elpro\Documents\Github\melanoma\imagenes\IMAGENES DEMARTOLOGICAS\Nodular\mel_nodular-053489_29.jpg,6c174991558cf006d0c86f67fd5948add5561e9bf9722f0798ecbe2ede166475
nodular,ISIC_NOD_0035.jpg,c:\Users\elpro\Documents\Github\melanoma\imagenes\dataset_balanceado_1200_estructura_original\Nodular\ISIC_NOD_0035.jpg,source,original,c:\Users\elpro\Documents\Github\melanoma\imagenes\IMAGENES DEMARTOLOGICAS\Nodular\mel_nodular-053489_34.jpg,93e52e1795c36e0759aaaaa7b4b8aeb8207880d6337d9e295c8671008082b481
nodular,ISIC_NOD_0036.jpg,c:\Users\elpro\Documents\Github\melanoma\imagenes\dataset_balanceado_1200_estructura_original\Nodular\ISIC_NOD_0036.jpg,source,original,c:\Users\elpro\Documents\Github\melanoma\imagenes\IMAGENES DEMARTOLOGICAS\Nodular\mel_nodular-053489_55.jpg,a385cdb5e9febfafd5d0cdf9c8bc18c227ecd65506c7eaadbf9870d0e5cfac2d
nodular,ISIC_NOD_0037.jpg,c:\Users\elpro\Documents\Github\melanoma\imagenes\dataset_balanceado_1200_estructura_original\Nodular\ISIC_NOD_0037.jpg,source,original,c:\Users\elpro\Documents\Github\melanoma\imagenes\IMAGENES DEMARTOLOGICAS\Nodular\mel_nodular-053489_67.jpg,81d2a2117dfea95b0d4b6c28501875ef9a301ec0faf5c353122cd80fcd40816c
nodular,ISIC_NOD_0038.jpg,c:\Users\elpro\Documents\Github\melanoma\imagenes\dataset_balanceado_1200_estructura_original\Nodular\ISIC_NOD_0038.jpg,source,original,c:\Users\elpro\Documents\Github\melanoma\imagenes\IMAGENES DEMARTOLOGICAS\Nodular\mel_nodular-053489_22.jpg,1a02478f0e6dd120c8ea88a4846dea1cbc14bd15a97cda877414d8316d0ee8d9
nodular,ISIC_NOD_0039.jpg,c:\Users\elpro\Documents\Github\melanoma\imagenes\dataset_balanceado_1200_estructura_original\Nodular\ISIC_NOD_0039.jpg,source,original,c:\Users\elpro\Documents\Github\melanoma\imagenes\IMAGENES DEMARTOLOGICAS\Nodular\nm7-big.jpg,0f42b6d3ad4c7129d84496e09bc717fccc93d9f6859f1f859dda541170829563
nodular,ISIC_NOD_0040.jpg,c:\Users\elpro\Documents\Github\melanoma\imagenes\dataset_balanceado_1200_estructura_original\Nodular\ISIC_NOD_0040.jpg,source,original,c:\Users\elpro\Documents\Github\melanoma\imagenes\IMAGENES DEMARTOLOGICAS\Nodular\mel_nodular-053489_45.jpg,31e09a1bd5e5424f22374ff488a803dbfd9c2dc396fc2af35959b65462cf427e
nodular,ISIC_NOD_0041.jpg,c:\Users\elpro\Documents\Github\melanoma\imagenes\dataset_balanceado_1200_estructura_original\Nodular\ISIC_NOD_0041.jpg,source,original,c:\Users\elpro\Documents\Github\melanoma\imagenes\IMAGENES DEMARTOLOGICAS\Nodular\12a-nodula-melanoma.jpg,0eb1776401152d97e10520bc6ba3a5a6702c72b6302e09b02837f79882d40197
nodular,ISIC_NOD_0042.jpg,c:\Users\elpro\Documents\Github\melanoma\imagenes\dataset_balanceado_1200_estructura_original\Nodular\ISIC_NOD_0042.jpg,source,original,c:\Users\elpro\Documents\Github\melanoma\imagenes\IMAGENES DEMARTOLOGICAS\Nodular\nodular-melanoma-0004.jpg,b20cc02c5961eead1d23c94fe80a87529f0da1a30cb0419a2459fa17de9c5e7a
nodular,ISIC_NOD_0043.jpg,c:\Users\elpro\Documents\Github\melanoma\imagenes\dataset_balanceado_1200_estructura_original\Nodular\ISIC_NOD_0043.jpg,source,original,c:\Users\elpro\Documents\Github\melanoma\imagenes\IMAGENES DEMARTOLOGICAS\Nodular\nm2.jpg,8e21badad0270094f2f82c3e757328d962a0f374437cbf9634cd2393beb153b6
nodular,ISIC_NOD_0044.jpg,c:\Users\elpro\Documents\Github\melanoma\imagenes\dataset_balanceado_1200_estructura_original\Nodular\ISIC_NOD_0044.jpg,source,original,c:\Users\elpro\Documents\Github\melanoma\imagenes\IMAGENES DEMARTOLOGICAS\Nodular\mel_nodular-053489_8.jpg,c81345bbf62c9ab2b1cd3f8d7d2eca29f9ad38db29e9d0cbe152f02f3eb5f2f9
nodular,ISIC_NOD_0045.jpg,c:\Users\elpro\Documents\Github\melanoma\imagenes\dataset_balanceado_1200_estructura_original\Nodular\ISIC_NOD_0045.jpg,source,original,c:\Users\elpro\Documents\Github\melanoma\imagenes\IMAGENES DEMARTOLOGICAS\Nodular\mel_nodular-053489_3.jpg,8203a0e13fc040b6f9881b617b61695ff70c407499337d1631250fe01116b216
nodular,ISIC_NOD_0046.jpg,c:\Users\elpro\Documents\Github\melanoma\imagenes\dataset_balanceado_1200_estructura_original\Nodular\ISIC_NOD_0046.jpg,source,original,c:\Users\elpro\Documents\Github\melanoma\imagenes\IMAGENES DEMARTOLOGICAS\Nodular\mel1.jpg,2e8af112c20cc2b22a7ad51ec3bac980ef77a4bb184630a8c419d31d0a292fce
nodular,ISIC_NOD_0047.jpg,c:\Users\elpro\Documents\Github\melanoma\imagenes\dataset_balanceado_1200_estructura_original\Nodular\ISIC_NOD_0047.jpg,source,original,c:\Users\elpro\Documents\Github\melanoma\imagenes\IMAGENES DEMARTOLOGICAS\Nodular\nm.jpg,a2b7631277395b7ccd63df3f6c8c9bfd22d2e1a9a035c40572cbeecf9395fc30
nodular,ISIC_NOD_0048.jpg,c:\Users\elpro\Documents\Github\melanoma\imagenes\dataset_balanceado_1200_estructura_original\Nodular\ISIC_NOD_0048.jpg,source,original,c:\Users\elpro\Documents\Github\melanoma\imagenes\IMAGENES DEMARTOLOGICAS\Nodular\MMamelanotic2.jpg,a573fd8c810d482b116890c7b9e1961825fecd7cf97ad941c14af1b3150b70d9
nodular,ISIC_NOD_0049.jpg,c:\Users\elpro\Documents\Github\melanoma\imagenes\dataset_balanceado_1200_estructura_original\Nodular\ISIC_NOD_0049.jpg,source,original,c:\Users\elpro\Documents\Github\melanoma\imagenes\IMAGENES DEMARTOLOGICAS\Nodular\mel_nodular-053489_68.jpg,937adf069b3c51d805146dcdeed26fba8350b6e1a8eed96d6b82fdc17cd8ff72
nodular,ISIC_NOD_0050.jpg,c:\Users\elpro\Documents\Github\melanoma\imagenes\dataset_balanceado_1200_estructura_original\Nodular\ISIC_NOD_0050.jpg,source,original,c:\Users\elpro\Documents\Github\melanoma\imagenes\IMAGENES DEMARTOLOGICAS\Nodular\mel_nodular-053489_11.jpg,6b3d1bf556103498997c67d042775f4fc6760db92e11ab8083e144f32a60b31a
nodular,ISIC_NOD_0051.jpg,c:\Users\elpro\Documents\Github\melanoma\imagenes\dataset_balanceado_1200_estructura_original\Nodular\ISIC_NOD_0051.jpg,source,original,c:\Users\elpro\Documents\Github\melanoma\imagenes\IMAGENES DEMARTOLOGICAS\Nodular\mel_nodular-053489_62.jpg,b9543de126f0aa7d52b0068ec50b280ca0c798ada606d64581877517e2827d4f
nodular,ISIC_NOD_0052.jpg,c:\Users\elpro\Documents\Github\melanoma\imagenes\dataset_balanceado_1200_estructura_original\Nodular\ISIC_NOD_0052.jpg,source,original,c:\Users\elpro\Documents\Github\melanoma\imagenes\IMAGENES DEMARTOLOGICAS\Nodular\mel_nodular-053489_54.jpg,9ab5987a8ef52767c8ff15415f46b919f424c2f46e15bdf9b163259b7ed3f839
nodular,ISIC_NOD_0053.jpg,c:\Users\elpro\Documents\Github\melanoma\imagenes\dataset_balanceado_1200_estructura_original\Nodular\ISIC_NOD_0053.jpg,source,original,c:\Users\elpro\Documents\Github\melanoma\imagenes\IMAGENES DEMARTOLOGICAS\Nodular\mel_nodular-053489_14.jpg,f77e7348264bca415397b753f381e9110d77c807917fb4a12bcf82e79f844d95
nodular,ISIC_NOD_0054.jpg,c:\Users\elpro\Documents\Github\melanoma\imagenes\dataset_balanceado_1200_estructura_original\Nodular\ISIC_NOD_0054.jpg,source,original,c:\Users\elpro\Documents\Github\melanoma\imagenes\IMAGENES DEMARTOLOGICAS\Nodular\nodular-melanoma-0001.jpg,af3e74d0150251727b6e5d615e3ae2162cf8143cbd162aca331223fedd5eb22b
nodular,ISIC_NOD_0055.jpg,c:\Users\elpro\Documents\Github\melanoma\imagenes\dataset_balanceado_1200_estructura_original\Nodular\ISIC_NOD_0055.jpg,source,original,c:\Users\elpro\Documents\Github\melanoma\imagenes\IMAGENES DEMARTOLOGICAS\Nodular\nm10.jpg,584d8f2c4d408e1c8b081410f2ccd664a9d72f52631fb4266e76f8b94a06397c
nodular,ISIC_NOD_0056.jpg,c:\Users\elpro\Documents\Github\melanoma\imagenes\dataset_balanceado_1200_estructura_original\Nodular\ISIC_NOD_0056.jpg,source,original,c:\Users\elpro\Documents\Github\melanoma\imagenes\IMAGENES DEMARTOLOGICAS\Nodular\nodular_melanoma_high_es.jpg,30379857b6af2f209ce9a6c9fcb22f4a581bff80d5ca22cc483a6640a7a4f8fd
nodular,ISIC_NOD_0057.jpg,c:\Users\elpro\Documents\Github\melanoma\imagenes\dataset_balanceado_1200_estructura_original\Nodular\ISIC_NOD_0057.jpg,source,original,c:\Users\elpro\Documents\Github\melanoma\imagenes\IMAGENES DEMARTOLOGICAS\Nodular\mel_nodular-053489_46.jpg,91bb7aff274eae4a2b477bfa794280d2711baaf85e590972d38c8daaa36f7951
nodular,ISIC_NOD_0058.jpg,c:\Users\elpro\Documents\Github\melanoma\imagenes\dataset_balanceado_1200_estructura_original\Nodular\ISIC_NOD_0058.jpg,source,original,c:\Users\elpro\Documents\Github\melanoma\imagenes\IMAGENES DEMARTOLOGICAS\Nodular\mel_nodular-053489_23.jpg,17957e7244dbcb53bf26a0cc4429bc0bde430adef7a79d682cf8f5011ca94c55
nodular,ISIC_NOD_0059.jpg,c:\Users\elpro\Documents\Github\melanoma\imagenes\dataset_balanceado_1200_estructura_original\Nodular\ISIC_NOD_0059.jpg,source,original,c:\Users\elpro\Documents\Github\melanoma\imagenes\IMAGENES DEMARTOLOGICAS\Nodular\nodularmel2.jpg,b1b77cac97ce72f2b8a3a9664274f75161fe7516210b0f32f5bea75f3dd470ff
nodular,ISIC_NOD_0060.jpg,c:\Users\elpro\Documents\Github\melanoma\imagenes\dataset_balanceado_1200_estructura_original\Nodular\ISIC_NOD_0060.jpg,source,original,c:\Users\elpro\Documents\Github\melanoma\imagenes\IMAGENES DEMARTOLOGICAS\Nodular\DermNetNZ-melanoma-191.jpg,9a299667a204ee8f24b3eb8139bb6eadfa59d3d1f957ed48dc0993143fff335d
nodular,ISIC_NOD_0061.jpg,c:\Users\elpro\Documents\Github\melanoma\imagenes\dataset_balanceado_1200_estructura_original\Nodular\ISIC_NOD_0061.jpg,source,original,c:\Users\elpro\Documents\Github\melanoma\imagenes\IMAGENES DEMARTOLOGICAS\Nodular\mel_nodular-053489_58.jpg,8244c0424e10b7840e632f81db843d11a33e2c83b87a44d34de0c87465425720
nodular,ISIC_NOD_0062.jpg,c:\Users\elpro\Documents\Github\melanoma\imagenes\dataset_balanceado_1200_estructura_original\Nodular\ISIC_NOD_0062.jpg,source,original,c:\Users\elpro\Documents\Github\melanoma\imagenes\IMAGENES DEMARTOLOGICAS\Nodular\mel_nodular-053489_43.jpg,c89e24814fa61486bb07033cdc170af9c703f12565f3dad25c7b954462abbcdd
nodular,ISIC_NOD_0063.jpg,c:\Users\elpro\Documents\Github\melanoma\imagenes\dataset_balanceado_1200_estructura_original\Nodular\ISIC_NOD_0063.jpg,source,original,c:\Users\elpro\Documents\Github\melanoma\imagenes\IMAGENES DEMARTOLOGICAS\Nodular\nodular-melanoma-0003.jpg,1f348b43e5b837dcf46d1eb2eb670c75e79890aae1239a3aa57bf4aef6e5bdfc
nodular,ISIC_NOD_0064.jpg,c:\Users\elpro\Documents\Github\melanoma\imagenes\dataset_balanceado_1200_estructura_original\Nodular\ISIC_NOD_0064.jpg,source,original,c:\Users\elpro\Documents\Github\melanoma\imagenes\IMAGENES DEMARTOLOGICAS\Nodular\mel_nodular-053489_66.jpg,507852aefa6ea90bc2206069bf4188e1ee16db512df144c9f131a336cb6f6d1c
nodular,ISIC_NOD_0065.jpg,c:\Users\elpro\Documents\Github\melanoma\imagenes\dataset_balanceado_1200_estructura_original\Nodular\ISIC_NOD_0065.jpg,source,original,c:\Users\elpro\Documents\Github\melanoma\imagenes\IMAGENES DEMARTOLOGICAS\Nodular\mel_nodular-053489_5.jpg,41cba4b367f7f46148694ac5de94184eb764c94e13e74fc145c2c55140acc11c
nodular,ISIC_NOD_0066.jpg,c:\Users\elpro\Documents\Github\melanoma\imagenes\dataset_balanceado_1200_estructura_original\Nodular\ISIC_NOD_0066.jpg,source,original,c:\Users\elpro\Documents\Github\melanoma\imagenes\IMAGENES DEMARTOLOGICAS\Nodular\mel_nodular-053489_64.jpg,64b7d0bae9433db6c6f85e30430ea8dfcc6e95351f0d0907c38fec15b9ce64a7
nodular,ISIC_NOD_0067.jpg,c:\Users\elpro\Documents\Github\melanoma\imagenes\dataset_balanceado_1200_estructura_original\Nodular\ISIC_NOD_0067.jpg,source,original,c:\Users\elpro\Documents\Github\melanoma\imagenes\IMAGENES DEMARTOLOGICAS\Nodular\mel_nodular-053489_47.jpg,814614d0fab878c6a1e3fb33b5a6534374569ef9893d597fa8998b52c5a9d3d7
nodular,ISIC_NOD_0068.jpg,c:\Users\elpro\Documents\Github\melanoma\imagenes\dataset_balanceado_1200_estructura_original\Nodular\ISIC_NOD_0068.jpg,source,original,c:\Users\elpro\Documents\Github\melanoma\imagenes\IMAGENES DEMARTOLOGICAS\Nodular\mel_nodular-053489_35.jpg,ce536f3bdafa4adb8898f68f17c6f776c9eb3739c5dc817213bb8e611c842f48
nodular,ISIC_NOD_0069.jpg,c:\Users\elpro\Documents\Github\melanoma\imagenes\dataset_balanceado_1200_estructura_original\Nodular\ISIC_NOD_0069.jpg,source,original,c:\Users\elpro\Documents\Github\melanoma\imagenes\IMAGENES DEMARTOLOGICAS\Nodular\mel_nodular-053489_9.jpg,1c6a57125a2343b754d9073313dac13afa88375d8b0c46d2ea5b56822ae9a270
nodular,ISIC_NOD_0070.jpg,c:\Users\elpro\Documents\Github\melanoma\imagenes\dataset_balanceado_1200_estructura_original\Nodular\ISIC_NOD_0070.jpg,source,original,c:\Users\elpro\Documents\Github\melanoma\imagenes\IMAGENES DEMARTOLOGICAS\Nodular\mel_nodular-053489_37.jpg,69c3205d2863504a70f915e64966679e68cd50dc7e70f6961237526a13929b71
nodular,ISIC_NOD_0071.jpg,c:\Users\elpro\Documents\Github\melanoma\imagenes\dataset_balanceado_1200_estructura_original\Nodular\ISIC_NOD_0071.jpg,source,original,c:\Users\elpro\Documents\Github\melanoma\imagenes\IMAGENES DEMARTOLOGICAS\Nodular\nodularmel3.jpg,4a2572f49e1f090cbfd86b172b569c8d23165893b10f1af2f21aa157cd1cfab7
nodular,ISIC_NOD_0072.jpg,c:\Users\elpro\Documents\Github\melanoma\imagenes\dataset_balanceado_1200_estructura_original\Nodular\ISIC_NOD_0072.jpg,source,original,c:\Users\elpro\Documents\Github\melanoma\imagenes\IMAGENES DEMARTOLOGICAS\Nodular\mel_nodular-053489_65.jpg,b3f8c2b33500487da6c747f4bf079d25961424b115a79390da77a77b21f5a145
nodular,ISIC_NOD_0073.jpg,c:\Users\elpro\Documents\Github\melanoma\imagenes\dataset_balanceado_1200_estructura_original\Nodular\ISIC_NOD_0073.jpg,augmented_from_source,flip_h+rot_90+bright_0.884+contrast_1.005+color_1.065+sharp_1.087+crop_0.966,c:\Users\elpro\Documents\Github\melanoma\imagenes\IMAGENES DEMARTOLOGICAS\Nodular\mel_nodular-053489_39.jpg,57b9fe659a5c4d6e54de71f66b4184f671f72090537638b961bef75a32b03fc8
nodular,ISIC_NOD_0074.jpg,c:\Users\elpro\Documents\Github\melanoma\imagenes\dataset_balanceado_1200_estructura_original\Nodular\ISIC_NOD_0074.jpg,augmented_from_source,flip_v+rot_8+bright_1.001+contrast_0.908+color_0.997+sharp_0.976+crop_0.948,c:\Users\elpro\Documents\Github\melanoma\imagenes\IMAGENES DEMARTOLOGICAS\Nodular\mel_nodular-053489_24.jpg,bb16d1e433c203df16c83056acaa39795828e2b04752c3277341032049403ed8
nodular,ISIC_NOD_0075.jpg,c:\Users\elpro\Documents\Github\melanoma\imagenes\dataset_balanceado_1200_estructura_original\Nodular\ISIC_NOD_0075.jpg,augmented_from_source,flip_h+bright_1.047+contrast_0.983+color_1.070+sharp_1.046+crop_0.961,c:\Users\elpro\Documents\Github\melanoma\imagenes\IMAGENES DEMARTOLOGICAS\Nodular\mel_nodular-053489_48.jpg,a63dd44cfe4f914783759084214abbc1e8a0d0a652669807e5227c0ec0e5bf56
nodular,ISIC_NOD_0076.jpg,c:\Users\elpro\Documents\Github\melanoma\imagenes\dataset_balanceado_1200_estructura_original\Nodular\ISIC_NOD_0076.jpg,augmented_from_source,rot_12+bright_0.903+contrast_0.912+color_0.996+sharp_0.997+crop_0.969,c:\Users\elpro\Documents\Github\melanoma\imagenes\IMAGENES DEMARTOLOGICAS\Nodular\mel_nodular-053489_49.jpg,bbf5db923861ec69423f3534a9498bf85d76fee2d80095adfda361087dcd4cce
nodular,ISIC_NOD_0077.jpg,c:\Users\elpro\Documents\Github\melanoma\imagenes\dataset_balanceado_1200_estructura_original\Nodular\ISIC_NOD_0077.jpg,augmented_from_source,flip_h+bright_1.019+contrast_0.908+color_0.921+sharp_1.081+crop_0.955,c:\Users\elpro\Documents\Github\melanoma\imagenes\IMAGENES DEMARTOLOGICAS\Nodular\mel_nodular-053489_26.jpg,654ac4dcc91648bb7f68b55daf0ec5c17144e559679f934b26d5aab3f6d147c8
nodular,ISIC_NOD_0078.jpg,c:\Users\elpro\Documents\Github\melanoma\imagenes\dataset_balanceado_1200_estructura_original\Nodular\ISIC_NOD_0078.jpg,augmented_from_source,flip_h+rot_-12+bright_0.943+contrast_1.009+color_1.010+sharp_1.072+crop_0.979,c:\Users\elpro\Documents\Github\melanoma\imagenes\IMAGENES DEMARTOLOGICAS\Nodular\mel_nodular-053489_42.jpg,e822d75c3852112319f9fdfa1b907e4f35efe28b657fb93b909e27d2a937dbd2
nodular,ISIC_NOD_0079.jpg,c:\Users\elpro\Documents\Github\melanoma\imagenes\dataset_balanceado_1200_estructura_original\Nodular\ISIC_NOD_0079.jpg,augmented_from_source,rot_-8+bright_1.014+contrast_0.996+color_1.078+sharp_1.066+crop_0.962,c:\Users\elpro\Documents\Github\melanoma\imagenes\IMAGENES DEMARTOLOGICAS\Nodular\nodula-melanoma2.jpg,b1e573b1a84ef4bd42703abc04944d7ab5c2ec1b081f0aeba795aef4b0d6df54
nodular,ISIC_NOD_0080.jpg,c:\Users\elpro\Documents\Github\melanoma\imagenes\dataset_balanceado_1200_estructura_original\Nodular\ISIC_NOD_0080.jpg,augmented_from_source,rot_5+bright_1.068+contrast_1.108+color_0.936+sharp_1.052+crop_0.963,c:\Users\elpro\Documents\Github\melanoma\imagenes\IMAGENES DEMARTOLOGICAS\Nodular\mel_nodular-053489_28.jpg,10c2a0f2d21f1e969df7fbe992f2b01719f75ca690dbf8e5d2b23dab87286a83
nodular,ISIC_NOD_0081.jpg,c:\Users\elpro\Documents\Github\melanoma\imagenes\dataset_balanceado_1200_estructura_original\Nodular\ISIC_NOD_0081.jpg,augmented_from_source,flip_v+rot_90+bright_1.078+contrast_0.993+color_1.016+sharp_0.968+crop_0.921,c:\Users\elpro\Documents\Github\melanoma\imagenes\IMAGENES DEMARTOLOGICAS\Nodular\mel_nodular-053489_4.jpg,e25866a752ede713b3dcd31c44dc6597187a9894cdf3ad08ce2e0c5084779166
nodular,ISIC_NOD_0082.jpg,c:\Users\elpro\Documents\Github\melanoma\imagenes\dataset_balanceado_1200_estructura_original\Nodular\ISIC_NOD_0082.jpg,augmented_from_source,rot_-5+bright_1.027+contrast_1.005+color_1.034+sharp_1.069+crop_0.976,c:\Users\elpro\Documents\Github\melanoma\imagenes\IMAGENES DEMARTOLOGICAS\Nodular\mel_nodular-053489_53.jpg,20f61cc768540174647565f5e1ec097999820b8801bb7b8d8308a7f55719cb96
nodular,ISIC_NOD_0083.jpg,c:\Users\elpro\Documents\Github\melanoma\imagenes\dataset_balanceado_1200_estructura_original\Nodular\ISIC_NOD_0083.jpg,augmented_from_source,flip_h+rot_8+bright_0.949+contrast_0.888+color_1.016+sharp_1.053+crop_0.919,c:\Users\elpro\Documents\Github\melanoma\imagenes\IMAGENES DEMARTOLOGICAS\Nodular\mel_nodular-053489_56.jpg,391d9d706f392b693b2cc8d77618e61c411ea08efd12e7587b44d1dc8b745b3a
nodular,ISIC_NOD_0084.jpg,c:\Users\elpro\Documents\Github\melanoma\imagenes\dataset_balanceado_1200_estructura_original\Nodular\ISIC_NOD_0084.jpg,augmented_from_source,rot_90+bright_1.119+contrast_1.067+color_0.977+sharp_1.029+crop_0.947,c:\Users\elpro\Documents\Github\melanoma\imagenes\IMAGENES DEMARTOLOGICAS\Nodular\mel_nodular-053489_25.jpg,4db5259b0c54f6adf32cd9fe0d1042e2399a427583548c3bcba25797eab72df5
nodular,ISIC_NOD_0085.jpg,c:\Users\elpro\Documents\Github\melanoma\imagenes\dataset_balanceado_1200_estructura_original\Nodular\ISIC_NOD_0085.jpg,augmented_from_source,flip_h+flip_v+rot_-12+bright_1.054+contrast_1.014+color_1.013+sharp_1.019+crop_0.965,c:\Users\elpro\Documents\Github\melanoma\imagenes\IMAGENES DEMARTOLOGICAS\Nodular\nm1.jpg,c4ee568a91595c947f0951f0bfd069b705620bf608fdc0582fc42d61abe9042b
nodular,ISIC_NOD_0086.jpg,c:\Users\elpro\Documents\Github\melanoma\imagenes\dataset_balanceado_1200_estructura_original\Nodular\ISIC_NOD_0086.jpg,augmented_from_source,flip_h+flip_v+rot_180+bright_0.978+contrast_0.906+color_0.932+sharp_1.009+crop_0.976,c:\Users\elpro\Documents\Github\melanoma\imagenes\IMAGENES DEMARTOLOGICAS\Nodular\nm3.jpg,0f64c288e7b28cce21870cf3ed17d3d22d2eab725ea210567b45dd7db3f976eb
nodular,ISIC_NOD_0087.jpg,c:\Users\elpro\Documents\Github\melanoma\imagenes\dataset_balanceado_1200_estructura_original\Nodular\ISIC_NOD_0087.jpg,augmented_from_source,rot_5+bright_1.112+contrast_1.015+color_1.043+sharp_1.101+crop_0.977,c:\Users\elpro\Documents\Github\melanoma\imagenes\IMAGENES DEMARTOLOGICAS\Nodular\mel_nodular-053489_52.jpg,55444eba5f0e21ef64ffb417a064fe599207332c33fb8c498babe9860651715f
nodular,ISIC_NOD_0088.jpg,c:\Users\elpro\Documents\Github\melanoma\imagenes\dataset_balanceado_1200_estructura_original\Nodular\ISIC_NOD_0088.jpg,augmented_from_source,flip_v+rot_90+bright_0.942+contrast_0.972+color_1.046+sharp_0.994+crop_0.956,c:\Users\elpro\Documents\Github\melanoma\imagenes\IMAGENES DEMARTOLOGICAS\Nodular\mel_nodular-053489_57.jpg,f8e6ec43d4779e6c46dffb4cd8015a32e833329031310e7b6baf450545261f23
nodular,ISIC_NOD_0089.jpg,c:\Users\elpro\Documents\Github\melanoma\imagenes\dataset_balanceado_1200_estructura_original\Nodular\ISIC_NOD_0089.jpg,augmented_from_source,flip_h+rot_-12+bright_0.940+contrast_0.902+color_1.028+sharp_1.114+crop_0.906,c:\Users\elpro\Documents\Github\melanoma\imagenes\IMAGENES DEMARTOLOGICAS\Nodular\mel_nodular-053489_59.jpg,8760569d189ec867822ddb40639412419f30bb43478a89699503042d85f88047
nodular,ISIC_NOD_0090.jpg,c:\Users\elpro\Documents\Github\melanoma\imagenes\dataset_balanceado_1200_estructura_original\Nodular\ISIC_NOD_0090.jpg,augmented_from_source,flip_h+rot_180+bright_1.107+contrast_1.044+color_1.066+sharp_1.050+crop_0.916,c:\Users\elpro\Documents\Github\melanoma\imagenes\IMAGENES DEMARTOLOGICAS\Nodular\mel_nodular-053489_63.jpg,b2ede5d405f8fe3ce600f5addded26d873aed91df7d7f24a810c47f9172eb50e
nodular,ISIC_NOD_0091.jpg,c:\Users\elpro\Documents\Github\melanoma\imagenes\dataset_balanceado_1200_estructura_original\Nodular\ISIC_NOD_0091.jpg,augmented_from_source,flip_h+flip_v+rot_12+bright_0.965+contrast_1.067+color_0.939+sharp_0.966+crop_0.976+blur_0.5,c:\Users\elpro\Documents\Github\melanoma\imagenes\IMAGENES DEMARTOLOGICAS\Nodular\nm4.jpg,17864e661f8a15e2d0c091d6c0ab0524fc3d6b7ddd8ae7196f09e3a62a40b5f0
nodular,ISIC_NOD_0092.jpg,c:\Users\elpro\Documents\Github\melanoma\imagenes\dataset_balanceado_1200_estructura_original\Nodular\ISIC_NOD_0092.jpg,augmented_from_source,rot_5+bright_0.969+contrast_0.956+color_1.064+sharp_1.126+crop_0.946,c:\Users\elpro\Documents\Github\melanoma\imagenes\IMAGENES DEMARTOLOGICAS\Nodular\mel_nodular-053489_20.jpg,6cfb9aeb9112860ed8f94adbf3d6b48600f2518913bcd4c1b5b2e7093e790846
nodular,ISIC_NOD_0093.jpg,c:\Users\elpro\Documents\Github\melanoma\imagenes\dataset_balanceado_1200_estructura_original\Nodular\ISIC_NOD_0093.jpg,augmented_from_source,rot_-5+bright_0.933+contrast_1.018+color_0.929+sharp_1.110+crop_0.938,c:\Users\elpro\Documents\Github\melanoma\imagenes\IMAGENES DEMARTOLOGICAS\Nodular\mel_nodular-053489_41.jpg,6b7d05a3f20d97000d24169f86c8134ed2e51c51390cc4680438500a31775467
nodular,ISIC_NOD_0094.jpg,c:\Users\elpro\Documents\Github\melanoma\imagenes\dataset_balanceado_1200_estructura_original\Nodular\ISIC_NOD_0094.jpg,augmented_from_source,rot_5+bright_1.114+contrast_1.048+color_0.994+sharp_1.088+crop_0.901,c:\Users\elpro\Documents\Github\melanoma\imagenes\IMAGENES DEMARTOLOGICAS\Nodular\mel_nodular-053489_19.jpg,097e24874546a906b4b63210130c2e034fa4fcf3fdb3e99ace7717b904de42aa
nodular,ISIC_NOD_0095.jpg,c:\Users\elpro\Documents\Github\melanoma\imagenes\dataset_balanceado_1200_estructura_original\Nodular\ISIC_NOD_0095.jpg,augmented_from_source,flip_h+rot_-12+bright_0.925+contrast_0.943+color_0.963+sharp_1.142+crop_0.927,c:\Users\elpro\Documents\Github\melanoma\imagenes\IMAGENES DEMARTOLOGICAS\Nodular\mel_nodular-053489_36.jpg,49d171239897111bb1a7e4d94c03e8b96d44f5b9605518117685746ad4406c85
nodular,ISIC_NOD_0096.jpg,c:\Users\elpro\Documents\Github\melanoma\imagenes\dataset_balanceado_1200_estructura_original\Nodular\ISIC_NOD_0096.jpg,augmented_from_source,flip_h+rot_-8+bright_1.085+contrast_0.947+color_0.949+sharp_0.976+crop_0.946+blur_0.5,c:\Users\elpro\Documents\Github\melanoma\imagenes\IMAGENES DEMARTOLOGICAS\Nodular\nm9-big.jpg,3f72d7d8e004194ef7938df44dae4291e23f1e31eb58606557c10536a92ab944
nodular,ISIC_NOD_0097.jpg,c:\Users\elpro\Documents\Github\melanoma\imagenes\dataset_balanceado_1200_estructura_original\Nodular\ISIC_NOD_0097.jpg,augmented_from_source,flip_h+flip_v+rot_-5+bright_1.086+contrast_0.927+color_1.048+sharp_1.098+crop_0.938,c:\Users\elpro\Documents\Github\melanoma\imagenes\IMAGENES DEMARTOLOGICAS\Nodular\mel_nodular-053489_17.jpg,c9dcbe04d7ebfd9a6719e89cbc94c74683bf2a3179cdf1864652ca415202f8ab
nodular,ISIC_NOD_0098.jpg,c:\Users\elpro\Documents\Github\melanoma\imagenes\dataset_balanceado_1200_estructura_original\Nodular\ISIC_NOD_0098.jpg,augmented_from_source,flip_h+rot_8+bright_1.008+contrast_0.956+color_0.998+sharp_1.000+crop_0.969+blur_0.5,c:\Users\elpro\Documents\Github\melanoma\imagenes\IMAGENES DEMARTOLOGICAS\Nodular\mel_nodular-053489_21.jpg,23bb2e0238b45c345bf69d24edb0ffd4cfbf87ab56526323335aecb2f380f332
nodular,ISIC_NOD_0099.jpg,c:\Users\elpro\Documents\Github\melanoma\imagenes\dataset_balanceado_1200_estructura_original\Nodular\ISIC_NOD_0099.jpg,augmented_from_source,flip_h+flip_v+rot_-12+bright_0.994+contrast_1.031+color_0.992+sharp_1.017+crop_0.929,c:\Users\elpro\Documents\Github\melanoma\imagenes\IMAGENES DEMARTOLOGICAS\Nodular\mel_nodular-053489_30.jpg,34a580ad1132bd4e5ef9f99fa4ff13ac8fdfd9047521faf56a353b54d0f920fa
nodular,ISIC_NOD_0100.jpg,c:\Users\elpro\Documents\Github\melanoma\imagenes\dataset_balanceado_1200_estructura_original\Nodular\ISIC_NOD_0100.jpg,augmented_from_source,flip_h+flip_v+rot_90+bright_0.964+contrast_1.043+color_1.017+sharp_1.065+crop_0.952,c:\Users\elpro\Documents\Github\melanoma\imagenes\IMAGENES DEMARTOLOGICAS\Nodular\mel_nodular-053489_6.jpg,f2bc06ac9f79ad7f4462756b0c3b5ff8d2ebe46abcff563040b5b8189c438cf5
otros_mucosas,ISIC_MUC_0001.jpg,c:\Users\elpro\Documents\Github\melanoma\imagenes\dataset_balanceado_1200_estructura_original\Otros\Mucosas\ISIC_MUC_0001.jpg,source,original,c:\Users\elpro\Documents\Github\melanoma\imagenes\IMAGENES DEMARTOLOGICAS\Otros\Mucosas\634melanom_oral42528.jpg,28a572092a36d97e2c65aba87d667a6743da9d619e0932cc42730f61178a1b33
otros_mucosas,ISIC_MUC_0002.jpg,c:\Users\elpro\Documents\Github\melanoma\imagenes\dataset_balanceado_1200_estructura_original\Otros\Mucosas\ISIC_MUC_0002.jpg,source,original,c:\Users\elpro\Documents\Github\melanoma\imagenes\IMAGENES DEMARTOLOGICAS\Otros\Mucosas\634melanom_oral42534.jpg,0170d8425e83a24e2881b8eca7e5d31e8d216f3ce066173a9130e43644660232
otros_mucosas,ISIC_MUC_0003.jpg,c:\Users\elpro\Documents\Github\melanoma\imagenes\dataset_balanceado_1200_estructura_original\Otros\Mucosas\ISIC_MUC_0003.jpg,source,original,c:\Users\elpro\Documents\Github\melanoma\imagenes\IMAGENES DEMARTOLOGICAS\Otros\Mucosas\634melanom_oral42544.jpg,029d5cf705d1d52240e33ea3dbe8c3ee7870982612d9518b5a5ed566b815e8d5
otros_mucosas,ISIC_MUC_0004.jpg,c:\Users\elpro\Documents\Github\melanoma\imagenes\dataset_balanceado_1200_estructura_original\Otros\Mucosas\ISIC_MUC_0004.jpg,source,original,c:\Users\elpro\Documents\Github\melanoma\imagenes\IMAGENES DEMARTOLOGICAS\Otros\Mucosas\634melanom_oral42594.jpg,8701d0bba87a618457527638d418f1b8d2f1d932e4c877375b43f837879f4c06
otros_mucosas,ISIC_MUC_0005.jpg,c:\Users\elpro\Documents\Github\melanoma\imagenes\dataset_balanceado_1200_estructura_original\Otros\Mucosas\ISIC_MUC_0005.jpg,source,original,c:\Users\elpro\Documents\Github\melanoma\imagenes\IMAGENES DEMARTOLOGICAS\Otros\Mucosas\634melanom_oral425328.jpg,268cc59e423778cdbb2c8332f8fd422ddcb1a2f8675803e39e100ec787baf5a9
otros_mucosas,ISIC_MUC_0006.jpg,c:\Users\elpro\Documents\Github\melanoma\imagenes\dataset_balanceado_1200_estructura_original\Otros\Mucosas\ISIC_MUC_0006.jpg,source,original,c:\Users\elpro\Documents\Github\melanoma\imagenes\IMAGENES DEMARTOLOGICAS\Otros\Mucosas\634melanom_oral42535.jpg,61dd964542cf78bf78de4cb4f227ecb9f9613163ca65cb38719fb4801820e2a6
otros_mucosas,ISIC_MUC_0007.jpg,c:\Users\elpro\Documents\Github\melanoma\imagenes\dataset_balanceado_1200_estructura_original\Otros\Mucosas\ISIC_MUC_0007.jpg,source,original,c:\Users\elpro\Documents\Github\melanoma\imagenes\IMAGENES DEMARTOLOGICAS\Otros\Mucosas\634melanom_oral42543.jpg,c738dad08fc63e9d47c4935ed2177543fb8905a5281588bc18565386c97552ab
otros_mucosas,ISIC_MUC_0008.jpg,c:\Users\elpro\Documents\Github\melanoma\imagenes\dataset_balanceado_1200_estructura_original\Otros\Mucosas\ISIC_MUC_0008.jpg,source,original,c:\Users\elpro\Documents\Github\melanoma\imagenes\IMAGENES DEMARTOLOGICAS\Otros\Mucosas\634melanom_oral425568.jpg,2376fc9e727b94ca53ce8b368dfc9515c07791a5ff51a21f7a8904bc1698c3c9
otros_mucosas,ISIC_MUC_0009.jpg,c:\Users\elpro\Documents\Github\melanoma\imagenes\dataset_balanceado_1200_estructura_original\Otros\Mucosas\ISIC_MUC_0009.jpg,source,original,c:\Users\elpro\Documents\Github\melanoma\imagenes\IMAGENES DEMARTOLOGICAS\Otros\Mucosas\634melanom_oral42502.jpg,c8a236edc4590a4f6d1be8299b4c62ced90e37fce2224ce9705700396bd03d7f
otros_mucosas,ISIC_MUC_0010.jpg,c:\Users\elpro\Documents\Github\melanoma\imagenes\dataset_balanceado_1200_estructura_original\Otros\Mucosas\ISIC_MUC_0010.jpg,source,original,c:\Users\elpro\Documents\Github\melanoma\imagenes\IMAGENES DEMARTOLOGICAS\Otros\Mucosas\634melanom_oral42555.jpg,bbb6044e126df3ed3a2660ce45673f723c6bdf60e1f64bcc9bc429c48ab2572f
otros_mucosas,ISIC_MUC_0011.jpg,c:\Users\elpro\Documents\Github\melanoma\imagenes\dataset_balanceado_1200_estructura_original\Otros\Mucosas\ISIC_MUC_0011.jpg,source,original,c:\Users\elpro\Documents\Github\melanoma\imagenes\IMAGENES DEMARTOLOGICAS\Otros\Mucosas\634melanom_oral42529.jpg,3356ded2b03e869d20a35d256a59e21c14cc30b8c6c2dc94f0ca7b76a6b19c0d
otros_mucosas,ISIC_MUC_0012.jpg,c:\Users\elpro\Documents\Github\melanoma\imagenes\dataset_balanceado_1200_estructura_original\Otros\Mucosas\ISIC_MUC_0012.jpg,source,original,c:\Users\elpro\Documents\Github\melanoma\imagenes\IMAGENES DEMARTOLOGICAS\Otros\Mucosas\634melanom_oral42547.jpg,d32f642b48961bfb2d343d2a796d5a0618416bf454cbe252e81b6580f6551f57
otros_mucosas,ISIC_MUC_0013.jpg,c:\Users\elpro\Documents\Github\melanoma\imagenes\dataset_balanceado_1200_estructura_original\Otros\Mucosas\ISIC_MUC_0013.jpg,source,original,c:\Users\elpro\Documents\Github\melanoma\imagenes\IMAGENES DEMARTOLOGICAS\Otros\Mucosas\634melanom_oral42590.jpg,0ecb1b3a179d1dbf17d8defb58af6959fbb10e5072af957a195cbb9e902bd70c
otros_mucosas,ISIC_MUC_0014.jpg,c:\Users\elpro\Documents\Github\melanoma\imagenes\dataset_balanceado_1200_estructura_original\Otros\Mucosas\ISIC_MUC_0014.jpg,source,original,c:\Users\elpro\Documents\Github\melanoma\imagenes\IMAGENES DEMARTOLOGICAS\Otros\Mucosas\original03-f2.jpg,fb20f24ae1f76f9ce416ab7cada586487dd2c08793ed0190181dfb8773b35629
otros_mucosas,ISIC_MUC_0015.jpg,c:\Users\elpro\Documents\Github\melanoma\imagenes\dataset_balanceado_1200_estructura_original\Otros\Mucosas\ISIC_MUC_0015.jpg,source,original,c:\Users\elpro\Documents\Github\melanoma\imagenes\IMAGENES DEMARTOLOGICAS\Otros\Mucosas\original03-f1.jpg,4f4c9fb4d6b8d9202f4b6ca9dc8c4949fe4a18d612ebd710db77348d9773802a
otros_mucosas,ISIC_MUC_0016.jpg,c:\Users\elpro\Documents\Github\melanoma\imagenes\dataset_balanceado_1200_estructura_original\Otros\Mucosas\ISIC_MUC_0016.jpg,source,original,c:\Users\elpro\Documents\Github\melanoma\imagenes\IMAGENES DEMARTOLOGICAS\Otros\Mucosas\634melanom_oral425875.jpg,518138f0b6e644a87995252c3e764b40116e684080e16367cb389aad3b34f0e1
otros_mucosas,ISIC_MUC_0017.jpg,c:\Users\elpro\Documents\Github\melanoma\imagenes\dataset_balanceado_1200_estructura_original\Otros\Mucosas\ISIC_MUC_0017.jpg,source,original,c:\Users\elpro\Documents\Github\melanoma\imagenes\IMAGENES DEMARTOLOGICAS\Otros\Mucosas\634melanom_oral42576.jpg,d511aa7846a7b2a8426c148297d74d46e5a213e00ad562f3915600192d0d2322
otros_mucosas,ISIC_MUC_0018.jpg,c:\Users\elpro\Documents\Github\melanoma\imagenes\dataset_balanceado_1200_estructura_original\Otros\Mucosas\ISIC_MUC_0018.jpg,source,original,c:\Users\elpro\Documents\Github\melanoma\imagenes\IMAGENES DEMARTOLOGICAS\Otros\Mucosas\634melanom_oral42556.jpg,d554fabb8bbc1e9f2a1d4494499f915bd0cfdba18885143a333baf51e7adc374
otros_mucosas,ISIC_MUC_0019.jpg,c:\Users\elpro\Documents\Github\melanoma\imagenes\dataset_balanceado_1200_estructura_original\Otros\Mucosas\ISIC_MUC_0019.jpg,source,original,c:\Users\elpro\Documents\Github\melanoma\imagenes\IMAGENES DEMARTOLOGICAS\Otros\Mucosas\634melanom_oral42522.jpg,fd8f51e33bcc2802fecdc483bff08902630c3700656669567074a89c18065703
otros_mucosas,ISIC_MUC_0020.jpg,c:\Users\elpro\Documents\Github\melanoma\imagenes\dataset_balanceado_1200_estructura_original\Otros\Mucosas\ISIC_MUC_0020.jpg,source,original,c:\Users\elpro\Documents\Github\melanoma\imagenes\IMAGENES DEMARTOLOGICAS\Otros\Mucosas\634melanom_oral42551.jpg,3ed8ca69e5caa59984d40fe6b31b0f1b65403507736e3a3758f4563d1e7b1627
otros_mucosas,ISIC_MUC_0021.jpg,c:\Users\elpro\Documents\Github\melanoma\imagenes\dataset_balanceado_1200_estructura_original\Otros\Mucosas\ISIC_MUC_0021.jpg,source,original,c:\Users\elpro\Documents\Github\melanoma\imagenes\IMAGENES DEMARTOLOGICAS\Otros\Mucosas\img0077.jpg,331eb4407d2f119bacd5d0bc76127c22d8c177fee021140d1e18654fd4433be4
otros_mucosas,ISIC_MUC_0022.jpg,c:\Users\elpro\Documents\Github\melanoma\imagenes\dataset_balanceado_1200_estructura_original\Otros\Mucosas\ISIC_MUC_0022.jpg,source,original,c:\Users\elpro\Documents\Github\melanoma\imagenes\IMAGENES DEMARTOLOGICAS\Otros\Mucosas\634melanom_oral42533.jpg,bdb97087ddde8493d308c1435fde933d18f380cf41acd75c0f752fc66bd3fb5f
otros_mucosas,ISIC_MUC_0023.jpg,c:\Users\elpro\Documents\Github\melanoma\imagenes\dataset_balanceado_1200_estructura_original\Otros\Mucosas\ISIC_MUC_0023.jpg,source,original,c:\Users\elpro\Documents\Github\melanoma\imagenes\IMAGENES DEMARTOLOGICAS\Otros\Mucosas\634melanom_oral42511.jpg,1f61c0735808d2d8a9e44aaf1704cd8f0ec7a95df435159c911365d85b23182d
otros_mucosas,ISIC_MUC_0024.jpg,c:\Users\elpro\Documents\Github\melanoma\imagenes\dataset_balanceado_1200_estructura_original\Otros\Mucosas\ISIC_MUC_0024.jpg,source,original,c:\Users\elpro\Documents\Github\melanoma\imagenes\IMAGENES DEMARTOLOGICAS\Otros\Mucosas\634melanom_oral42558.jpg,1c190538194f0bbafa9de79d8c8eb628c838dd581a7354e25e6ada8b505bd6c2
otros_mucosas,ISIC_MUC_0025.jpg,c:\Users\elpro\Documents\Github\melanoma\imagenes\dataset_balanceado_1200_estructura_original\Otros\Mucosas\ISIC_MUC_0025.jpg,source,original,c:\Users\elpro\Documents\Github\melanoma\imagenes\IMAGENES DEMARTOLOGICAS\Otros\Mucosas\img0017.jpg,f8d25bf2c4618b5f8f80208ae08f700ea4fccf5c8c4847bf43c117a200ade011
otros_mucosas,ISIC_MUC_0026.jpg,c:\Users\elpro\Documents\Github\melanoma\imagenes\dataset_balanceado_1200_estructura_original\Otros\Mucosas\ISIC_MUC_0026.jpg,source,original,c:\Users\elpro\Documents\Github\melanoma\imagenes\IMAGENES DEMARTOLOGICAS\Otros\Mucosas\img0028.jpg,3fc2aef4c229e2026576fe63808e2c9c74f329d50315ba5712c02d220406dab6
otros_mucosas,ISIC_MUC_0027.jpg,c:\Users\elpro\Documents\Github\melanoma\imagenes\dataset_balanceado_1200_estructura_original\Otros\Mucosas\ISIC_MUC_0027.jpg,source,original,c:\Users\elpro\Documents\Github\melanoma\imagenes\IMAGENES DEMARTOLOGICAS\Otros\Mucosas\634melanom_oral42539.jpg,321ae7a1cedb29e3d1b2325f482f150097d70bc08f59adeef3a1cd263b25e546
otros_mucosas,ISIC_MUC_0028.jpg,c:\Users\elpro\Documents\Github\melanoma\imagenes\dataset_balanceado_1200_estructura_original\Otros\Mucosas\ISIC_MUC_0028.jpg,source,original,c:\Users\elpro\Documents\Github\melanoma\imagenes\IMAGENES DEMARTOLOGICAS\Otros\Mucosas\634melanom_oral42572.jpg,763431d636530b49f1ca3b595f01c087678a29c118dd61778cfe12a5d61539cb
otros_mucosas,ISIC_MUC_0029.jpg,c:\Users\elpro\Documents\Github\melanoma\imagenes\dataset_balanceado_1200_estructura_original\Otros\Mucosas\ISIC_MUC_0029.jpg,source,original,c:\Users\elpro\Documents\Github\melanoma\imagenes\IMAGENES DEMARTOLOGICAS\Otros\Mucosas\634melanom_oral42557.jpg,3ba90037d7b6086d21a146eb1630b83cd686b34d836d56b22d72fcca78a10148
otros_mucosas,ISIC_MUC_0030.jpg,c:\Users\elpro\Documents\Github\melanoma\imagenes\dataset_balanceado_1200_estructura_original\Otros\Mucosas\ISIC_MUC_0030.jpg,source,original,c:\Users\elpro\Documents\Github\melanoma\imagenes\IMAGENES DEMARTOLOGICAS\Otros\Mucosas\634melanom_oral42545.jpg,097c8496acc21d91f8d1a09a8599273455fe12ade0f612429cd7e22de35317e3
otros_mucosas,ISIC_MUC_0031.jpg,c:\Users\elpro\Documents\Github\melanoma\imagenes\dataset_balanceado_1200_estructura_original\Otros\Mucosas\ISIC_MUC_0031.jpg,source,original,c:\Users\elpro\Documents\Github\melanoma\imagenes\IMAGENES DEMARTOLOGICAS\Otros\Mucosas\634melanom_oral425325.jpg,eed16c1b8ef64bc2a775af4d23f522f643aa1fcd0a11a265af6a3723ffdf147e
otros_mucosas,ISIC_MUC_0032.jpg,c:\Users\elpro\Documents\Github\melanoma\imagenes\dataset_balanceado_1200_estructura_original\Otros\Mucosas\ISIC_MUC_0032.jpg,source,original,c:\Users\elpro\Documents\Github\melanoma\imagenes\IMAGENES DEMARTOLOGICAS\Otros\Mucosas\634melanom_oral42554.jpg,d4112012210869130c1379a7a41ed301ae02ab2c08b7fee81145830711d2a54e
otros_mucosas,ISIC_MUC_0033.jpg,c:\Users\elpro\Documents\Github\melanoma\imagenes\dataset_balanceado_1200_estructura_original\Otros\Mucosas\ISIC_MUC_0033.jpg,source,original,c:\Users\elpro\Documents\Github\melanoma\imagenes\IMAGENES DEMARTOLOGICAS\Otros\Mucosas\634melanom_oral42509.jpg,e2d249f252c67b72c94c6a744ce135bcd7addf50b52713c11aa37310b61db95c
otros_mucosas,ISIC_MUC_0034.jpg,c:\Users\elpro\Documents\Github\melanoma\imagenes\dataset_balanceado_1200_estructura_original\Otros\Mucosas\ISIC_MUC_0034.jpg,source,original,c:\Users\elpro\Documents\Github\melanoma\imagenes\IMAGENES DEMARTOLOGICAS\Otros\Mucosas\img0026.jpg,e34b7dde9cec830bc6b88c1ce997041d58469f1b48b326ff26789dabb5a71aff
otros_mucosas,ISIC_MUC_0035.jpg,c:\Users\elpro\Documents\Github\melanoma\imagenes\dataset_balanceado_1200_estructura_original\Otros\Mucosas\ISIC_MUC_0035.jpg,source,original,c:\Users\elpro\Documents\Github\melanoma\imagenes\IMAGENES DEMARTOLOGICAS\Otros\Mucosas\634melanom_oral42531.jpg,7c7ebf9f2aa00a8cc2baba6e28125f47a5971aedf4086db642e46fc9da821ade
otros_mucosas,ISIC_MUC_0036.jpg,c:\Users\elpro\Documents\Github\melanoma\imagenes\dataset_balanceado_1200_estructura_original\Otros\Mucosas\ISIC_MUC_0036.jpg,source,original,c:\Users\elpro\Documents\Github\melanoma\imagenes\IMAGENES DEMARTOLOGICAS\Otros\Mucosas\634melanom_oral42532.jpg,9ec04aa19e1a04587fe634448736faeb1251d7944a356de7dea1c248b023fcca
otros_mucosas,ISIC_MUC_0037.jpg,c:\Users\elpro\Documents\Github\melanoma\imagenes\dataset_balanceado_1200_estructura_original\Otros\Mucosas\ISIC_MUC_0037.jpg,source,original,c:\Users\elpro\Documents\Github\melanoma\imagenes\IMAGENES DEMARTOLOGICAS\Otros\Mucosas\634melanom_oral42523.jpg,713738fdbbc363a206fe5632a62ed36a75d5d9b05ec5a82bef264a55e2544fcf
otros_mucosas,ISIC_MUC_0038.jpg,c:\Users\elpro\Documents\Github\melanoma\imagenes\dataset_balanceado_1200_estructura_original\Otros\Mucosas\ISIC_MUC_0038.jpg,augmented_from_source,flip_h+flip_v+rot_270+bright_1.039+contrast_1.106+color_1.032+sharp_0.966+crop_0.913+blur_0.5,c:\Users\elpro\Documents\Github\melanoma\imagenes\IMAGENES DEMARTOLOGICAS\Otros\Mucosas\634melanom_oral42528.jpg,28a572092a36d97e2c65aba87d667a6743da9d619e0932cc42730f61178a1b33
otros_mucosas,ISIC_MUC_0039.jpg,c:\Users\elpro\Documents\Github\melanoma\imagenes\dataset_balanceado_1200_estructura_original\Otros\Mucosas\ISIC_MUC_0039.jpg,augmented_from_source,bright_1.065+contrast_1.006+color_1.079+sharp_0.971+crop_0.949,c:\Users\elpro\Documents\Github\melanoma\imagenes\IMAGENES DEMARTOLOGICAS\Otros\Mucosas\634melanom_oral42534.jpg,0170d8425e83a24e2881b8eca7e5d31e8d216f3ce066173a9130e43644660232
otros_mucosas,ISIC_MUC_0040.jpg,c:\Users\elpro\Documents\Github\melanoma\imagenes\dataset_balanceado_1200_estructura_original\Otros\Mucosas\ISIC_MUC_0040.jpg,augmented_from_source,flip_h+flip_v+rot_-12+bright_0.986+contrast_0.910+color_1.004+sharp_0.984+crop_0.903,c:\Users\elpro\Documents\Github\melanoma\imagenes\IMAGENES DEMARTOLOGICAS\Otros\Mucosas\634melanom_oral42544.jpg,029d5cf705d1d52240e33ea3dbe8c3ee7870982612d9518b5a5ed566b815e8d5
otros_mucosas,ISIC_MUC_0041.jpg,c:\Users\elpro\Documents\Github\melanoma\imagenes\dataset_balanceado_1200_estructura_original\Otros\Mucosas\ISIC_MUC_0041.jpg,augmented_from_source,flip_h+rot_-12+bright_1.012+contrast_0.912+color_1.072+sharp_1.058+crop_0.947,c:\Users\elpro\Documents\Github\melanoma\imagenes\IMAGENES DEMARTOLOGICAS\Otros\Mucosas\634melanom_oral42594.jpg,8701d0bba87a618457527638d418f1b8d2f1d932e4c877375b43f837879f4c06
otros_mucosas,ISIC_MUC_0042.jpg,c:\Users\elpro\Documents\Github\melanoma\imagenes\dataset_balanceado_1200_estructura_original\Otros\Mucosas\ISIC_MUC_0042.jpg,augmented_from_source,rot_8+bright_0.954+contrast_0.963+color_1.006+sharp_1.111+crop_0.935,c:\Users\elpro\Documents\Github\melanoma\imagenes\IMAGENES DEMARTOLOGICAS\Otros\Mucosas\634melanom_oral425328.jpg,268cc59e423778cdbb2c8332f8fd422ddcb1a2f8675803e39e100ec787baf5a9
otros_mucosas,ISIC_MUC_0043.jpg,c:\Users\elpro\Documents\Github\melanoma\imagenes\dataset_balanceado_1200_estructura_original\Otros\Mucosas\ISIC_MUC_0043.jpg,augmented_from_source,flip_h+flip_v+rot_180+bright_0.963+contrast_0.993+color_0.921+sharp_1.134+crop_0.976+blur_0.5,c:\Users\elpro\Documents\Github\melanoma\imagenes\IMAGENES DEMARTOLOGICAS\Otros\Mucosas\634melanom_oral42535.jpg,61dd964542cf78bf78de4cb4f227ecb9f9613163ca65cb38719fb4801820e2a6
otros_mucosas,ISIC_MUC_0044.jpg,c:\Users\elpro\Documents\Github\melanoma\imagenes\dataset_balanceado_1200_estructura_original\Otros\Mucosas\ISIC_MUC_0044.jpg,augmented_from_source,flip_h+rot_270+bright_1.071+contrast_1.012+color_0.950+sharp_1.126+crop_0.935,c:\Users\elpro\Documents\Github\melanoma\imagenes\IMAGENES DEMARTOLOGICAS\Otros\Mucosas\634melanom_oral42543.jpg,c738dad08fc63e9d47c4935ed2177543fb8905a5281588bc18565386c97552ab
otros_mucosas,ISIC_MUC_0045.jpg,c:\Users\elpro\Documents\Github\melanoma\imagenes\dataset_balanceado_1200_estructura_original\Otros\Mucosas\ISIC_MUC_0045.jpg,augmented_from_source,rot_270+bright_0.943+contrast_0.981+color_0.958+sharp_1.103+crop_0.973,c:\Users\elpro\Documents\Github\melanoma\imagenes\IMAGENES DEMARTOLOGICAS\Otros\Mucosas\634melanom_oral425568.jpg,2376fc9e727b94ca53ce8b368dfc9515c07791a5ff51a21f7a8904bc1698c3c9
otros_mucosas,ISIC_MUC_0046.jpg,c:\Users\elpro\Documents\Github\melanoma\imagenes\dataset_balanceado_1200_estructura_original\Otros\Mucosas\ISIC_MUC_0046.jpg,augmented_from_source,rot_-5+bright_0.925+contrast_0.896+color_0.942+sharp_0.972+crop_0.936,c:\Users\elpro\Documents\Github\melanoma\imagenes\IMAGENES DEMARTOLOGICAS\Otros\Mucosas\634melanom_oral42502.jpg,c8a236edc4590a4f6d1be8299b4c62ced90e37fce2224ce9705700396bd03d7f
otros_mucosas,ISIC_MUC_0047.jpg,c:\Users\elpro\Documents\Github\melanoma\imagenes\dataset_balanceado_1200_estructura_original\Otros\Mucosas\ISIC_MUC_0047.jpg,augmented_from_source,flip_h+rot_180+bright_0.892+contrast_1.008+color_0.950+sharp_0.970+crop_0.922,c:\Users\elpro\Documents\Github\melanoma\imagenes\IMAGENES DEMARTOLOGICAS\Otros\Mucosas\634melanom_oral42555.jpg,bbb6044e126df3ed3a2660ce45673f723c6bdf60e1f64bcc9bc429c48ab2572f
otros_mucosas,ISIC_MUC_0048.jpg,c:\Users\elpro\Documents\Github\melanoma\imagenes\dataset_balanceado_1200_estructura_original\Otros\Mucosas\ISIC_MUC_0048.jpg,augmented_from_source,flip_h+rot_-8+bright_0.981+contrast_1.069+color_1.000+sharp_1.024+crop_0.956+blur_0.5,c:\Users\elpro\Documents\Github\melanoma\imagenes\IMAGENES DEMARTOLOGICAS\Otros\Mucosas\634melanom_oral42529.jpg,3356ded2b03e869d20a35d256a59e21c14cc30b8c6c2dc94f0ca7b76a6b19c0d
otros_mucosas,ISIC_MUC_0049.jpg,c:\Users\elpro\Documents\Github\melanoma\imagenes\dataset_balanceado_1200_estructura_original\Otros\Mucosas\ISIC_MUC_0049.jpg,augmented_from_source,flip_v+rot_-12+bright_1.066+contrast_0.897+color_0.995+sharp_0.988+crop_0.967+blur_0.5,c:\Users\elpro\Documents\Github\melanoma\imagenes\IMAGENES DEMARTOLOGICAS\Otros\Mucosas\634melanom_oral42547.jpg,d32f642b48961bfb2d343d2a796d5a0618416bf454cbe252e81b6580f6551f57
otros_mucosas,ISIC_MUC_0050.jpg,c:\Users\elpro\Documents\Github\melanoma\imagenes\dataset_balanceado_1200_estructura_original\Otros\Mucosas\ISIC_MUC_0050.jpg,augmented_from_source,rot_-5+bright_1.065+contrast_0.986+color_1.038+sharp_0.957+crop_0.937,c:\Users\elpro\Documents\Github\melanoma\imagenes\IMAGENES DEMARTOLOGICAS\Otros\Mucosas\634melanom_oral42590.jpg,0ecb1b3a179d1dbf17d8defb58af6959fbb10e5072af957a195cbb9e902bd70c
otros_mucosas,ISIC_MUC_0051.jpg,c:\Users\elpro\Documents\Github\melanoma\imagenes\dataset_balanceado_1200_estructura_original\Otros\Mucosas\ISIC_MUC_0051.jpg,augmented_from_source,flip_h+rot_-12+bright_1.105+contrast_0.918+color_1.037+sharp_1.099+crop_0.944,c:\Users\elpro\Documents\Github\melanoma\imagenes\IMAGENES DEMARTOLOGICAS\Otros\Mucosas\original03-f2.jpg,fb20f24ae1f76f9ce416ab7cada586487dd2c08793ed0190181dfb8773b35629
otros_mucosas,ISIC_MUC_0052.jpg,c:\Users\elpro\Documents\Github\melanoma\imagenes\dataset_balanceado_1200_estructura_original\Otros\Mucosas\ISIC_MUC_0052.jpg,augmented_from_source,flip_h+bright_1.087+contrast_0.932+color_0.938+sharp_1.077+crop_0.926,c:\Users\elpro\Documents\Github\melanoma\imagenes\IMAGENES DEMARTOLOGICAS\Otros\Mucosas\original03-f1.jpg,4f4c9fb4d6b8d9202f4b6ca9dc8c4949fe4a18d612ebd710db77348d9773802a
otros_mucosas,ISIC_MUC_0053.jpg,c:\Users\elpro\Documents\Github\melanoma\imagenes\dataset_balanceado_1200_estructura_original\Otros\Mucosas\ISIC_MUC_0053.jpg,augmented_from_source,flip_h+bright_1.113+contrast_1.019+color_1.031+sharp_1.088+crop_0.912,c:\Users\elpro\Documents\Github\melanoma\imagenes\IMAGENES DEMARTOLOGICAS\Otros\Mucosas\634melanom_oral425875.jpg,518138f0b6e644a87995252c3e764b40116e684080e16367cb389aad3b34f0e1
otros_mucosas,ISIC_MUC_0054.jpg,c:\Users\elpro\Documents\Github\melanoma\imagenes\dataset_balanceado_1200_estructura_original\Otros\Mucosas\ISIC_MUC_0054.jpg,augmented_from_source,flip_h+bright_0.894+contrast_1.035+color_1.032+sharp_1.108+crop_0.910,c:\Users\elpro\Documents\Github\melanoma\imagenes\IMAGENES DEMARTOLOGICAS\Otros\Mucosas\634melanom_oral42576.jpg,d511aa7846a7b2a8426c148297d74d46e5a213e00ad562f3915600192d0d2322
otros_mucosas,ISIC_MUC_0055.jpg,c:\Users\elpro\Documents\Github\melanoma\imagenes\dataset_balanceado_1200_estructura_original\Otros\Mucosas\ISIC_MUC_0055.jpg,augmented_from_source,rot_5+bright_1.056+contrast_0.885+color_0.980+sharp_1.095+crop_0.920,c:\Users\elpro\Documents\Github\melanoma\imagenes\IMAGENES DEMARTOLOGICAS\Otros\Mucosas\634melanom_oral42556.jpg,d554fabb8bbc1e9f2a1d4494499f915bd0cfdba18885143a333baf51e7adc374
otros_mucosas,ISIC_MUC_0056.jpg,c:\Users\elpro\Documents\Github\melanoma\imagenes\dataset_balanceado_1200_estructura_original\Otros\Mucosas\ISIC_MUC_0056.jpg,augmented_from_source,rot_5+bright_0.926+contrast_0.925+color_0.976+sharp_1.096+crop_0.922+blur_0.5,c:\Users\elpro\Documents\Github\melanoma\imagenes\IMAGENES DEMARTOLOGICAS\Otros\Mucosas\634melanom_oral42522.jpg,fd8f51e33bcc2802fecdc483bff08902630c3700656669567074a89c18065703
otros_mucosas,ISIC_MUC_0057.jpg,c:\Users\elpro\Documents\Github\melanoma\imagenes\dataset_balanceado_1200_estructura_original\Otros\Mucosas\ISIC_MUC_0057.jpg,augmented_from_source,flip_h+rot_-12+bright_1.010+contrast_0.989+color_1.044+sharp_1.051+crop_0.959,c:\Users\elpro\Documents\Github\melanoma\imagenes\IMAGENES DEMARTOLOGICAS\Otros\Mucosas\634melanom_oral42551.jpg,3ed8ca69e5caa59984d40fe6b31b0f1b65403507736e3a3758f4563d1e7b1627
otros_mucosas,ISIC_MUC_0058.jpg,c:\Users\elpro\Documents\Github\melanoma\imagenes\dataset_balanceado_1200_estructura_original\Otros\Mucosas\ISIC_MUC_0058.jpg,augmented_from_source,flip_v+rot_90+bright_1.038+contrast_1.009+color_0.982+sharp_1.055+crop_0.940,c:\Users\elpro\Documents\Github\melanoma\imagenes\IMAGENES DEMARTOLOGICAS\Otros\Mucosas\img0077.jpg,331eb4407d2f119bacd5d0bc76127c22d8c177fee021140d1e18654fd4433be4
otros_mucosas,ISIC_MUC_0059.jpg,c:\Users\elpro\Documents\Github\melanoma\imagenes\dataset_balanceado_1200_estructura_original\Otros\Mucosas\ISIC_MUC_0059.jpg,augmented_from_source,flip_h+rot_90+bright_0.903+contrast_1.038+color_0.927+sharp_1.138+crop_0.914+blur_0.5,c:\Users\elpro\Documents\Github\melanoma\imagenes\IMAGENES DEMARTOLOGICAS\Otros\Mucosas\634melanom_oral42533.jpg,bdb97087ddde8493d308c1435fde933d18f380cf41acd75c0f752fc66bd3fb5f
otros_mucosas,ISIC_MUC_0060.jpg,c:\Users\elpro\Documents\Github\melanoma\imagenes\dataset_balanceado_1200_estructura_original\Otros\Mucosas\ISIC_MUC_0060.jpg,augmented_from_source,flip_h+flip_v+rot_-5+bright_1.038+contrast_1.006+color_1.032+sharp_1.001+crop_0.929,c:\Users\elpro\Documents\Github\melanoma\imagenes\IMAGENES DEMARTOLOGICAS\Otros\Mucosas\634melanom_oral42511.jpg,1f61c0735808d2d8a9e44aaf1704cd8f0ec7a95df435159c911365d85b23182d
otros_mucosas,ISIC_MUC_0061.jpg,c:\Users\elpro\Documents\Github\melanoma\imagenes\dataset_balanceado_1200_estructura_original\Otros\Mucosas\ISIC_MUC_0061.jpg,augmented_from_source,flip_h+rot_90+bright_0.992+contrast_1.033+color_0.978+sharp_1.099+crop_0.971,c:\Users\elpro\Documents\Github\melanoma\imagenes\IMAGENES DEMARTOLOGICAS\Otros\Mucosas\634melanom_oral42558.jpg,1c190538194f0bbafa9de79d8c8eb628c838dd581a7354e25e6ada8b505bd6c2
otros_mucosas,ISIC_MUC_0062.jpg,c:\Users\elpro\Documents\Github\melanoma\imagenes\dataset_balanceado_1200_estructura_original\Otros\Mucosas\ISIC_MUC_0062.jpg,augmented_from_source,bright_1.056+contrast_1.080+color_0.932+sharp_0.993+crop_0.942,c:\Users\elpro\Documents\Github\melanoma\imagenes\IMAGENES DEMARTOLOGICAS\Otros\Mucosas\img0017.jpg,f8d25bf2c4618b5f8f80208ae08f700ea4fccf5c8c4847bf43c117a200ade011
otros_mucosas,ISIC_MUC_0063.jpg,c:\Users\elpro\Documents\Github\melanoma\imagenes\dataset_balanceado_1200_estructura_original\Otros\Mucosas\ISIC_MUC_0063.jpg,augmented_from_source,flip_h+rot_270+bright_1.017+contrast_1.107+color_1.009+sharp_1.062+crop_0.960,c:\Users\elpro\Documents\Github\melanoma\imagenes\IMAGENES DEMARTOLOGICAS\Otros\Mucosas\img0028.jpg,3fc2aef4c229e2026576fe63808e2c9c74f329d50315ba5712c02d220406dab6
otros_mucosas,ISIC_MUC_0064.jpg,c:\Users\elpro\Documents\Github\melanoma\imagenes\dataset_balanceado_1200_estructura_original\Otros\Mucosas\ISIC_MUC_0064.jpg,augmented_from_source,flip_h+rot_90+bright_0.920+contrast_0.923+color_0.984+sharp_1.018+crop_0.913,c:\Users\elpro\Documents\Github\melanoma\imagenes\IMAGENES DEMARTOLOGICAS\Otros\Mucosas\634melanom_oral42539.jpg,321ae7a1cedb29e3d1b2325f482f150097d70bc08f59adeef3a1cd263b25e546
otros_mucosas,ISIC_MUC_0065.jpg,c:\Users\elpro\Documents\Github\melanoma\imagenes\dataset_balanceado_1200_estructura_original\Otros\Mucosas\ISIC_MUC_0065.jpg,augmented_from_source,rot_-8+bright_0.979+contrast_1.032+color_1.052+sharp_1.015+crop_0.919,c:\Users\elpro\Documents\Github\melanoma\imagenes\IMAGENES DEMARTOLOGICAS\Otros\Mucosas\634melanom_oral42572.jpg,763431d636530b49f1ca3b595f01c087678a29c118dd61778cfe12a5d61539cb
otros_mucosas,ISIC_MUC_0066.jpg,c:\Users\elpro\Documents\Github\melanoma\imagenes\dataset_balanceado_1200_estructura_original\Otros\Mucosas\ISIC_MUC_0066.jpg,augmented_from_source,rot_-8+bright_1.111+contrast_0.987+color_0.984+sharp_1.095+crop_0.979,c:\Users\elpro\Documents\Github\melanoma\imagenes\IMAGENES DEMARTOLOGICAS\Otros\Mucosas\634melanom_oral42557.jpg,3ba90037d7b6086d21a146eb1630b83cd686b34d836d56b22d72fcca78a10148
otros_mucosas,ISIC_MUC_0067.jpg,c:\Users\elpro\Documents\Github\melanoma\imagenes\dataset_balanceado_1200_estructura_original\Otros\Mucosas\ISIC_MUC_0067.jpg,augmented_from_source,rot_-12+bright_1.116+contrast_0.932+color_0.970+sharp_1.104+crop_0.975,c:\Users\elpro\Documents\Github\melanoma\imagenes\IMAGENES DEMARTOLOGICAS\Otros\Mucosas\634melanom_oral42545.jpg,097c8496acc21d91f8d1a09a8599273455fe12ade0f612429cd7e22de35317e3
otros_mucosas,ISIC_MUC_0068.jpg,c:\Users\elpro\Documents\Github\melanoma\imagenes\dataset_balanceado_1200_estructura_original\Otros\Mucosas\ISIC_MUC_0068.jpg,augmented_from_source,rot_90+bright_0.889+contrast_0.965+color_0.942+sharp_1.023+crop_0.947,c:\Users\elpro\Documents\Github\melanoma\imagenes\IMAGENES DEMARTOLOGICAS\Otros\Mucosas\634melanom_oral425325.jpg,eed16c1b8ef64bc2a775af4d23f522f643aa1fcd0a11a265af6a3723ffdf147e
otros_mucosas,ISIC_MUC_0069.jpg,c:\Users\elpro\Documents\Github\melanoma\imagenes\dataset_balanceado_1200_estructura_original\Otros\Mucosas\ISIC_MUC_0069.jpg,augmented_from_source,flip_h+rot_270+bright_1.056+contrast_1.054+color_1.047+sharp_0.985+crop_0.966,c:\Users\elpro\Documents\Github\melanoma\imagenes\IMAGENES DEMARTOLOGICAS\Otros\Mucosas\634melanom_oral42554.jpg,d4112012210869130c1379a7a41ed301ae02ab2c08b7fee81145830711d2a54e
otros_mucosas,ISIC_MUC_0070.jpg,c:\Users\elpro\Documents\Github\melanoma\imagenes\dataset_balanceado_1200_estructura_original\Otros\Mucosas\ISIC_MUC_0070.jpg,augmented_from_source,flip_h+rot_12+bright_0.972+contrast_1.067+color_1.067+sharp_1.017+crop_0.970,c:\Users\elpro\Documents\Github\melanoma\imagenes\IMAGENES DEMARTOLOGICAS\Otros\Mucosas\634melanom_oral42509.jpg,e2d249f252c67b72c94c6a744ce135bcd7addf50b52713c11aa37310b61db95c
otros_mucosas,ISIC_MUC_0071.jpg,c:\Users\elpro\Documents\Github\melanoma\imagenes\dataset_balanceado_1200_estructura_original\Otros\Mucosas\ISIC_MUC_0071.jpg,augmented_from_source,flip_h+rot_12+bright_1.103+contrast_1.032+color_1.021+sharp_0.961+crop_0.942,c:\Users\elpro\Documents\Github\melanoma\imagenes\IMAGENES DEMARTOLOGICAS\Otros\Mucosas\img0026.jpg,e34b7dde9cec830bc6b88c1ce997041d58469f1b48b326ff26789dabb5a71aff
otros_mucosas,ISIC_MUC_0072.jpg,c:\Users\elpro\Documents\Github\melanoma\imagenes\dataset_balanceado_1200_estructura_original\Otros\Mucosas\ISIC_MUC_0072.jpg,augmented_from_source,flip_v+rot_-5+bright_1.113+contrast_1.061+color_1.012+sharp_0.968+crop_0.935+blur_0.5,c:\Users\elpro\Documents\Github\melanoma\imagenes\IMAGENES DEMARTOLOGICAS\Otros\Mucosas\634melanom_oral42531.jpg,7c7ebf9f2aa00a8cc2baba6e28125f47a5971aedf4086db642e46fc9da821ade
otros_mucosas,ISIC_MUC_0073.jpg,c:\Users\elpro\Documents\Github\melanoma\imagenes\dataset_balanceado_1200_estructura_original\Otros\Mucosas\ISIC_MUC_0073.jpg,augmented_from_source,flip_h+bright_1.012+contrast_0.943+color_0.984+sharp_1.037+crop_0.956,c:\Users\elpro\Documents\Github\melanoma\imagenes\IMAGENES DEMARTOLOGICAS\Otros\Mucosas\634melanom_oral42532.jpg,9ec04aa19e1a04587fe634448736faeb1251d7944a356de7dea1c248b023fcca
otros_mucosas,ISIC_MUC_0074.jpg,c:\Users\elpro\Documents\Github\melanoma\imagenes\dataset_balanceado_1200_estructura_original\Otros\Mucosas\ISIC_MUC_0074.jpg,augmented_from_source,flip_h+rot_12+bright_0.927+contrast_1.028+color_1.038+sharp_0.999+crop_0.906,c:\Users\elpro\Documents\Github\melanoma\imagenes\IMAGENES DEMARTOLOGICAS\Otros\Mucosas\634melanom_oral42523.jpg,713738fdbbc363a206fe5632a62ed36a75d5d9b05ec5a82bef264a55e2544fcf
otros_mucosas,ISIC_MUC_0075.jpg,c:\Users\elpro\Documents\Github\melanoma\imagenes\dataset_balanceado_1200_estructura_original\Otros\Mucosas\ISIC_MUC_0075.jpg,augmented_from_source,flip_v+rot_-5+bright_0.982+contrast_0.964+color_0.971+sharp_1.069+crop_0.902,c:\Users\elpro\Documents\Github\melanoma\imagenes\IMAGENES DEMARTOLOGICAS\Otros\Mucosas\634melanom_oral42528.jpg,28a572092a36d97e2c65aba87d667a6743da9d619e0932cc42730f61178a1b33
otros_mucosas,ISIC_MUC_0076.jpg,c:\Users\elpro\Documents\Github\melanoma\imagenes\dataset_balanceado_1200_estructura_original\Otros\Mucosas\ISIC_MUC_0076.jpg,augmented_from_source,rot_5+bright_1.030+contrast_0.986+color_1.068+sharp_0.997+crop_0.955+blur_0.5,c:\Users\elpro\Documents\Github\melanoma\imagenes\IMAGENES DEMARTOLOGICAS\Otros\Mucosas\634melanom_oral42534.jpg,0170d8425e83a24e2881b8eca7e5d31e8d216f3ce066173a9130e43644660232
otros_mucosas,ISIC_MUC_0077.jpg,c:\Users\elpro\Documents\Github\melanoma\imagenes\dataset_balanceado_1200_estructura_original\Otros\Mucosas\ISIC_MUC_0077.jpg,augmented_from_source,flip_h+rot_180+bright_1.089+contrast_1.077+color_0.922+sharp_1.089+crop_0.909+blur_0.5,c:\Users\elpro\Documents\Github\melanoma\imagenes\IMAGENES DEMARTOLOGICAS\Otros\Mucosas\634melanom_oral42544.jpg,029d5cf705d1d52240e33ea3dbe8c3ee7870982612d9518b5a5ed566b815e8d5
otros_mucosas,ISIC_MUC_0078.jpg,c:\Users\elpro\Documents\Github\melanoma\imagenes\dataset_balanceado_1200_estructura_original\Otros\Mucosas\ISIC_MUC_0078.jpg,augmented_from_source,flip_h+rot_270+bright_1.011+contrast_1.060+color_1.008+sharp_1.075+crop_0.979,c:\Users\elpro\Documents\Github\melanoma\imagenes\IMAGENES DEMARTOLOGICAS\Otros\Mucosas\634melanom_oral42594.jpg,8701d0bba87a618457527638d418f1b8d2f1d932e4c877375b43f837879f4c06
otros_mucosas,ISIC_MUC_0079.jpg,c:\Users\elpro\Documents\Github\melanoma\imagenes\dataset_balanceado_1200_estructura_original\Otros\Mucosas\ISIC_MUC_0079.jpg,augmented_from_source,rot_-12+bright_0.921+contrast_0.948+color_1.046+sharp_1.074+crop_0.904,c:\Users\elpro\Documents\Github\melanoma\imagenes\IMAGENES DEMARTOLOGICAS\Otros\Mucosas\634melanom_oral425328.jpg,268cc59e423778cdbb2c8332f8fd422ddcb1a2f8675803e39e100ec787baf5a9
otros_mucosas,ISIC_MUC_0080.jpg,c:\Users\elpro\Documents\Github\melanoma\imagenes\dataset_balanceado_1200_estructura_original\Otros\Mucosas\ISIC_MUC_0080.jpg,augmented_from_source,flip_h+rot_-8+bright_1.087+contrast_0.885+color_1.059+sharp_1.080+crop_0.918,c:\Users\elpro\Documents\Github\melanoma\imagenes\IMAGENES DEMARTOLOGICAS\Otros\Mucosas\634melanom_oral42535.jpg,61dd964542cf78bf78de4cb4f227ecb9f9613163ca65cb38719fb4801820e2a6
otros_mucosas,ISIC_MUC_0081.jpg,c:\Users\elpro\Documents\Github\melanoma\imagenes\dataset_balanceado_1200_estructura_original\Otros\Mucosas\ISIC_MUC_0081.jpg,augmented_from_source,flip_h+rot_12+bright_1.008+contrast_0.925+color_1.000+sharp_1.042+crop_0.974,c:\Users\elpro\Documents\Github\melanoma\imagenes\IMAGENES DEMARTOLOGICAS\Otros\Mucosas\634melanom_oral42543.jpg,c738dad08fc63e9d47c4935ed2177543fb8905a5281588bc18565386c97552ab
otros_mucosas,ISIC_MUC_0082.jpg,c:\Users\elpro\Documents\Github\melanoma\imagenes\dataset_balanceado_1200_estructura_original\Otros\Mucosas\ISIC_MUC_0082.jpg,augmented_from_source,rot_-5+bright_1.059+contrast_0.884+color_1.029+sharp_1.021+crop_0.924,c:\Users\elpro\Documents\Github\melanoma\imagenes\IMAGENES DEMARTOLOGICAS\Otros\Mucosas\634melanom_oral425568.jpg,2376fc9e727b94ca53ce8b368dfc9515c07791a5ff51a21f7a8904bc1698c3c9
otros_mucosas,ISIC_MUC_0083.jpg,c:\Users\elpro\Documents\Github\melanoma\imagenes\dataset_balanceado_1200_estructura_original\Otros\Mucosas\ISIC_MUC_0083.jpg,augmented_from_source,bright_1.107+contrast_1.108+color_0.956+sharp_1.018+crop_0.931,c:\Users\elpro\Documents\Github\melanoma\imagenes\IMAGENES DEMARTOLOGICAS\Otros\Mucosas\634melanom_oral42502.jpg,c8a236edc4590a4f6d1be8299b4c62ced90e37fce2224ce9705700396bd03d7f
otros_mucosas,ISIC_MUC_0084.jpg,c:\Users\elpro\Documents\Github\melanoma\imagenes\dataset_balanceado_1200_estructura_original\Otros\Mucosas\ISIC_MUC_0084.jpg,augmented_from_source,rot_270+bright_0.980+contrast_1.017+color_0.988+sharp_1.012+crop_0.948+blur_0.5,c:\Users\elpro\Documents\Github\melanoma\imagenes\IMAGENES DEMARTOLOGICAS\Otros\Mucosas\634melanom_oral42555.jpg,bbb6044e126df3ed3a2660ce45673f723c6bdf60e1f64bcc9bc429c48ab2572f
otros_mucosas,ISIC_MUC_0085.jpg,c:\Users\elpro\Documents\Github\melanoma\imagenes\dataset_balanceado_1200_estructura_original\Otros\Mucosas\ISIC_MUC_0085.jpg,augmented_from_source,rot_270+bright_1.087+contrast_0.954+color_1.033+sharp_1.055+crop_0.911,c:\Users\elpro\Documents\Github\melanoma\imagenes\IMAGENES DEMARTOLOGICAS\Otros\Mucosas\634melanom_oral42529.jpg,3356ded2b03e869d20a35d256a59e21c14cc30b8c6c2dc94f0ca7b76a6b19c0d
otros_mucosas,ISIC_MUC_0086.jpg,c:\Users\elpro\Documents\Github\melanoma\imagenes\dataset_balanceado_1200_estructura_original\Otros\Mucosas\ISIC_MUC_0086.jpg,augmented_from_source,rot_8+bright_1.008+contrast_1.053+color_0.949+sharp_1.118+crop_0.912,c:\Users\elpro\Documents\Github\melanoma\imagenes\IMAGENES DEMARTOLOGICAS\Otros\Mucosas\634melanom_oral42547.jpg,d32f642b48961bfb2d343d2a796d5a0618416bf454cbe252e81b6580f6551f57
otros_mucosas,ISIC_MUC_0087.jpg,c:\Users\elpro\Documents\Github\melanoma\imagenes\dataset_balanceado_1200_estructura_original\Otros\Mucosas\ISIC_MUC_0087.jpg,augmented_from_source,flip_h+rot_5+bright_1.059+contrast_1.077+color_1.022+sharp_1.098+crop_0.912+blur_0.5,c:\Users\elpro\Documents\Github\melanoma\imagenes\IMAGENES DEMARTOLOGICAS\Otros\Mucosas\634melanom_oral42590.jpg,0ecb1b3a179d1dbf17d8defb58af6959fbb10e5072af957a195cbb9e902bd70c
otros_mucosas,ISIC_MUC_0088.jpg,c:\Users\elpro\Documents\Github\melanoma\imagenes\dataset_balanceado_1200_estructura_original\Otros\Mucosas\ISIC_MUC_0088.jpg,augmented_from_source,flip_h+rot_12+bright_0.944+contrast_1.016+color_0.957+sharp_0.996+crop_0.955,c:\Users\elpro\Documents\Github\melanoma\imagenes\IMAGENES DEMARTOLOGICAS\Otros\Mucosas\original03-f2.jpg,fb20f24ae1f76f9ce416ab7cada586487dd2c08793ed0190181dfb8773b35629
otros_mucosas,ISIC_MUC_0089.jpg,c:\Users\elpro\Documents\Github\melanoma\imagenes\dataset_balanceado_1200_estructura_original\Otros\Mucosas\ISIC_MUC_0089.jpg,augmented_from_source,flip_h+rot_12+bright_0.993+contrast_1.036+color_0.949+sharp_1.027+crop_0.938,c:\Users\elpro\Documents\Github\melanoma\imagenes\IMAGENES DEMARTOLOGICAS\Otros\Mucosas\original03-f1.jpg,4f4c9fb4d6b8d9202f4b6ca9dc8c4949fe4a18d612ebd710db77348d9773802a
otros_mucosas,ISIC_MUC_0090.jpg,c:\Users\elpro\Documents\Github\melanoma\imagenes\dataset_balanceado_1200_estructura_original\Otros\Mucosas\ISIC_MUC_0090.jpg,augmented_from_source,flip_h+rot_-12+bright_1.108+contrast_0.933+color_1.027+sharp_0.991+crop_0.916,c:\Users\elpro\Documents\Github\melanoma\imagenes\IMAGENES DEMARTOLOGICAS\Otros\Mucosas\634melanom_oral425875.jpg,518138f0b6e644a87995252c3e764b40116e684080e16367cb389aad3b34f0e1
otros_mucosas,ISIC_MUC_0091.jpg,c:\Users\elpro\Documents\Github\melanoma\imagenes\dataset_balanceado_1200_estructura_original\Otros\Mucosas\ISIC_MUC_0091.jpg,augmented_from_source,flip_h+rot_5+bright_1.093+contrast_0.983+color_1.044+sharp_1.072+crop_0.966,c:\Users\elpro\Documents\Github\melanoma\imagenes\IMAGENES DEMARTOLOGICAS\Otros\Mucosas\634melanom_oral42576.jpg,d511aa7846a7b2a8426c148297d74d46e5a213e00ad562f3915600192d0d2322
otros_mucosas,ISIC_MUC_0092.jpg,c:\Users\elpro\Documents\Github\melanoma\imagenes\dataset_balanceado_1200_estructura_original\Otros\Mucosas\ISIC_MUC_0092.jpg,augmented_from_source,rot_8+bright_1.006+contrast_1.090+color_1.046+sharp_1.054+crop_0.936,c:\Users\elpro\Documents\Github\melanoma\imagenes\IMAGENES DEMARTOLOGICAS\Otros\Mucosas\634melanom_oral42556.jpg,d554fabb8bbc1e9f2a1d4494499f915bd0cfdba18885143a333baf51e7adc374
otros_mucosas,ISIC_MUC_0093.jpg,c:\Users\elpro\Documents\Github\melanoma\imagenes\dataset_balanceado_1200_estructura_original\Otros\Mucosas\ISIC_MUC_0093.jpg,augmented_from_source,bright_1.014+contrast_1.004+color_1.021+sharp_0.960+crop_0.923,c:\Users\elpro\Documents\Github\melanoma\imagenes\IMAGENES DEMARTOLOGICAS\Otros\Mucosas\634melanom_oral42522.jpg,fd8f51e33bcc2802fecdc483bff08902630c3700656669567074a89c18065703
otros_mucosas,ISIC_MUC_0094.jpg,c:\Users\elpro\Documents\Github\melanoma\imagenes\dataset_balanceado_1200_estructura_original\Otros\Mucosas\ISIC_MUC_0094.jpg,augmented_from_source,flip_h+flip_v+rot_-12+bright_1.027+contrast_0.893+color_1.003+sharp_0.978+crop_0.966,c:\Users\elpro\Documents\Github\melanoma\imagenes\IMAGENES DEMARTOLOGICAS\Otros\Mucosas\634melanom_oral42551.jpg,3ed8ca69e5caa59984d40fe6b31b0f1b65403507736e3a3758f4563d1e7b1627
otros_mucosas,ISIC_MUC_0095.jpg,c:\Users\elpro\Documents\Github\melanoma\imagenes\dataset_balanceado_1200_estructura_original\Otros\Mucosas\ISIC_MUC_0095.jpg,augmented_from_source,flip_h+rot_8+bright_0.912+contrast_0.979+color_0.992+sharp_0.986+crop_0.947,c:\Users\elpro\Documents\Github\melanoma\imagenes\IMAGENES DEMARTOLOGICAS\Otros\Mucosas\img0077.jpg,331eb4407d2f119bacd5d0bc76127c22d8c177fee021140d1e18654fd4433be4
otros_mucosas,ISIC_MUC_0096.jpg,c:\Users\elpro\Documents\Github\melanoma\imagenes\dataset_balanceado_1200_estructura_original\Otros\Mucosas\ISIC_MUC_0096.jpg,augmented_from_source,flip_h+rot_180+bright_1.052+contrast_0.910+color_0.938+sharp_1.040+crop_0.929,c:\Users\elpro\Documents\Github\melanoma\imagenes\IMAGENES DEMARTOLOGICAS\Otros\Mucosas\634melanom_oral42533.jpg,bdb97087ddde8493d308c1435fde933d18f380cf41acd75c0f752fc66bd3fb5f
otros_mucosas,ISIC_MUC_0097.jpg,c:\Users\elpro\Documents\Github\melanoma\imagenes\dataset_balanceado_1200_estructura_original\Otros\Mucosas\ISIC_MUC_0097.jpg,augmented_from_source,rot_180+bright_0.971+contrast_0.971+color_1.043+sharp_1.132+crop_0.945,c:\Users\elpro\Documents\Github\melanoma\imagenes\IMAGENES DEMARTOLOGICAS\Otros\Mucosas\634melanom_oral42511.jpg,1f61c0735808d2d8a9e44aaf1704cd8f0ec7a95df435159c911365d85b23182d
otros_mucosas,ISIC_MUC_0098.jpg,c:\Users\elpro\Documents\Github\melanoma\imagenes\dataset_balanceado_1200_estructura_original\Otros\Mucosas\ISIC_MUC_0098.jpg,augmented_from_source,flip_v+bright_0.981+contrast_0.954+color_1.043+sharp_1.039+crop_0.950,c:\Users\elpro\Documents\Github\melanoma\imagenes\IMAGENES DEMARTOLOGICAS\Otros\Mucosas\634melanom_oral42558.jpg,1c190538194f0bbafa9de79d8c8eb628c838dd581a7354e25e6ada8b505bd6c2
otros_mucosas,ISIC_MUC_0099.jpg,c:\Users\elpro\Documents\Github\melanoma\imagenes\dataset_balanceado_1200_estructura_original\Otros\Mucosas\ISIC_MUC_0099.jpg,augmented_from_source,flip_h+bright_0.990+contrast_1.085+color_1.007+sharp_0.951+crop_0.971,c:\Users\elpro\Documents\Github\melanoma\imagenes\IMAGENES DEMARTOLOGICAS\Otros\Mucosas\img0017.jpg,f8d25bf2c4618b5f8f80208ae08f700ea4fccf5c8c4847bf43c117a200ade011
otros_mucosas,ISIC_MUC_0100.jpg,c:\Users\elpro\Documents\Github\melanoma\imagenes\dataset_balanceado_1200_estructura_original\Otros\Mucosas\ISIC_MUC_0100.jpg,augmented_from_source,flip_h+rot_90+bright_1.024+contrast_0.882+color_1.061+sharp_1.006+crop_0.950,c:\Users\elpro\Documents\Github\melanoma\imagenes\IMAGENES DEMARTOLOGICAS\Otros\Mucosas\img0028.jpg,3fc2aef4c229e2026576fe63808e2c9c74f329d50315ba5712c02d220406dab6
otros_oculares,ISIC_OCU_0001.jpg,c:\Users\elpro\Documents\Github\melanoma\imagenes\dataset_balanceado_1200_estructura_original\Otros\Oculares\ISIC_OCU_0001.jpg,source,original,c:\Users\elpro\Documents\Github\melanoma\imagenes\IMAGENES DEMARTOLOGICAS\Otros\Oculares\yudims_74982398_ocualr3484.jpg,37debe008e1046d574e9f610270c1490719984919da8f0c186bea313d897463b
otros_oculares,ISIC_OCU_0002.jpg,c:\Users\elpro\Documents\Github\melanoma\imagenes\dataset_balanceado_1200_estructura_original\Otros\Oculares\ISIC_OCU_0002.jpg,source,original,c:\Users\elpro\Documents\Github\melanoma\imagenes\IMAGENES DEMARTOLOGICAS\Otros\Oculares\yudims_74982398_ocualr3438.jpg,234fbf822a56c3409933eeb7b8e9cbbbad8224a3337c17e03cec79ca867f3fe5
otros_oculares,ISIC_OCU_0003.jpg,c:\Users\elpro\Documents\Github\melanoma\imagenes\dataset_balanceado_1200_estructura_original\Otros\Oculares\ISIC_OCU_0003.jpg,source,original,c:\Users\elpro\Documents\Github\melanoma\imagenes\IMAGENES DEMARTOLOGICAS\Otros\Oculares\oc-images.jpg,16a3a50a6d3710156a1b28b10a03f2384c98766844765bd1d0bc8d910b640815
otros_oculares,ISIC_OCU_0004.jpg,c:\Users\elpro\Documents\Github\melanoma\imagenes\dataset_balanceado_1200_estructura_original\Otros\Oculares\ISIC_OCU_0004.jpg,source,original,c:\Users\elpro\Documents\Github\melanoma\imagenes\IMAGENES DEMARTOLOGICAS\Otros\Oculares\yudims_74982398_ocualr3437.jpg,3dfbecfd6e76e695a0d04925a0073296e09c6929852fe3b15c8cdb4ced8306b1
otros_oculares,ISIC_OCU_0005.jpg,c:\Users\elpro\Documents\Github\melanoma\imagenes\dataset_balanceado_1200_estructura_original\Otros\Oculares\ISIC_OCU_0005.jpg,source,original,c:\Users\elpro\Documents\Github\melanoma\imagenes\IMAGENES DEMARTOLOGICAS\Otros\Oculares\eyes-mel-images2.jpeg,6e69b831d60433c31cff3682aefffe7422add13f86e6c6787c525970edca60a5
otros_oculares,ISIC_OCU_0006.jpg,c:\Users\elpro\Documents\Github\melanoma\imagenes\dataset_balanceado_1200_estructura_original\Otros\Oculares\ISIC_OCU_0006.jpg,source,original,c:\Users\elpro\Documents\Github\melanoma\imagenes\IMAGENES DEMARTOLOGICAS\Otros\Oculares\melanoma-oc.jpg,5024aa52dc3a7d01e95e7f13fea1e2b6c220066d8ada04e0eb152e8bac8a6c66
otros_oculares,ISIC_OCU_0007.jpg,c:\Users\elpro\Documents\Github\melanoma\imagenes\dataset_balanceado_1200_estructura_original\Otros\Oculares\ISIC_OCU_0007.jpg,source,original,c:\Users\elpro\Documents\Github\melanoma\imagenes\IMAGENES DEMARTOLOGICAS\Otros\Oculares\yudims_74982398_ocualr3436.jpg,e18de0e32992051591ffda5f531e7fe2786e26c0fe41cdf9e2c7dd5e0e80fa53
otros_oculares,ISIC_OCU_0008.jpg,c:\Users\elpro\Documents\Github\melanoma\imagenes\dataset_balanceado_1200_estructura_original\Otros\Oculares\ISIC_OCU_0008.jpg,source,original,c:\Users\elpro\Documents\Github\melanoma\imagenes\IMAGENES DEMARTOLOGICAS\Otros\Oculares\eyelid-melanoma-3.jpg,75eb8a54e8009ad31a99e8268083eea874e2fd47316eb03dad931ba4297d6f64
otros_oculares,ISIC_OCU_0009.jpg,c:\Users\elpro\Documents\Github\melanoma\imagenes\dataset_balanceado_1200_estructura_original\Otros\Oculares\ISIC_OCU_0009.jpg,source,original,c:\Users\elpro\Documents\Github\melanoma\imagenes\IMAGENES DEMARTOLOGICAS\Otros\Oculares\eyes-mel-images.jpeg,10bc63413fe5a16146e64d653b515dac2bd1572cc278e7e853dce1dc8e58af07
otros_oculares,ISIC_OCU_0010.jpg,c:\Users\elpro\Documents\Github\melanoma\imagenes\dataset_balanceado_1200_estructura_original\Otros\Oculares\ISIC_OCU_0010.jpg,source,original,c:\Users\elpro\Documents\Github\melanoma\imagenes\IMAGENES DEMARTOLOGICAS\Otros\Oculares\yudims_74982398_ocualr3465.jpg,8b148b9885dde746e27ec7884bcd773f6f5859bc1580f09cf61ebf195a7a4a37
otros_oculares,ISIC_OCU_0011.jpg,c:\Users\elpro\Documents\Github\melanoma\imagenes\dataset_balanceado_1200_estructura_original\Otros\Oculares\ISIC_OCU_0011.jpg,source,original,c:\Users\elpro\Documents\Github\melanoma\imagenes\IMAGENES DEMARTOLOGICAS\Otros\Oculares\eyelid-melanoma-1.jpg,06586053d7140bcb40c1290545e78235162c8fb760d19977bb067fcabd962279
otros_oculares,ISIC_OCU_0012.jpg,c:\Users\elpro\Documents\Github\melanoma\imagenes\dataset_balanceado_1200_estructura_original\Otros\Oculares\ISIC_OCU_0012.jpg,source,original,c:\Users\elpro\Documents\Github\melanoma\imagenes\IMAGENES DEMARTOLOGICAS\Otros\Oculares\Melanoma-Ocular-2.jpg,43f410bc925f7f1be0342711c96da66e7565860d31fc843a76a3bfbeb4a6b203
otros_oculares,ISIC_OCU_0013.jpg,c:\Users\elpro\Documents\Github\melanoma\imagenes\dataset_balanceado_1200_estructura_original\Otros\Oculares\ISIC_OCU_0013.jpg,source,original,c:\Users\elpro\Documents\Github\melanoma\imagenes\IMAGENES DEMARTOLOGICAS\Otros\Oculares\yudims_74982398_ocualr3432.jpg,44c853425d14f7a7bb872f66baa5c9cb2c0137f99068a8c2e9525d0ca65f0ea4
otros_oculares,ISIC_OCU_0014.jpg,c:\Users\elpro\Documents\Github\melanoma\imagenes\dataset_balanceado_1200_estructura_original\Otros\Oculares\ISIC_OCU_0014.jpg,source,original,c:\Users\elpro\Documents\Github\melanoma\imagenes\IMAGENES DEMARTOLOGICAS\Otros\Oculares\yudims_74982398_ocualr3489.jpg,fffa1fde0b1b0aa756b62353b67ba7876227083f180c4d4d4a4a6566c062b645
otros_oculares,ISIC_OCU_0015.jpg,c:\Users\elpro\Documents\Github\melanoma\imagenes\dataset_balanceado_1200_estructura_original\Otros\Oculares\ISIC_OCU_0015.jpg,source,original,c:\Users\elpro\Documents\Github\melanoma\imagenes\IMAGENES DEMARTOLOGICAS\Otros\Oculares\yudims_74982398_ocualr3475.jpg,21ff7270bbfef3ecaa2c5c8e3d12ec69467a26e8726cb381eee1007822c05f1b
otros_oculares,ISIC_OCU_0016.jpg,c:\Users\elpro\Documents\Github\melanoma\imagenes\dataset_balanceado_1200_estructura_original\Otros\Oculares\ISIC_OCU_0016.jpg,source,original,c:\Users\elpro\Documents\Github\melanoma\imagenes\IMAGENES DEMARTOLOGICAS\Otros\Oculares\yudims_74982398_ocualr3433.jpg,452d12d90e8338a0e488f131fead138701494e2b174344a7a1d3c84172af4b77
otros_oculares,ISIC_OCU_0017.jpg,c:\Users\elpro\Documents\Github\melanoma\imagenes\dataset_balanceado_1200_estructura_original\Otros\Oculares\ISIC_OCU_0017.jpg,source,original,c:\Users\elpro\Documents\Github\melanoma\imagenes\IMAGENES DEMARTOLOGICAS\Otros\Oculares\yudims_74982398_ocualr385.jpg,71e12ae775b6434af2247901586d98aa94ebf6590c4433f346a76d71bf81d75c
otros_oculares,ISIC_OCU_0018.jpg,c:\Users\elpro\Documents\Github\melanoma\imagenes\dataset_balanceado_1200_estructura_original\Otros\Oculares\ISIC_OCU_0018.jpg,source,original,c:\Users\elpro\Documents\Github\melanoma\imagenes\IMAGENES DEMARTOLOGICAS\Otros\Oculares\eyes-mel-images3.jpeg,ab897c38e471c81d8ad2be0fc2d5c8b6bf57b74b1fc27300fd52f8ede1094f6a
otros_oculares,ISIC_OCU_0019.jpg,c:\Users\elpro\Documents\Github\melanoma\imagenes\dataset_balanceado_1200_estructura_original\Otros\Oculares\ISIC_OCU_0019.jpg,source,original,c:\Users\elpro\Documents\Github\melanoma\imagenes\IMAGENES DEMARTOLOGICAS\Otros\Oculares\yudims_74982398_ocualr3439.jpg,139a0e0e8a5ddfd665de3d942ffc15fcb27e6ada90f454b6a30ef0d0ab80e89f
otros_oculares,ISIC_OCU_0020.jpg,c:\Users\elpro\Documents\Github\melanoma\imagenes\dataset_balanceado_1200_estructura_original\Otros\Oculares\ISIC_OCU_0020.jpg,source,original,c:\Users\elpro\Documents\Github\melanoma\imagenes\IMAGENES DEMARTOLOGICAS\Otros\Oculares\m1310508-eye-cancer-spl-sized_es.jpg,3a51824e4dee3a27e0ac9ebe4c5ea85d3b303b93da80b9204d5a962f079456de
otros_oculares,ISIC_OCU_0021.jpg,c:\Users\elpro\Documents\Github\melanoma\imagenes\dataset_balanceado_1200_estructura_original\Otros\Oculares\ISIC_OCU_0021.jpg,source,original,c:\Users\elpro\Documents\Github\melanoma\imagenes\IMAGENES DEMARTOLOGICAS\Otros\Oculares\yudims_74982398_ocualr3435.jpg,fb281698cf9f1412d8387e68e9ee18e8453e39bc7b79d19a00d478dcee019046
otros_oculares,ISIC_OCU_0022.jpg,c:\Users\elpro\Documents\Github\melanoma\imagenes\dataset_balanceado_1200_estructura_original\Otros\Oculares\ISIC_OCU_0022.jpg,source,original,c:\Users\elpro\Documents\Github\melanoma\imagenes\IMAGENES DEMARTOLOGICAS\Otros\Oculares\eyelid-melanoma-4.jpg,a2b76bad110e9195620532ea85f75ef9fc28712a7b7616b46ac783400d31aadf
otros_oculares,ISIC_OCU_0023.jpg,c:\Users\elpro\Documents\Github\melanoma\imagenes\dataset_balanceado_1200_estructura_original\Otros\Oculares\ISIC_OCU_0023.jpg,source,original,c:\Users\elpro\Documents\Github\melanoma\imagenes\IMAGENES DEMARTOLOGICAS\Otros\Oculares\yudims_74982398_ocualr3434.jpg,dc5f0c60bfaf1a0aef552e1c6dabb32721349fc628853feab7858d6c38405c0f
otros_oculares,ISIC_OCU_0024.jpg,c:\Users\elpro\Documents\Github\melanoma\imagenes\dataset_balanceado_1200_estructura_original\Otros\Oculares\ISIC_OCU_0024.jpg,source,original,c:\Users\elpro\Documents\Github\melanoma\imagenes\IMAGENES DEMARTOLOGICAS\Otros\Oculares\yudims_74982398_ocualr34361.jpg,33b6a874fedb1a38533a985614740ff5ea6abf9340f78fa3a23948f78a5d50c8
otros_oculares,ISIC_OCU_0025.jpg,c:\Users\elpro\Documents\Github\melanoma\imagenes\dataset_balanceado_1200_estructura_original\Otros\Oculares\ISIC_OCU_0025.jpg,source,original,c:\Users\elpro\Documents\Github\melanoma\imagenes\IMAGENES DEMARTOLOGICAS\Otros\Oculares\yudims_74982398_ocualr3431.jpg,c59dbffedeb69c190f538b651d626158448e1a760ef342a74e6fd004b9042cb9
otros_oculares,ISIC_OCU_0026.jpg,c:\Users\elpro\Documents\Github\melanoma\imagenes\dataset_balanceado_1200_estructura_original\Otros\Oculares\ISIC_OCU_0026.jpg,source,original,c:\Users\elpro\Documents\Github\melanoma\imagenes\IMAGENES DEMARTOLOGICAS\Otros\Oculares\yudims_74982398_ocualr3464.jpg,4d5b071474be769a8bfffa0e9532fea84b01cd2dd68bdb52f028e05a2574d9b9
otros_oculares,ISIC_OCU_0027.jpg,c:\Users\elpro\Documents\Github\melanoma\imagenes\dataset_balanceado_1200_estructura_original\Otros\Oculares\ISIC_OCU_0027.jpg,source,original,c:\Users\elpro\Documents\Github\melanoma\imagenes\IMAGENES DEMARTOLOGICAS\Otros\Oculares\yudims_74982398_ocualr3493.jpg,799003db4d37e99cd9a6d806f29df3f208d3f1380242b0cae03e70f776d35d80
otros_oculares,ISIC_OCU_0028.jpg,c:\Users\elpro\Documents\Github\melanoma\imagenes\dataset_balanceado_1200_estructura_original\Otros\Oculares\ISIC_OCU_0028.jpg,source,original,c:\Users\elpro\Documents\Github\melanoma\imagenes\IMAGENES DEMARTOLOGICAS\Otros\Oculares\yudims_74982398_ocualr3458.jpg,4a60f66489bf73d146a88e3cd3c59526f79a2f3110a2ce61a7276b2be56d87bd
otros_oculares,ISIC_OCU_0029.jpg,c:\Users\elpro\Documents\Github\melanoma\imagenes\dataset_balanceado_1200_estructura_original\Otros\Oculares\ISIC_OCU_0029.jpg,source,original,c:\Users\elpro\Documents\Github\melanoma\imagenes\IMAGENES DEMARTOLOGICAS\Otros\Oculares\eyelid-melanoma-5.jpg,599bf44dbcda0184f24b3995f94bf72eeacd1732318b3faad51b098fdcc64927
otros_oculares,ISIC_OCU_0030.jpg,c:\Users\elpro\Documents\Github\melanoma\imagenes\dataset_balanceado_1200_estructura_original\Otros\Oculares\ISIC_OCU_0030.jpg,source,original,c:\Users\elpro\Documents\Github\melanoma\imagenes\IMAGENES DEMARTOLOGICAS\Otros\Oculares\melanoma-iris-oc.jpg,0a036bba928bd920f53f9385244709a2dca07d9082c03d2f8daf00160cfe80ac
otros_oculares,ISIC_OCU_0031.jpg,c:\Users\elpro\Documents\Github\melanoma\imagenes\dataset_balanceado_1200_estructura_original\Otros\Oculares\ISIC_OCU_0031.jpg,source,original,c:\Users\elpro\Documents\Github\melanoma\imagenes\IMAGENES DEMARTOLOGICAS\Otros\Oculares\eyes-mel-images4.jpeg,7eb93fe720fdaaca1600c729b72c79f896523743f347b1027f67e0cae012bb36
otros_oculares,ISIC_OCU_0032.jpg,c:\Users\elpro\Documents\Github\melanoma\imagenes\dataset_balanceado_1200_estructura_original\Otros\Oculares\ISIC_OCU_0032.jpg,source,original,c:\Users\elpro\Documents\Github\melanoma\imagenes\IMAGENES DEMARTOLOGICAS\Otros\Oculares\yudims_74982398_ocualr3456.jpg,fdb9e452b9295a38df375b98e6e592fb89ba779d14d2f4654ff19ea5a21ad884
otros_oculares,ISIC_OCU_0033.jpg,c:\Users\elpro\Documents\Github\melanoma\imagenes\dataset_balanceado_1200_estructura_original\Otros\Oculares\ISIC_OCU_0033.jpg,source,original,c:\Users\elpro\Documents\Github\melanoma\imagenes\IMAGENES DEMARTOLOGICAS\Otros\Oculares\yudims_74982398_ocualr3462.jpg,0a77125b2c6ac068da2b702240e44b6c91e1dadeba457fa44abf391f22c842e1
otros_oculares,ISIC_OCU_0034.jpg,c:\Users\elpro\Documents\Github\melanoma\imagenes\dataset_balanceado_1200_estructura_original\Otros\Oculares\ISIC_OCU_0034.jpg,source,original,c:\Users\elpro\Documents\Github\melanoma\imagenes\IMAGENES DEMARTOLOGICAS\Otros\Oculares\eyelid-melanoma-2.jpg,6819eb26fb0fe247b0bae237c6c8fac0a5e0a81809ce254f5d3d5279f52c93ff
otros_oculares,ISIC_OCU_0035.jpg,c:\Users\elpro\Documents\Github\melanoma\imagenes\dataset_balanceado_1200_estructura_original\Otros\Oculares\ISIC_OCU_0035.jpg,source,original,c:\Users\elpro\Documents\Github\melanoma\imagenes\IMAGENES DEMARTOLOGICAS\Otros\Oculares\ocular-mel-images.jpg,0d3223bb0aa258838ac1400b5a9bccb974f3ade85903283dff90ae56217ce8c7
otros_oculares,ISIC_OCU_0036.jpg,c:\Users\elpro\Documents\Github\melanoma\imagenes\dataset_balanceado_1200_estructura_original\Otros\Oculares\ISIC_OCU_0036.jpg,source,original,c:\Users\elpro\Documents\Github\melanoma\imagenes\IMAGENES DEMARTOLOGICAS\Otros\Oculares\yudims_74982398_ocualr34368.jpg,256297359b2231d7bfbf42bc7b6699ea5aef3980834216dcc936339f0fa5c498
otros_oculares,ISIC_OCU_0037.jpg,c:\Users\elpro\Documents\Github\melanoma\imagenes\dataset_balanceado_1200_estructura_original\Otros\Oculares\ISIC_OCU_0037.jpg,source,original,c:\Users\elpro\Documents\Github\melanoma\imagenes\IMAGENES DEMARTOLOGICAS\Otros\Oculares\yudims_74982398_ocualr34334.jpg,3641ad87778f1cb082d098ef0b2d6e1ae4b7cd00ea1c8a41dd0a605811c28a24
otros_oculares,ISIC_OCU_0038.jpg,c:\Users\elpro\Documents\Github\melanoma\imagenes\dataset_balanceado_1200_estructura_original\Otros\Oculares\ISIC_OCU_0038.jpg,augmented_from_source,flip_h+flip_v+rot_-12+bright_0.959+contrast_0.979+color_0.954+sharp_0.992+crop_0.905,c:\Users\elpro\Documents\Github\melanoma\imagenes\IMAGENES DEMARTOLOGICAS\Otros\Oculares\yudims_74982398_ocualr3484.jpg,37debe008e1046d574e9f610270c1490719984919da8f0c186bea313d897463b
otros_oculares,ISIC_OCU_0039.jpg,c:\Users\elpro\Documents\Github\melanoma\imagenes\dataset_balanceado_1200_estructura_original\Otros\Oculares\ISIC_OCU_0039.jpg,augmented_from_source,flip_h+rot_-12+bright_0.982+contrast_1.083+color_0.962+sharp_1.065+crop_0.950,c:\Users\elpro\Documents\Github\melanoma\imagenes\IMAGENES DEMARTOLOGICAS\Otros\Oculares\yudims_74982398_ocualr3438.jpg,234fbf822a56c3409933eeb7b8e9cbbbad8224a3337c17e03cec79ca867f3fe5
otros_oculares,ISIC_OCU_0040.jpg,c:\Users\elpro\Documents\Github\melanoma\imagenes\dataset_balanceado_1200_estructura_original\Otros\Oculares\ISIC_OCU_0040.jpg,augmented_from_source,rot_5+bright_1.074+contrast_1.092+color_0.957+sharp_1.008+crop_0.915,c:\Users\elpro\Documents\Github\melanoma\imagenes\IMAGENES DEMARTOLOGICAS\Otros\Oculares\oc-images.jpg,16a3a50a6d3710156a1b28b10a03f2384c98766844765bd1d0bc8d910b640815
otros_oculares,ISIC_OCU_0041.jpg,c:\Users\elpro\Documents\Github\melanoma\imagenes\dataset_balanceado_1200_estructura_original\Otros\Oculares\ISIC_OCU_0041.jpg,augmented_from_source,rot_270+bright_1.072+contrast_1.120+color_0.986+sharp_1.017+crop_0.945,c:\Users\elpro\Documents\Github\melanoma\imagenes\IMAGENES DEMARTOLOGICAS\Otros\Oculares\yudims_74982398_ocualr3437.jpg,3dfbecfd6e76e695a0d04925a0073296e09c6929852fe3b15c8cdb4ced8306b1
otros_oculares,ISIC_OCU_0042.jpg,c:\Users\elpro\Documents\Github\melanoma\imagenes\dataset_balanceado_1200_estructura_original\Otros\Oculares\ISIC_OCU_0042.jpg,augmented_from_source,rot_90+bright_0.954+contrast_1.002+color_0.972+sharp_0.951+crop_0.955,c:\Users\elpro\Documents\Github\melanoma\imagenes\IMAGENES DEMARTOLOGICAS\Otros\Oculares\eyes-mel-images2.jpeg,6e69b831d60433c31cff3682aefffe7422add13f86e6c6787c525970edca60a5
otros_oculares,ISIC_OCU_0043.jpg,c:\Users\elpro\Documents\Github\melanoma\imagenes\dataset_balanceado_1200_estructura_original\Otros\Oculares\ISIC_OCU_0043.jpg,augmented_from_source,flip_v+rot_180+bright_0.927+contrast_1.080+color_1.068+sharp_1.046+crop_0.938+blur_0.5,c:\Users\elpro\Documents\Github\melanoma\imagenes\IMAGENES DEMARTOLOGICAS\Otros\Oculares\melanoma-oc.jpg,5024aa52dc3a7d01e95e7f13fea1e2b6c220066d8ada04e0eb152e8bac8a6c66
otros_oculares,ISIC_OCU_0044.jpg,c:\Users\elpro\Documents\Github\melanoma\imagenes\dataset_balanceado_1200_estructura_original\Otros\Oculares\ISIC_OCU_0044.jpg,augmented_from_source,flip_h+rot_8+bright_1.095+contrast_0.991+color_1.050+sharp_1.136+crop_0.904,c:\Users\elpro\Documents\Github\melanoma\imagenes\IMAGENES DEMARTOLOGICAS\Otros\Oculares\yudims_74982398_ocualr3436.jpg,e18de0e32992051591ffda5f531e7fe2786e26c0fe41cdf9e2c7dd5e0e80fa53
otros_oculares,ISIC_OCU_0045.jpg,c:\Users\elpro\Documents\Github\melanoma\imagenes\dataset_balanceado_1200_estructura_original\Otros\Oculares\ISIC_OCU_0045.jpg,augmented_from_source,bright_0.930+contrast_1.045+color_1.048+sharp_1.128+crop_0.928,c:\Users\elpro\Documents\Github\melanoma\imagenes\IMAGENES DEMARTOLOGICAS\Otros\Oculares\eyelid-melanoma-3.jpg,75eb8a54e8009ad31a99e8268083eea874e2fd47316eb03dad931ba4297d6f64
otros_oculares,ISIC_OCU_0046.jpg,c:\Users\elpro\Documents\Github\melanoma\imagenes\dataset_balanceado_1200_estructura_original\Otros\Oculares\ISIC_OCU_0046.jpg,augmented_from_source,flip_h+rot_8+bright_1.082+contrast_1.017+color_0.982+sharp_1.069+crop_0.969,c:\Users\elpro\Documents\Github\melanoma\imagenes\IMAGENES DEMARTOLOGICAS\Otros\Oculares\eyes-mel-images.jpeg,10bc63413fe5a16146e64d653b515dac2bd1572cc278e7e853dce1dc8e58af07
otros_oculares,ISIC_OCU_0047.jpg,c:\Users\elpro\Documents\Github\melanoma\imagenes\dataset_balanceado_1200_estructura_original\Otros\Oculares\ISIC_OCU_0047.jpg,augmented_from_source,flip_h+flip_v+rot_270+bright_0.969+contrast_1.079+color_0.968+sharp_1.055+crop_0.914,c:\Users\elpro\Documents\Github\melanoma\imagenes\IMAGENES DEMARTOLOGICAS\Otros\Oculares\yudims_74982398_ocualr3465.jpg,8b148b9885dde746e27ec7884bcd773f6f5859bc1580f09cf61ebf195a7a4a37
otros_oculares,ISIC_OCU_0048.jpg,c:\Users\elpro\Documents\Github\melanoma\imagenes\dataset_balanceado_1200_estructura_original\Otros\Oculares\ISIC_OCU_0048.jpg,augmented_from_source,bright_1.072+contrast_1.097+color_0.945+sharp_1.018+crop_0.939,c:\Users\elpro\Documents\Github\melanoma\imagenes\IMAGENES DEMARTOLOGICAS\Otros\Oculares\eyelid-melanoma-1.jpg,06586053d7140bcb40c1290545e78235162c8fb760d19977bb067fcabd962279
otros_oculares,ISIC_OCU_0049.jpg,c:\Users\elpro\Documents\Github\melanoma\imagenes\dataset_balanceado_1200_estructura_original\Otros\Oculares\ISIC_OCU_0049.jpg,augmented_from_source,flip_h+rot_8+bright_1.042+contrast_0.912+color_1.036+sharp_1.042+crop_0.957+blur_0.5,c:\Users\elpro\Documents\Github\melanoma\imagenes\IMAGENES DEMARTOLOGICAS\Otros\Oculares\Melanoma-Ocular-2.jpg,43f410bc925f7f1be0342711c96da66e7565860d31fc843a76a3bfbeb4a6b203
otros_oculares,ISIC_OCU_0050.jpg,c:\Users\elpro\Documents\Github\melanoma\imagenes\dataset_balanceado_1200_estructura_original\Otros\Oculares\ISIC_OCU_0050.jpg,augmented_from_source,rot_12+bright_1.089+contrast_0.960+color_1.062+sharp_0.971+crop_0.961+blur_0.5,c:\Users\elpro\Documents\Github\melanoma\imagenes\IMAGENES DEMARTOLOGICAS\Otros\Oculares\yudims_74982398_ocualr3432.jpg,44c853425d14f7a7bb872f66baa5c9cb2c0137f99068a8c2e9525d0ca65f0ea4
otros_oculares,ISIC_OCU_0051.jpg,c:\Users\elpro\Documents\Github\melanoma\imagenes\dataset_balanceado_1200_estructura_original\Otros\Oculares\ISIC_OCU_0051.jpg,augmented_from_source,rot_270+bright_0.957+contrast_0.926+color_0.964+sharp_1.014+crop_0.935+blur_0.5,c:\Users\elpro\Documents\Github\melanoma\imagenes\IMAGENES DEMARTOLOGICAS\Otros\Oculares\yudims_74982398_ocualr3489.jpg,fffa1fde0b1b0aa756b62353b67ba7876227083f180c4d4d4a4a6566c062b645
otros_oculares,ISIC_OCU_0052.jpg,c:\Users\elpro\Documents\Github\melanoma\imagenes\dataset_balanceado_1200_estructura_original\Otros\Oculares\ISIC_OCU_0052.jpg,augmented_from_source,flip_h+flip_v+rot_12+bright_1.014+contrast_0.905+color_1.007+sharp_1.060+crop_0.922,c:\Users\elpro\Documents\Github\melanoma\imagenes\IMAGENES DEMARTOLOGICAS\Otros\Oculares\yudims_74982398_ocualr3475.jpg,21ff7270bbfef3ecaa2c5c8e3d12ec69467a26e8726cb381eee1007822c05f1b
otros_oculares,ISIC_OCU_0053.jpg,c:\Users\elpro\Documents\Github\melanoma\imagenes\dataset_balanceado_1200_estructura_original\Otros\Oculares\ISIC_OCU_0053.jpg,augmented_from_source,flip_h+flip_v+rot_12+bright_1.094+contrast_1.010+color_0.928+sharp_0.956+crop_0.972,c:\Users\elpro\Documents\Github\melanoma\imagenes\IMAGENES DEMARTOLOGICAS\Otros\Oculares\yudims_74982398_ocualr3433.jpg,452d12d90e8338a0e488f131fead138701494e2b174344a7a1d3c84172af4b77
otros_oculares,ISIC_OCU_0054.jpg,c:\Users\elpro\Documents\Github\melanoma\imagenes\dataset_balanceado_1200_estructura_original\Otros\Oculares\ISIC_OCU_0054.jpg,augmented_from_source,flip_h+rot_12+bright_1.094+contrast_1.031+color_1.030+sharp_1.039+crop_0.928,c:\Users\elpro\Documents\Github\melanoma\imagenes\IMAGENES DEMARTOLOGICAS\Otros\Oculares\yudims_74982398_ocualr385.jpg,71e12ae775b6434af2247901586d98aa94ebf6590c4433f346a76d71bf81d75c
otros_oculares,ISIC_OCU_0055.jpg,c:\Users\elpro\Documents\Github\melanoma\imagenes\dataset_balanceado_1200_estructura_original\Otros\Oculares\ISIC_OCU_0055.jpg,augmented_from_source,rot_90+bright_1.114+contrast_1.061+color_0.995+sharp_0.976+crop_0.965,c:\Users\elpro\Documents\Github\melanoma\imagenes\IMAGENES DEMARTOLOGICAS\Otros\Oculares\eyes-mel-images3.jpeg,ab897c38e471c81d8ad2be0fc2d5c8b6bf57b74b1fc27300fd52f8ede1094f6a
otros_oculares,ISIC_OCU_0056.jpg,c:\Users\elpro\Documents\Github\melanoma\imagenes\dataset_balanceado_1200_estructura_original\Otros\Oculares\ISIC_OCU_0056.jpg,augmented_from_source,rot_5+bright_0.993+contrast_1.107+color_0.943+sharp_1.129+crop_0.921,c:\Users\elpro\Documents\Github\melanoma\imagenes\IMAGENES DEMARTOLOGICAS\Otros\Oculares\yudims_74982398_ocualr3439.jpg,139a0e0e8a5ddfd665de3d942ffc15fcb27e6ada90f454b6a30ef0d0ab80e89f
otros_oculares,ISIC_OCU_0057.jpg,c:\Users\elpro\Documents\Github\melanoma\imagenes\dataset_balanceado_1200_estructura_original\Otros\Oculares\ISIC_OCU_0057.jpg,augmented_from_source,rot_-8+bright_0.989+contrast_0.887+color_0.996+sharp_1.020+crop_0.937,c:\Users\elpro\Documents\Github\melanoma\imagenes\IMAGENES DEMARTOLOGICAS\Otros\Oculares\m1310508-eye-cancer-spl-sized_es.jpg,3a51824e4dee3a27e0ac9ebe4c5ea85d3b303b93da80b9204d5a962f079456de
otros_oculares,ISIC_OCU_0058.jpg,c:\Users\elpro\Documents\Github\melanoma\imagenes\dataset_balanceado_1200_estructura_original\Otros\Oculares\ISIC_OCU_0058.jpg,augmented_from_source,flip_v+rot_90+bright_0.977+contrast_1.051+color_0.937+sharp_1.061+crop_0.906,c:\Users\elpro\Documents\Github\melanoma\imagenes\IMAGENES DEMARTOLOGICAS\Otros\Oculares\yudims_74982398_ocualr3435.jpg,fb281698cf9f1412d8387e68e9ee18e8453e39bc7b79d19a00d478dcee019046
otros_oculares,ISIC_OCU_0059.jpg,c:\Users\elpro\Documents\Github\melanoma\imagenes\dataset_balanceado_1200_estructura_original\Otros\Oculares\ISIC_OCU_0059.jpg,augmented_from_source,flip_v+rot_270+bright_1.012+contrast_1.114+color_0.981+sharp_1.018+crop_0.965,c:\Users\elpro\Documents\Github\melanoma\imagenes\IMAGENES DEMARTOLOGICAS\Otros\Oculares\eyelid-melanoma-4.jpg,a2b76bad110e9195620532ea85f75ef9fc28712a7b7616b46ac783400d31aadf
otros_oculares,ISIC_OCU_0060.jpg,c:\Users\elpro\Documents\Github\melanoma\imagenes\dataset_balanceado_1200_estructura_original\Otros\Oculares\ISIC_OCU_0060.jpg,augmented_from_source,flip_h+rot_8+bright_1.047+contrast_0.922+color_1.027+sharp_1.098+crop_0.957+blur_0.5,c:\Users\elpro\Documents\Github\melanoma\imagenes\IMAGENES DEMARTOLOGICAS\Otros\Oculares\yudims_74982398_ocualr3434.jpg,dc5f0c60bfaf1a0aef552e1c6dabb32721349fc628853feab7858d6c38405c0f
otros_oculares,ISIC_OCU_0061.jpg,c:\Users\elpro\Documents\Github\melanoma\imagenes\dataset_balanceado_1200_estructura_original\Otros\Oculares\ISIC_OCU_0061.jpg,augmented_from_source,rot_90+bright_1.077+contrast_0.922+color_1.073+sharp_0.964+crop_0.909,c:\Users\elpro\Documents\Github\melanoma\imagenes\IMAGENES DEMARTOLOGICAS\Otros\Oculares\yudims_74982398_ocualr34361.jpg,33b6a874fedb1a38533a985614740ff5ea6abf9340f78fa3a23948f78a5d50c8
otros_oculares,ISIC_OCU_0062.jpg,c:\Users\elpro\Documents\Github\melanoma\imagenes\dataset_balanceado_1200_estructura_original\Otros\Oculares\ISIC_OCU_0062.jpg,augmented_from_source,flip_v+rot_180+bright_1.093+contrast_1.097+color_1.022+sharp_0.950+crop_0.912,c:\Users\elpro\Documents\Github\melanoma\imagenes\IMAGENES DEMARTOLOGICAS\Otros\Oculares\yudims_74982398_ocualr3431.jpg,c59dbffedeb69c190f538b651d626158448e1a760ef342a74e6fd004b9042cb9
otros_oculares,ISIC_OCU_0063.jpg,c:\Users\elpro\Documents\Github\melanoma\imagenes\dataset_balanceado_1200_estructura_original\Otros\Oculares\ISIC_OCU_0063.jpg,augmented_from_source,flip_h+rot_270+bright_0.929+contrast_1.091+color_0.968+sharp_1.109+crop_0.954,c:\Users\elpro\Documents\Github\melanoma\imagenes\IMAGENES DEMARTOLOGICAS\Otros\Oculares\yudims_74982398_ocualr3464.jpg,4d5b071474be769a8bfffa0e9532fea84b01cd2dd68bdb52f028e05a2574d9b9
otros_oculares,ISIC_OCU_0064.jpg,c:\Users\elpro\Documents\Github\melanoma\imagenes\dataset_balanceado_1200_estructura_original\Otros\Oculares\ISIC_OCU_0064.jpg,augmented_from_source,rot_8+bright_0.977+contrast_0.911+color_0.967+sharp_1.024+crop_0.944,c:\Users\elpro\Documents\Github\melanoma\imagenes\IMAGENES DEMARTOLOGICAS\Otros\Oculares\yudims_74982398_ocualr3493.jpg,799003db4d37e99cd9a6d806f29df3f208d3f1380242b0cae03e70f776d35d80
otros_oculares,ISIC_OCU_0065.jpg,c:\Users\elpro\Documents\Github\melanoma\imagenes\dataset_balanceado_1200_estructura_original\Otros\Oculares\ISIC_OCU_0065.jpg,augmented_from_source,rot_-12+bright_1.088+contrast_0.936+color_1.032+sharp_1.029+crop_0.925,c:\Users\elpro\Documents\Github\melanoma\imagenes\IMAGENES DEMARTOLOGICAS\Otros\Oculares\yudims_74982398_ocualr3458.jpg,4a60f66489bf73d146a88e3cd3c59526f79a2f3110a2ce61a7276b2be56d87bd
otros_oculares,ISIC_OCU_0066.jpg,c:\Users\elpro\Documents\Github\melanoma\imagenes\dataset_balanceado_1200_estructura_original\Otros\Oculares\ISIC_OCU_0066.jpg,augmented_from_source,rot_5+bright_0.913+contrast_1.013+color_1.055+sharp_1.022+crop_0.933+blur_0.5,c:\Users\elpro\Documents\Github\melanoma\imagenes\IMAGENES DEMARTOLOGICAS\Otros\Oculares\eyelid-melanoma-5.jpg,599bf44dbcda0184f24b3995f94bf72eeacd1732318b3faad51b098fdcc64927
otros_oculares,ISIC_OCU_0067.jpg,c:\Users\elpro\Documents\Github\melanoma\imagenes\dataset_balanceado_1200_estructura_original\Otros\Oculares\ISIC_OCU_0067.jpg,augmented_from_source,flip_h+flip_v+rot_5+bright_1.038+contrast_1.114+color_0.942+sharp_0.977+crop_0.964,c:\Users\elpro\Documents\Github\melanoma\imagenes\IMAGENES DEMARTOLOGICAS\Otros\Oculares\melanoma-iris-oc.jpg,0a036bba928bd920f53f9385244709a2dca07d9082c03d2f8daf00160cfe80ac
otros_oculares,ISIC_OCU_0068.jpg,c:\Users\elpro\Documents\Github\melanoma\imagenes\dataset_balanceado_1200_estructura_original\Otros\Oculares\ISIC_OCU_0068.jpg,augmented_from_source,flip_h+rot_5+bright_0.972+contrast_0.934+color_0.988+sharp_0.951+crop_0.940,c:\Users\elpro\Documents\Github\melanoma\imagenes\IMAGENES DEMARTOLOGICAS\Otros\Oculares\eyes-mel-images4.jpeg,7eb93fe720fdaaca1600c729b72c79f896523743f347b1027f67e0cae012bb36
otros_oculares,ISIC_OCU_0069.jpg,c:\Users\elpro\Documents\Github\melanoma\imagenes\dataset_balanceado_1200_estructura_original\Otros\Oculares\ISIC_OCU_0069.jpg,augmented_from_source,flip_h+rot_12+bright_0.968+contrast_1.115+color_1.011+sharp_1.091+crop_0.909+blur_0.5,c:\Users\elpro\Documents\Github\melanoma\imagenes\IMAGENES DEMARTOLOGICAS\Otros\Oculares\yudims_74982398_ocualr3456.jpg,fdb9e452b9295a38df375b98e6e592fb89ba779d14d2f4654ff19ea5a21ad884
otros_oculares,ISIC_OCU_0070.jpg,c:\Users\elpro\Documents\Github\melanoma\imagenes\dataset_balanceado_1200_estructura_original\Otros\Oculares\ISIC_OCU_0070.jpg,augmented_from_source,rot_-12+bright_0.992+contrast_0.899+color_1.062+sharp_0.968+crop_0.938,c:\Users\elpro\Documents\Github\melanoma\imagenes\IMAGENES DEMARTOLOGICAS\Otros\Oculares\yudims_74982398_ocualr3462.jpg,0a77125b2c6ac068da2b702240e44b6c91e1dadeba457fa44abf391f22c842e1
otros_oculares,ISIC_OCU_0071.jpg,c:\Users\elpro\Documents\Github\melanoma\imagenes\dataset_balanceado_1200_estructura_original\Otros\Oculares\ISIC_OCU_0071.jpg,augmented_from_source,bright_1.097+contrast_1.008+color_0.922+sharp_1.041+crop_0.972,c:\Users\elpro\Documents\Github\melanoma\imagenes\IMAGENES DEMARTOLOGICAS\Otros\Oculares\eyelid-melanoma-2.jpg,6819eb26fb0fe247b0bae237c6c8fac0a5e0a81809ce254f5d3d5279f52c93ff
otros_oculares,ISIC_OCU_0072.jpg,c:\Users\elpro\Documents\Github\melanoma\imagenes\dataset_balanceado_1200_estructura_original\Otros\Oculares\ISIC_OCU_0072.jpg,augmented_from_source,flip_h+rot_-12+bright_0.949+contrast_0.888+color_1.068+sharp_1.100+crop_0.958+blur_0.5,c:\Users\elpro\Documents\Github\melanoma\imagenes\IMAGENES DEMARTOLOGICAS\Otros\Oculares\ocular-mel-images.jpg,0d3223bb0aa258838ac1400b5a9bccb974f3ade85903283dff90ae56217ce8c7
otros_oculares,ISIC_OCU_0073.jpg,c:\Users\elpro\Documents\Github\melanoma\imagenes\dataset_balanceado_1200_estructura_original\Otros\Oculares\ISIC_OCU_0073.jpg,augmented_from_source,flip_h+flip_v+bright_1.038+contrast_0.950+color_1.038+sharp_0.955+crop_0.939+blur_0.5,c:\Users\elpro\Documents\Github\melanoma\imagenes\IMAGENES DEMARTOLOGICAS\Otros\Oculares\yudims_74982398_ocualr34368.jpg,256297359b2231d7bfbf42bc7b6699ea5aef3980834216dcc936339f0fa5c498
otros_oculares,ISIC_OCU_0074.jpg,c:\Users\elpro\Documents\Github\melanoma\imagenes\dataset_balanceado_1200_estructura_original\Otros\Oculares\ISIC_OCU_0074.jpg,augmented_from_source,rot_12+bright_0.947+contrast_1.086+color_0.922+sharp_0.972+crop_0.914,c:\Users\elpro\Documents\Github\melanoma\imagenes\IMAGENES DEMARTOLOGICAS\Otros\Oculares\yudims_74982398_ocualr34334.jpg,3641ad87778f1cb082d098ef0b2d6e1ae4b7cd00ea1c8a41dd0a605811c28a24
otros_oculares,ISIC_OCU_0075.jpg,c:\Users\elpro\Documents\Github\melanoma\imagenes\dataset_balanceado_1200_estructura_original\Otros\Oculares\ISIC_OCU_0075.jpg,augmented_from_source,flip_h+flip_v+rot_270+bright_0.996+contrast_1.072+color_1.058+sharp_1.019+crop_0.907,c:\Users\elpro\Documents\Github\melanoma\imagenes\IMAGENES DEMARTOLOGICAS\Otros\Oculares\yudims_74982398_ocualr3484.jpg,37debe008e1046d574e9f610270c1490719984919da8f0c186bea313d897463b
otros_oculares,ISIC_OCU_0076.jpg,c:\Users\elpro\Documents\Github\melanoma\imagenes\dataset_balanceado_1200_estructura_original\Otros\Oculares\ISIC_OCU_0076.jpg,augmented_from_source,rot_-5+bright_0.937+contrast_0.986+color_1.022+sharp_0.992+crop_0.959,c:\Users\elpro\Documents\Github\melanoma\imagenes\IMAGENES DEMARTOLOGICAS\Otros\Oculares\yudims_74982398_ocualr3438.jpg,234fbf822a56c3409933eeb7b8e9cbbbad8224a3337c17e03cec79ca867f3fe5
otros_oculares,ISIC_OCU_0077.jpg,c:\Users\elpro\Documents\Github\melanoma\imagenes\dataset_balanceado_1200_estructura_original\Otros\Oculares\ISIC_OCU_0077.jpg,augmented_from_source,flip_v+rot_180+bright_0.991+contrast_0.994+color_0.996+sharp_1.140+crop_0.974,c:\Users\elpro\Documents\Github\melanoma\imagenes\IMAGENES DEMARTOLOGICAS\Otros\Oculares\oc-images.jpg,16a3a50a6d3710156a1b28b10a03f2384c98766844765bd1d0bc8d910b640815
otros_oculares,ISIC_OCU_0078.jpg,c:\Users\elpro\Documents\Github\melanoma\imagenes\dataset_balanceado_1200_estructura_original\Otros\Oculares\ISIC_OCU_0078.jpg,augmented_from_source,flip_h+rot_8+bright_1.089+contrast_0.883+color_1.068+sharp_1.040+crop_0.954+blur_0.5,c:\Users\elpro\Documents\Github\melanoma\imagenes\IMAGENES DEMARTOLOGICAS\Otros\Oculares\yudims_74982398_ocualr3437.jpg,3dfbecfd6e76e695a0d04925a0073296e09c6929852fe3b15c8cdb4ced8306b1
otros_oculares,ISIC_OCU_0079.jpg,c:\Users\elpro\Documents\Github\melanoma\imagenes\dataset_balanceado_1200_estructura_original\Otros\Oculares\ISIC_OCU_0079.jpg,augmented_from_source,rot_-5+bright_1.027+contrast_1.036+color_0.964+sharp_1.004+crop_0.964,c:\Users\elpro\Documents\Github\melanoma\imagenes\IMAGENES DEMARTOLOGICAS\Otros\Oculares\eyes-mel-images2.jpeg,6e69b831d60433c31cff3682aefffe7422add13f86e6c6787c525970edca60a5
otros_oculares,ISIC_OCU_0080.jpg,c:\Users\elpro\Documents\Github\melanoma\imagenes\dataset_balanceado_1200_estructura_original\Otros\Oculares\ISIC_OCU_0080.jpg,augmented_from_source,flip_h+rot_270+bright_1.056+contrast_1.021+color_0.951+sharp_1.017+crop_0.955,c:\Users\elpro\Documents\Github\melanoma\imagenes\IMAGENES DEMARTOLOGICAS\Otros\Oculares\melanoma-oc.jpg,5024aa52dc3a7d01e95e7f13fea1e2b6c220066d8ada04e0eb152e8bac8a6c66
otros_oculares,ISIC_OCU_0081.jpg,c:\Users\elpro\Documents\Github\melanoma\imagenes\dataset_balanceado_1200_estructura_original\Otros\Oculares\ISIC_OCU_0081.jpg,augmented_from_source,bright_0.979+contrast_1.006+color_1.030+sharp_1.020+crop_0.958+blur_0.5,c:\Users\elpro\Documents\Github\melanoma\imagenes\IMAGENES DEMARTOLOGICAS\Otros\Oculares\yudims_74982398_ocualr3436.jpg,e18de0e32992051591ffda5f531e7fe2786e26c0fe41cdf9e2c7dd5e0e80fa53
otros_oculares,ISIC_OCU_0082.jpg,c:\Users\elpro\Documents\Github\melanoma\imagenes\dataset_balanceado_1200_estructura_original\Otros\Oculares\ISIC_OCU_0082.jpg,augmented_from_source,flip_v+rot_12+bright_1.038+contrast_1.081+color_1.072+sharp_1.078+crop_0.957,c:\Users\elpro\Documents\Github\melanoma\imagenes\IMAGENES DEMARTOLOGICAS\Otros\Oculares\eyelid-melanoma-3.jpg,75eb8a54e8009ad31a99e8268083eea874e2fd47316eb03dad931ba4297d6f64
otros_oculares,ISIC_OCU_0083.jpg,c:\Users\elpro\Documents\Github\melanoma\imagenes\dataset_balanceado_1200_estructura_original\Otros\Oculares\ISIC_OCU_0083.jpg,augmented_from_source,flip_h+rot_12+bright_1.073+contrast_0.924+color_0.938+sharp_0.987+crop_0.924,c:\Users\elpro\Documents\Github\melanoma\imagenes\IMAGENES DEMARTOLOGICAS\Otros\Oculares\eyes-mel-images.jpeg,10bc63413fe5a16146e64d653b515dac2bd1572cc278e7e853dce1dc8e58af07
otros_oculares,ISIC_OCU_0084.jpg,c:\Users\elpro\Documents\Github\melanoma\imagenes\dataset_balanceado_1200_estructura_original\Otros\Oculares\ISIC_OCU_0084.jpg,augmented_from_source,rot_-8+bright_0.942+contrast_1.067+color_0.964+sharp_0.962+crop_0.931,c:\Users\elpro\Documents\Github\melanoma\imagenes\IMAGENES DEMARTOLOGICAS\Otros\Oculares\yudims_74982398_ocualr3465.jpg,8b148b9885dde746e27ec7884bcd773f6f5859bc1580f09cf61ebf195a7a4a37
otros_oculares,ISIC_OCU_0085.jpg,c:\Users\elpro\Documents\Github\melanoma\imagenes\dataset_balanceado_1200_estructura_original\Otros\Oculares\ISIC_OCU_0085.jpg,augmented_from_source,flip_h+rot_5+bright_1.115+contrast_0.928+color_0.983+sharp_1.079+crop_0.909,c:\Users\elpro\Documents\Github\melanoma\imagenes\IMAGENES DEMARTOLOGICAS\Otros\Oculares\eyelid-melanoma-1.jpg,06586053d7140bcb40c1290545e78235162c8fb760d19977bb067fcabd962279
otros_oculares,ISIC_OCU_0086.jpg,c:\Users\elpro\Documents\Github\melanoma\imagenes\dataset_balanceado_1200_estructura_original\Otros\Oculares\ISIC_OCU_0086.jpg,augmented_from_source,rot_-12+bright_0.905+contrast_0.898+color_1.011+sharp_1.000+crop_0.936,c:\Users\elpro\Documents\Github\melanoma\imagenes\IMAGENES DEMARTOLOGICAS\Otros\Oculares\Melanoma-Ocular-2.jpg,43f410bc925f7f1be0342711c96da66e7565860d31fc843a76a3bfbeb4a6b203
otros_oculares,ISIC_OCU_0087.jpg,c:\Users\elpro\Documents\Github\melanoma\imagenes\dataset_balanceado_1200_estructura_original\Otros\Oculares\ISIC_OCU_0087.jpg,augmented_from_source,flip_h+flip_v+rot_-5+bright_0.944+contrast_1.048+color_1.065+sharp_1.065+crop_0.941,c:\Users\elpro\Documents\Github\melanoma\imagenes\IMAGENES DEMARTOLOGICAS\Otros\Oculares\yudims_74982398_ocualr3432.jpg,44c853425d14f7a7bb872f66baa5c9cb2c0137f99068a8c2e9525d0ca65f0ea4
otros_oculares,ISIC_OCU_0088.jpg,c:\Users\elpro\Documents\Github\melanoma\imagenes\dataset_balanceado_1200_estructura_original\Otros\Oculares\ISIC_OCU_0088.jpg,augmented_from_source,rot_90+bright_1.010+contrast_0.881+color_1.073+sharp_1.114+crop_0.939,c:\Users\elpro\Documents\Github\melanoma\imagenes\IMAGENES DEMARTOLOGICAS\Otros\Oculares\yudims_74982398_ocualr3489.jpg,fffa1fde0b1b0aa756b62353b67ba7876227083f180c4d4d4a4a6566c062b645
otros_oculares,ISIC_OCU_0089.jpg,c:\Users\elpro\Documents\Github\melanoma\imagenes\dataset_balanceado_1200_estructura_original\Otros\Oculares\ISIC_OCU_0089.jpg,augmented_from_source,flip_h+rot_90+bright_0.968+contrast_1.085+color_0.974+sharp_1.118+crop_0.961,c:\Users\elpro\Documents\Github\melanoma\imagenes\IMAGENES DEMARTOLOGICAS\Otros\Oculares\yudims_74982398_ocualr3475.jpg,21ff7270bbfef3ecaa2c5c8e3d12ec69467a26e8726cb381eee1007822c05f1b
otros_oculares,ISIC_OCU_0090.jpg,c:\Users\elpro\Documents\Github\melanoma\imagenes\dataset_balanceado_1200_estructura_original\Otros\Oculares\ISIC_OCU_0090.jpg,augmented_from_source,flip_h+rot_270+bright_0.952+contrast_0.974+color_0.937+sharp_1.088+crop_0.939,c:\Users\elpro\Documents\Github\melanoma\imagenes\IMAGENES DEMARTOLOGICAS\Otros\Oculares\yudims_74982398_ocualr3433.jpg,452d12d90e8338a0e488f131fead138701494e2b174344a7a1d3c84172af4b77
otros_oculares,ISIC_OCU_0091.jpg,c:\Users\elpro\Documents\Github\melanoma\imagenes\dataset_balanceado_1200_estructura_original\Otros\Oculares\ISIC_OCU_0091.jpg,augmented_from_source,flip_h+flip_v+rot_12+bright_0.937+contrast_0.973+color_1.047+sharp_1.079+crop_0.940+blur_0.5,c:\Users\elpro\Documents\Github\melanoma\imagenes\IMAGENES DEMARTOLOGICAS\Otros\Oculares\yudims_74982398_ocualr385.jpg,71e12ae775b6434af2247901586d98aa94ebf6590c4433f346a76d71bf81d75c
otros_oculares,ISIC_OCU_0092.jpg,c:\Users\elpro\Documents\Github\melanoma\imagenes\dataset_balanceado_1200_estructura_original\Otros\Oculares\ISIC_OCU_0092.jpg,augmented_from_source,flip_h+bright_0.977+contrast_0.931+color_1.025+sharp_1.055+crop_0.975,c:\Users\elpro\Documents\Github\melanoma\imagenes\IMAGENES DEMARTOLOGICAS\Otros\Oculares\eyes-mel-images3.jpeg,ab897c38e471c81d8ad2be0fc2d5c8b6bf57b74b1fc27300fd52f8ede1094f6a
otros_oculares,ISIC_OCU_0093.jpg,c:\Users\elpro\Documents\Github\melanoma\imagenes\dataset_balanceado_1200_estructura_original\Otros\Oculares\ISIC_OCU_0093.jpg,augmented_from_source,flip_h+flip_v+rot_180+bright_0.997+contrast_0.885+color_1.065+sharp_1.074+crop_0.919+blur_0.5,c:\Users\elpro\Documents\Github\melanoma\imagenes\IMAGENES DEMARTOLOGICAS\Otros\Oculares\yudims_74982398_ocualr3439.jpg,139a0e0e8a5ddfd665de3d942ffc15fcb27e6ada90f454b6a30ef0d0ab80e89f
otros_oculares,ISIC_OCU_0094.jpg,c:\Users\elpro\Documents\Github\melanoma\imagenes\dataset_balanceado_1200_estructura_original\Otros\Oculares\ISIC_OCU_0094.jpg,augmented_from_source,rot_90+bright_0.989+contrast_0.921+color_1.015+sharp_1.114+crop_0.909+blur_0.5,c:\Users\elpro\Documents\Github\melanoma\imagenes\IMAGENES DEMARTOLOGICAS\Otros\Oculares\m1310508-eye-cancer-spl-sized_es.jpg,3a51824e4dee3a27e0ac9ebe4c5ea85d3b303b93da80b9204d5a962f079456de
otros_oculares,ISIC_OCU_0095.jpg,c:\Users\elpro\Documents\Github\melanoma\imagenes\dataset_balanceado_1200_estructura_original\Otros\Oculares\ISIC_OCU_0095.jpg,augmented_from_source,flip_h+rot_-5+bright_0.958+contrast_1.114+color_1.012+sharp_0.977+crop_0.967,c:\Users\elpro\Documents\Github\melanoma\imagenes\IMAGENES DEMARTOLOGICAS\Otros\Oculares\yudims_74982398_ocualr3435.jpg,fb281698cf9f1412d8387e68e9ee18e8453e39bc7b79d19a00d478dcee019046
otros_oculares,ISIC_OCU_0096.jpg,c:\Users\elpro\Documents\Github\melanoma\imagenes\dataset_balanceado_1200_estructura_original\Otros\Oculares\ISIC_OCU_0096.jpg,augmented_from_source,flip_h+flip_v+rot_180+bright_1.062+contrast_0.920+color_0.979+sharp_0.983+crop_0.919+blur_0.5,c:\Users\elpro\Documents\Github\melanoma\imagenes\IMAGENES DEMARTOLOGICAS\Otros\Oculares\eyelid-melanoma-4.jpg,a2b76bad110e9195620532ea85f75ef9fc28712a7b7616b46ac783400d31aadf
otros_oculares,ISIC_OCU_0097.jpg,c:\Users\elpro\Documents\Github\melanoma\imagenes\dataset_balanceado_1200_estructura_original\Otros\Oculares\ISIC_OCU_0097.jpg,augmented_from_source,rot_-5+bright_1.067+contrast_0.884+color_0.998+sharp_0.951+crop_0.914,c:\Users\elpro\Documents\Github\melanoma\imagenes\IMAGENES DEMARTOLOGICAS\Otros\Oculares\yudims_74982398_ocualr3434.jpg,dc5f0c60bfaf1a0aef552e1c6dabb32721349fc628853feab7858d6c38405c0f
otros_oculares,ISIC_OCU_0098.jpg,c:\Users\elpro\Documents\Github\melanoma\imagenes\dataset_balanceado_1200_estructura_original\Otros\Oculares\ISIC_OCU_0098.jpg,augmented_from_source,rot_5+bright_1.046+contrast_0.929+color_1.022+sharp_1.055+crop_0.933,c:\Users\elpro\Documents\Github\melanoma\imagenes\IMAGENES DEMARTOLOGICAS\Otros\Oculares\yudims_74982398_ocualr34361.jpg,33b6a874fedb1a38533a985614740ff5ea6abf9340f78fa3a23948f78a5d50c8
otros_oculares,ISIC_OCU_0099.jpg,c:\Users\elpro\Documents\Github\melanoma\imagenes\dataset_balanceado_1200_estructura_original\Otros\Oculares\ISIC_OCU_0099.jpg,augmented_from_source,rot_12+bright_1.108+contrast_1.031+color_1.045+sharp_1.020+crop_0.900+blur_0.5,c:\Users\elpro\Documents\Github\melanoma\imagenes\IMAGENES DEMARTOLOGICAS\Otros\Oculares\yudims_74982398_ocualr3431.jpg,c59dbffedeb69c190f538b651d626158448e1a760ef342a74e6fd004b9042cb9
otros_oculares,ISIC_OCU_0100.jpg,c:\Users\elpro\Documents\Github\melanoma\imagenes\dataset_balanceado_1200_estructura_original\Otros\Oculares\ISIC_OCU_0100.jpg,augmented_from_source,flip_v+rot_-8+bright_1.087+contrast_1.117+color_1.001+sharp_1.043+crop_0.950+blur_0.5,c:\Users\elpro\Documents\Github\melanoma\imagenes\IMAGENES DEMARTOLOGICAS\Otros\Oculares\yudims_74982398_ocualr3464.jpg,4d5b071474be769a8bfffa0e9532fea84b01cd2dd68bdb52f028e05a2574d9b9
